Order ID,Date,Customer ID,Product,Category,Store,Region,Quantity,Unit Price,Discount,Unit Cost,Revenue,Cost,Profit
ORD00001,2024-04-12,C0215,Printer,Office,Quatre Bornes,West,2,9500,0.05,6199.14,18050.0,12398.28,5651.72
ORD00002,2024-11-26,C0344,Wireless Headphones,Accessories,Curepipe,South,1,6500,0.05,3659.34,6175.0,3659.34,2515.66
ORD00003,2025-05-06,C0236,Office Lamp,Office,Black River,West,1,1800,0.0,1207.25,1800.0,1207.25,592.75
ORD00004,2025-07-14,C0446,USB-C Hub,Accessories,Curepipe,South,1,1800,0.15,1086.37,1530.0,1086.37,443.63
ORD00005,2025-11-17,C0135,Office Chair,Furniture,Centre de Flacq,East,4,8500,0.0,6356.18,34000.0,25424.72,8575.28
ORD00006,2024-01-21,C0346,Wireless Headphones,Accessories,Mahebourg,South,3,6500,0.05,4151.2,18525.0,12453.6,6071.4
ORD00007,2025-07-18,C0206,Office Lamp,Office,Pamplemousses,North,1,1800,0.0,1004.24,1800.0,1004.24,795.76
ORD00008,2024-03-21,C0310,Wireless Headphones,Accessories,Pamplemousses,North,1,6500,0.0,4392.33,6500.0,4392.33,2107.67
ORD00009,2025-04-21,C0304,Office Lamp,Office,Black River,West,3,1800,0.1,1237.53,4860.0,3712.59,1147.41
ORD00010,2024-09-27,C0338,Office Lamp,Office,Port Louis,North,1,1800,0.0,1150.91,1800.0,1150.91,649.09
ORD00011,2024-02-22,C0301,Office Lamp,Office,Flacq,East,1,1800,0.0,1112.66,1800.0,1112.66,687.34
ORD00012,2024-03-05,C0499,Standing Desk,Furniture,Port Louis,North,1,15000,0.0,8298.58,15000.0,8298.58,6701.42
ORD00013,2025-08-15,C0028,Laptop Pro 14,Electronics,Flacq,East,1,45000,0.1,31488.65,40500.0,31488.65,9011.35
ORD00014,2024-05-14,C0293,Smartphone X,Electronics,Black River,West,1,28000,0.0,19707.34,28000.0,19707.34,8292.66
ORD00015,2024-04-08,C0131,Printer,Office,Centre de Flacq,East,1,9500,0.0,7348.19,9500.0,7348.19,2151.81
ORD00016,2024-01-05,C0380,Office Chair,Furniture,Flacq,East,1,8500,0.05,4891.79,8075.0,4891.79,3183.21
ORD00017,2025-04-05,C0485,Office Chair,Furniture,Pamplemousses,North,1,8500,0.05,6034.73,8075.0,6034.73,2040.27
ORD00018,2025-02-10,C0243,Printer,Office,Flacq,East,1,9500,0.1,6533.52,8550.0,6533.52,2016.48
ORD00019,2024-03-26,C0340,Monitor 27,Electronics,Black River,West,1,12000,0.0,7202.9,12000.0,7202.9,4797.1
ORD00020,2024-11-26,C0283,Office Lamp,Office,Curepipe,South,1,1800,0.1,1102.66,1620.0,1102.66,517.34
ORD00021,2025-09-24,C0165,Tablet Air,Electronics,Quatre Bornes,West,1,18000,0.0,11628.08,18000.0,11628.08,6371.92
ORD00022,2024-08-12,C0233,Standing Desk,Furniture,Pamplemousses,North,3,15000,0.0,10039.83,45000.0,30119.49,14880.51
ORD00023,2025-11-22,C0113,USB-C Hub,Accessories,Curepipe,South,3,1800,0.0,1195.86,5400.0,3587.58,1812.42
ORD00024,2025-09-04,C0485,Printer,Office,Port Louis,North,1,9500,0.0,5337.48,9500.0,5337.48,4162.52
ORD00025,2024-08-12,C0247,Smartphone X,Electronics,Centre de Flacq,East,1,28000,0.0,18960.63,28000.0,18960.63,9039.37
ORD00026,2025-03-14,C0198,Laptop Pro 14,Electronics,Quatre Bornes,West,2,45000,0.0,31294.37,90000.0,62588.74,27411.26
ORD00027,2025-05-25,C0148,Monitor 27,Electronics,Port Louis,North,1,12000,0.0,6712.54,12000.0,6712.54,5287.46
ORD00028,2025-02-06,C0424,Tablet Air,Electronics,Flacq,East,1,18000,0.0,13793.77,18000.0,13793.77,4206.23
ORD00029,2025-10-01,C0415,Laptop Pro 14,Electronics,Mahebourg,South,2,45000,0.05,26913.89,85500.0,53827.78,31672.22
ORD00030,2024-10-24,C0385,USB-C Hub,Accessories,Pamplemousses,North,4,1800,0.0,1097.98,7200.0,4391.92,2808.08
ORD00031,2024-10-30,C0147,Gaming Mouse,Accessories,Quatre Bornes,West,2,2200,0.0,1351.11,4400.0,2702.22,1697.78
ORD00032,2024-07-26,C0456,Mechanical Keyboard,Accessories,Black River,West,2,4200,0.05,2391.28,7980.0,4782.56,3197.44
ORD00033,2025-02-23,C0402,Tablet Air,Electronics,Black River,West,1,18000,0.1,13930.97,16200.0,13930.97,2269.03
ORD00034,2024-12-03,C0304,Monitor 27,Electronics,Curepipe,South,1,12000,0.0,7963.15,12000.0,7963.15,4036.85
ORD00035,2025-05-18,C0371,Tablet Air,Electronics,Flacq,East,2,18000,0.05,10287.81,34200.0,20575.62,13624.38
ORD00036,2025-04-14,C0027,Mechanical Keyboard,Accessories,Pamplemousses,North,4,4200,0.0,3185.29,16800.0,12741.16,4058.84
ORD00037,2024-08-13,C0304,Office Lamp,Office,Curepipe,South,2,1800,0.1,1085.3,3240.0,2170.6,1069.4
ORD00038,2025-10-20,C0046,Laptop Pro 14,Electronics,Centre de Flacq,East,1,45000,0.15,29613.93,38250.0,29613.93,8636.07
ORD00039,2025-01-07,C0095,Monitor 27,Electronics,Black River,West,3,12000,0.0,8125.63,36000.0,24376.89,11623.11
ORD00040,2024-04-08,C0018,Gaming Mouse,Accessories,Black River,West,1,2200,0.0,1455.55,2200.0,1455.55,744.45
ORD00041,2025-07-19,C0127,Standing Desk,Furniture,Centre de Flacq,East,1,15000,0.05,9487.33,14250.0,9487.33,4762.67
ORD00042,2024-06-03,C0039,Laptop Pro 14,Electronics,Pamplemousses,North,2,45000,0.0,32087.23,90000.0,64174.46,25825.54
ORD00043,2025-04-21,C0391,Tablet Air,Electronics,Pamplemousses,North,1,18000,0.05,10237.8,17100.0,10237.8,6862.2
ORD00044,2024-02-05,C0471,Standing Desk,Furniture,Quatre Bornes,West,2,15000,0.05,11320.52,28500.0,22641.04,5858.96
ORD00045,2024-05-22,C0190,Office Chair,Furniture,Mahebourg,South,2,8500,0.0,4978.11,17000.0,9956.22,7043.78
ORD00046,2024-05-04,C0491,Mechanical Keyboard,Accessories,Black River,West,1,4200,0.0,2602.95,4200.0,2602.95,1597.05
ORD00047,2025-03-19,C0262,Gaming Mouse,Accessories,Mahebourg,South,1,2200,0.15,1441.38,1870.0,1441.38,428.62
ORD00048,2024-12-15,C0158,Standing Desk,Furniture,Curepipe,South,2,15000,0.15,10031.24,25500.0,20062.48,5437.52
ORD00049,2025-10-20,C0117,Tablet Air,Electronics,Quatre Bornes,West,1,18000,0.0,10004.95,18000.0,10004.95,7995.05
ORD00050,2024-05-06,C0126,Laptop Pro 14,Electronics,Flacq,East,1,45000,0.0,27340.01,45000.0,27340.01,17659.99
ORD00051,2024-04-27,C0069,Gaming Mouse,Accessories,Centre de Flacq,East,1,2200,0.0,1542.5,2200.0,1542.5,657.5
ORD00052,2024-09-03,C0069,Tablet Air,Electronics,Pamplemousses,North,2,18000,0.0,10380.54,36000.0,20761.08,15238.92
ORD00053,2024-02-16,C0341,Wireless Headphones,Accessories,Pamplemousses,North,1,6500,0.0,4716.23,6500.0,4716.23,1783.77
ORD00054,2025-07-04,C0290,Gaming Mouse,Accessories,Mahebourg,South,1,2200,0.05,1531.36,2090.0,1531.36,558.64
ORD00055,2024-06-28,C0004,Tablet Air,Electronics,Mahebourg,South,1,18000,0.1,12626.99,16200.0,12626.99,3573.01
ORD00056,2024-01-16,C0152,Smartphone X,Electronics,Port Louis,North,1,28000,0.05,21455.08,26600.0,21455.08,5144.92
ORD00057,2025-11-20,C0065,Laptop Pro 14,Electronics,Flacq,East,2,45000,0.1,31228.48,81000.0,62456.96,18543.04
ORD00058,2025-02-20,C0253,Office Lamp,Office,Flacq,East,1,1800,0.0,1146.19,1800.0,1146.19,653.81
ORD00059,2025-05-13,C0418,Laptop Pro 14,Electronics,Flacq,East,2,45000,0.0,31804.7,90000.0,63609.4,26390.6
ORD00060,2024-04-24,C0420,USB-C Hub,Accessories,Pamplemousses,North,2,1800,0.05,1353.27,3420.0,2706.54,713.46
ORD00061,2025-12-29,C0177,Wireless Headphones,Accessories,Quatre Bornes,West,1,6500,0.05,4781.22,6175.0,4781.22,1393.78
ORD00062,2024-04-08,C0037,Laptop Pro 14,Electronics,Mahebourg,South,2,45000,0.0,34383.34,90000.0,68766.68,21233.32
ORD00063,2025-01-03,C0084,Monitor 27,Electronics,Flacq,East,1,12000,0.0,8074.74,12000.0,8074.74,3925.26
ORD00064,2025-12-29,C0076,Tablet Air,Electronics,Curepipe,South,1,18000,0.0,13648.28,18000.0,13648.28,4351.72
ORD00065,2024-09-21,C0099,Wireless Headphones,Accessories,Mahebourg,South,1,6500,0.05,4245.43,6175.0,4245.43,1929.57
ORD00066,2025-01-30,C0109,Gaming Mouse,Accessories,Curepipe,South,2,2200,0.05,1609.55,4180.0,3219.1,960.9
ORD00067,2025-11-23,C0146,USB-C Hub,Accessories,Curepipe,South,1,1800,0.1,1135.28,1620.0,1135.28,484.72
ORD00068,2025-08-10,C0168,Office Lamp,Office,Centre de Flacq,East,2,1800,0.1,1166.4,3240.0,2332.8,907.2
ORD00069,2024-06-18,C0136,USB-C Hub,Accessories,Curepipe,South,1,1800,0.0,1086.56,1800.0,1086.56,713.44
ORD00070,2025-05-10,C0292,Wireless Headphones,Accessories,Black River,West,1,6500,0.1,4459.87,5850.0,4459.87,1390.13
ORD00071,2024-03-10,C0039,Office Lamp,Office,Flacq,East,1,1800,0.0,1365.23,1800.0,1365.23,434.77
ORD00072,2024-05-05,C0317,Smartphone X,Electronics,Curepipe,South,1,28000,0.0,16165.19,28000.0,16165.19,11834.81
ORD00073,2024-12-26,C0312,Office Lamp,Office,Flacq,East,3,1800,0.0,1108.28,5400.0,3324.84,2075.16
ORD00074,2024-04-26,C0164,Gaming Mouse,Accessories,Black River,West,1,2200,0.1,1675.07,1980.0,1675.07,304.93
ORD00075,2024-08-14,C0001,Smartphone X,Electronics,Flacq,East,1,28000,0.0,17296.54,28000.0,17296.54,10703.46
ORD00076,2025-01-07,C0456,Office Chair,Furniture,Flacq,East,1,8500,0.0,6533.05,8500.0,6533.05,1966.95
ORD00077,2024-12-23,C0186,Gaming Mouse,Accessories,Mahebourg,South,1,2200,0.0,1444.63,2200.0,1444.63,755.37
ORD00078,2024-11-11,C0145,Gaming Mouse,Accessories,Centre de Flacq,East,4,2200,0.15,1563.27,7480.0,6253.08,1226.92
ORD00079,2024-07-19,C0390,Office Lamp,Office,Mahebourg,South,1,1800,0.0,1021.55,1800.0,1021.55,778.45
ORD00080,2025-08-16,C0365,Monitor 27,Electronics,Curepipe,South,1,12000,0.1,8990.34,10800.0,8990.34,1809.66
ORD00081,2024-01-05,C0341,Mechanical Keyboard,Accessories,Port Louis,North,2,4200,0.15,2455.3,7140.0,4910.6,2229.4
ORD00082,2024-10-08,C0099,Printer,Office,Mahebourg,South,2,9500,0.1,6249.09,17100.0,12498.18,4601.82
ORD00083,2025-05-25,C0358,Office Chair,Furniture,Pamplemousses,North,2,8500,0.1,6629.45,15300.0,13258.9,2041.1
ORD00084,2025-03-12,C0457,Gaming Mouse,Accessories,Flacq,East,2,2200,0.0,1331.99,4400.0,2663.98,1736.02
ORD00085,2024-01-01,C0348,Wireless Headphones,Accessories,Quatre Bornes,West,1,6500,0.05,4499.1,6175.0,4499.1,1675.9
ORD00086,2024-04-04,C0268,USB-C Hub,Accessories,Pamplemousses,North,1,1800,0.05,1205.35,1710.0,1205.35,504.65
ORD00087,2024-02-23,C0207,Printer,Office,Black River,West,1,9500,0.0,5287.89,9500.0,5287.89,4212.11
ORD00088,2024-08-16,C0294,Printer,Office,Centre de Flacq,East,1,9500,0.0,5256.78,9500.0,5256.78,4243.22
ORD00089,2024-11-01,C0481,Printer,Office,Centre de Flacq,East,1,9500,0.05,6421.17,9025.0,6421.17,2603.83
ORD00090,2024-11-30,C0184,USB-C Hub,Accessories,Curepipe,South,2,1800,0.1,1050.89,3240.0,2101.78,1138.22
ORD00091,2025-02-04,C0205,Wireless Headphones,Accessories,Mahebourg,South,1,6500,0.15,4311.46,5525.0,4311.46,1213.54
ORD00092,2024-05-05,C0095,Printer,Office,Centre de Flacq,East,1,9500,0.0,5504.78,9500.0,5504.78,3995.22
ORD00093,2025-01-08,C0155,Standing Desk,Furniture,Centre de Flacq,East,2,15000,0.0,11266.4,30000.0,22532.8,7467.2
ORD00094,2024-04-02,C0170,USB-C Hub,Accessories,Quatre Bornes,West,1,1800,0.1,1132.86,1620.0,1132.86,487.14
ORD00095,2025-06-17,C0078,Gaming Mouse,Accessories,Port Louis,North,1,2200,0.0,1394.32,2200.0,1394.32,805.68
ORD00096,2025-12-30,C0350,USB-C Hub,Accessories,Flacq,East,2,1800,0.05,1023.85,3420.0,2047.7,1372.3
ORD00097,2024-04-16,C0253,Laptop Pro 14,Electronics,Quatre Bornes,West,1,45000,0.1,32494.49,40500.0,32494.49,8005.51
ORD00098,2025-11-22,C0216,Standing Desk,Furniture,Port Louis,North,1,15000,0.05,9522.75,14250.0,9522.75,4727.25
ORD00099,2025-01-20,C0238,Printer,Office,Centre de Flacq,East,1,9500,0.05,7181.03,9025.0,7181.03,1843.97
ORD00100,2024-12-28,C0473,Smartphone X,Electronics,Curepipe,South,1,28000,0.0,16961.51,28000.0,16961.51,11038.49
ORD00101,2025-09-22,C0300,Office Chair,Furniture,Mahebourg,South,1,8500,0.0,5315.26,8500.0,5315.26,3184.74
ORD00102,2025-06-20,C0111,Monitor 27,Electronics,Black River,West,2,12000,0.05,7975.7,22800.0,15951.4,6848.6
ORD00103,2024-08-15,C0101,Standing Desk,Furniture,Mahebourg,South,1,15000,0.05,9556.77,14250.0,9556.77,4693.23
ORD00104,2025-06-01,C0377,Smartphone X,Electronics,Black River,West,1,28000,0.0,17527.44,28000.0,17527.44,10472.56
ORD00105,2024-10-15,C0446,Mechanical Keyboard,Accessories,Port Louis,North,1,4200,0.0,3131.89,4200.0,3131.89,1068.11
ORD00106,2024-12-15,C0036,Monitor 27,Electronics,Port Louis,North,1,12000,0.0,7732.7,12000.0,7732.7,4267.3
ORD00107,2024-08-10,C0094,Office Lamp,Office,Black River,West,3,1800,0.0,1393.68,5400.0,4181.04,1218.96
ORD00108,2025-05-18,C0173,Monitor 27,Electronics,Centre de Flacq,East,2,12000,0.0,7915.47,24000.0,15830.94,8169.06
ORD00109,2024-10-26,C0140,Mechanical Keyboard,Accessories,Pamplemousses,North,2,4200,0.0,3021.21,8400.0,6042.42,2357.58
ORD00110,2025-07-12,C0491,Mechanical Keyboard,Accessories,Centre de Flacq,East,1,4200,0.0,2774.78,4200.0,2774.78,1425.22
ORD00111,2024-09-15,C0013,Standing Desk,Furniture,Pamplemousses,North,1,15000,0.0,11665.36,15000.0,11665.36,3334.64
ORD00112,2024-06-16,C0038,Gaming Mouse,Accessories,Quatre Bornes,West,1,2200,0.0,1449.42,2200.0,1449.42,750.58
ORD00113,2025-02-22,C0376,Gaming Mouse,Accessories,Curepipe,South,2,2200,0.15,1272.89,3740.0,2545.78,1194.22
ORD00114,2025-04-03,C0320,Tablet Air,Electronics,Black River,West,1,18000,0.05,12278.32,17100.0,12278.32,4821.68
ORD00115,2024-12-14,C0005,Gaming Mouse,Accessories,Port Louis,North,1,2200,0.0,1293.12,2200.0,1293.12,906.88
ORD00116,2025-01-13,C0328,Wireless Headphones,Accessories,Centre de Flacq,East,1,6500,0.05,4596.06,6175.0,4596.06,1578.94
ORD00117,2024-10-21,C0481,Tablet Air,Electronics,Centre de Flacq,East,1,18000,0.0,11716.4,18000.0,11716.4,6283.6
ORD00118,2025-10-26,C0039,Office Chair,Furniture,Curepipe,South,1,8500,0.0,5122.74,8500.0,5122.74,3377.26
ORD00119,2024-07-16,C0157,Tablet Air,Electronics,Quatre Bornes,West,1,18000,0.0,13187.26,18000.0,13187.26,4812.74
ORD00120,2024-10-15,C0485,Printer,Office,Curepipe,South,2,9500,0.0,5906.11,19000.0,11812.22,7187.78
ORD00121,2025-02-14,C0353,Wireless Headphones,Accessories,Centre de Flacq,East,1,6500,0.05,4885.76,6175.0,4885.76,1289.24
ORD00122,2024-04-27,C0136,Wireless Headphones,Accessories,Quatre Bornes,West,1,6500,0.05,4325.92,6175.0,4325.92,1849.08
ORD00123,2024-09-17,C0420,Office Lamp,Office,Mahebourg,South,2,1800,0.0,1237.76,3600.0,2475.52,1124.48
ORD00124,2024-10-18,C0134,Gaming Mouse,Accessories,Flacq,East,2,2200,0.15,1383.32,3740.0,2766.64,973.36
ORD00125,2025-12-12,C0473,Printer,Office,Mahebourg,South,1,9500,0.05,6330.37,9025.0,6330.37,2694.63
ORD00126,2025-09-14,C0293,Office Lamp,Office,Flacq,East,1,1800,0.1,1317.1,1620.0,1317.1,302.9
ORD00127,2024-05-06,C0297,USB-C Hub,Accessories,Pamplemousses,North,1,1800,0.0,1033.16,1800.0,1033.16,766.84
ORD00128,2025-12-26,C0313,Gaming Mouse,Accessories,Quatre Bornes,West,4,2200,0.1,1273.08,7920.0,5092.32,2827.68
ORD00129,2024-01-01,C0137,Tablet Air,Electronics,Quatre Bornes,West,1,18000,0.0,10126.71,18000.0,10126.71,7873.29
ORD00130,2024-07-20,C0075,USB-C Hub,Accessories,Quatre Bornes,West,1,1800,0.0,1212.48,1800.0,1212.48,587.52
ORD00131,2025-01-20,C0251,Smartphone X,Electronics,Curepipe,South,3,28000,0.05,15611.53,79800.0,46834.59,32965.41
ORD00132,2024-06-27,C0285,Office Chair,Furniture,Port Louis,North,1,8500,0.0,5283.93,8500.0,5283.93,3216.07
ORD00133,2024-03-03,C0361,Office Lamp,Office,Pamplemousses,North,1,1800,0.0,1393.87,1800.0,1393.87,406.13
ORD00134,2025-11-19,C0224,Office Lamp,Office,Centre de Flacq,East,1,1800,0.0,1114.03,1800.0,1114.03,685.97
ORD00135,2024-05-20,C0305,Printer,Office,Curepipe,South,2,9500,0.0,6248.09,19000.0,12496.18,6503.82
ORD00136,2025-03-04,C0498,Standing Desk,Furniture,Mahebourg,South,1,15000,0.0,10713.5,15000.0,10713.5,4286.5
ORD00137,2024-07-12,C0264,Smartphone X,Electronics,Curepipe,South,1,28000,0.05,16063.2,26600.0,16063.2,10536.8
ORD00138,2024-02-24,C0087,USB-C Hub,Accessories,Black River,West,1,1800,0.05,1159.22,1710.0,1159.22,550.78
ORD00139,2024-02-24,C0472,Office Chair,Furniture,Pamplemousses,North,2,8500,0.0,5108.96,17000.0,10217.92,6782.08
ORD00140,2025-03-18,C0092,Mechanical Keyboard,Accessories,Mahebourg,South,1,4200,0.05,3167.29,3990.0,3167.29,822.71
ORD00141,2024-09-20,C0452,Standing Desk,Furniture,Pamplemousses,North,2,15000,0.1,11114.26,27000.0,22228.52,4771.48
ORD00142,2025-05-14,C0151,Office Chair,Furniture,Flacq,East,2,8500,0.0,4842.17,17000.0,9684.34,7315.66
ORD00143,2024-03-25,C0303,Tablet Air,Electronics,Port Louis,North,1,18000,0.0,13595.66,18000.0,13595.66,4404.34
ORD00144,2025-12-09,C0293,Smartphone X,Electronics,Mahebourg,South,1,28000,0.0,20749.42,28000.0,20749.42,7250.58
ORD00145,2024-09-12,C0280,Gaming Mouse,Accessories,Centre de Flacq,East,1,2200,0.1,1596.38,1980.0,1596.38,383.62
ORD00146,2025-08-15,C0115,Printer,Office,Black River,West,2,9500,0.05,6154.09,18050.0,12308.18,5741.82
ORD00147,2024-07-27,C0235,Smartphone X,Electronics,Pamplemousses,North,1,28000,0.0,16297.45,28000.0,16297.45,11702.55
ORD00148,2025-05-08,C0341,Smartphone X,Electronics,Black River,West,1,28000,0.0,21288.08,28000.0,21288.08,6711.92
ORD00149,2024-02-11,C0087,Smartphone X,Electronics,Centre de Flacq,East,1,28000,0.05,20743.54,26600.0,20743.54,5856.46
ORD00150,2025-09-20,C0268,Printer,Office,Port Louis,North,3,9500,0.1,6530.35,25650.0,19591.05,6058.95
ORD00151,2025-03-30,C0130,USB-C Hub,Accessories,Flacq,East,1,1800,0.05,1164.72,1710.0,1164.72,545.28
ORD00152,2024-12-28,C0011,Wireless Headphones,Accessories,Port Louis,North,2,6500,0.0,4826.43,13000.0,9652.86,3347.14
ORD00153,2025-05-26,C0152,Office Chair,Furniture,Quatre Bornes,West,1,8500,0.1,5450.45,7650.0,5450.45,2199.55
ORD00154,2025-02-09,C0491,USB-C Hub,Accessories,Flacq,East,1,1800,0.0,1236.36,1800.0,1236.36,563.64
ORD00155,2025-05-21,C0017,Monitor 27,Electronics,Centre de Flacq,East,2,12000,0.0,6807.38,24000.0,13614.76,10385.24
ORD00156,2025-10-02,C0229,Standing Desk,Furniture,Curepipe,South,1,15000,0.0,11075.9,15000.0,11075.9,3924.1
ORD00157,2024-04-17,C0305,Mechanical Keyboard,Accessories,Centre de Flacq,East,1,4200,0.0,2398.47,4200.0,2398.47,1801.53
ORD00158,2024-01-17,C0264,Laptop Pro 14,Electronics,Quatre Bornes,West,1,45000,0.0,33784.99,45000.0,33784.99,11215.01
ORD00159,2025-10-22,C0268,Mechanical Keyboard,Accessories,Quatre Bornes,West,1,4200,0.15,3182.65,3570.0,3182.65,387.35
ORD00160,2025-10-16,C0407,USB-C Hub,Accessories,Flacq,East,1,1800,0.05,1373.05,1710.0,1373.05,336.95
ORD00161,2024-03-26,C0315,Gaming Mouse,Accessories,Black River,West,2,2200,0.0,1268.33,4400.0,2536.66,1863.34
ORD00162,2025-12-27,C0273,Wireless Headphones,Accessories,Quatre Bornes,West,2,6500,0.0,4814.23,13000.0,9628.46,3371.54
ORD00163,2025-06-09,C0424,Office Lamp,Office,Flacq,East,1,1800,0.0,1278.26,1800.0,1278.26,521.74
ORD00164,2024-07-01,C0210,Standing Desk,Furniture,Curepipe,South,1,15000,0.05,9349.7,14250.0,9349.7,4900.3
ORD00165,2024-06-09,C0414,Office Lamp,Office,Black River,West,1,1800,0.0,1350.22,1800.0,1350.22,449.78
ORD00166,2024-09-07,C0500,Smartphone X,Electronics,Quatre Bornes,West,3,28000,0.05,21826.7,79800.0,65480.1,14319.9
ORD00167,2024-01-29,C0377,Gaming Mouse,Accessories,Quatre Bornes,West,1,2200,0.05,1347.47,2090.0,1347.47,742.53
ORD00168,2024-09-22,C0429,Office Chair,Furniture,Port Louis,North,1,8500,0.05,4681.54,8075.0,4681.54,3393.46
ORD00169,2024-05-21,C0437,Wireless Headphones,Accessories,Pamplemousses,North,2,6500,0.05,3989.51,12350.0,7979.02,4370.98
ORD00170,2025-08-07,C0485,Standing Desk,Furniture,Port Louis,North,1,15000,0.15,11003.06,12750.0,11003.06,1746.94
ORD00171,2025-01-14,C0052,Standing Desk,Furniture,Mahebourg,South,1,15000,0.05,8826.27,14250.0,8826.27,5423.73
ORD00172,2025-07-24,C0226,Mechanical Keyboard,Accessories,Curepipe,South,1,4200,0.0,2532.83,4200.0,2532.83,1667.17
ORD00173,2024-08-05,C0215,Tablet Air,Electronics,Pamplemousses,North,2,18000,0.1,12507.28,32400.0,25014.56,7385.44
ORD00174,2025-11-19,C0338,USB-C Hub,Accessories,Mahebourg,South,1,1800,0.0,1203.31,1800.0,1203.31,596.69
ORD00175,2024-03-02,C0329,Tablet Air,Electronics,Quatre Bornes,West,1,18000,0.0,12123.07,18000.0,12123.07,5876.93
ORD00176,2025-08-02,C0137,Printer,Office,Centre de Flacq,East,2,9500,0.0,5507.99,19000.0,11015.98,7984.02
ORD00177,2024-07-13,C0443,USB-C Hub,Accessories,Black River,West,2,1800,0.05,1218.05,3420.0,2436.1,983.9
ORD00178,2024-08-13,C0454,Mechanical Keyboard,Accessories,Curepipe,South,1,4200,0.05,2789.02,3990.0,2789.02,1200.98
ORD00179,2024-02-06,C0224,Office Lamp,Office,Port Louis,North,1,1800,0.1,1194.99,1620.0,1194.99,425.01
ORD00180,2024-11-13,C0237,Tablet Air,Electronics,Centre de Flacq,East,1,18000,0.05,12242.13,17100.0,12242.13,4857.87
ORD00181,2024-10-15,C0269,Standing Desk,Furniture,Quatre Bornes,West,1,15000,0.0,8803.38,15000.0,8803.38,6196.62
ORD00182,2024-12-28,C0133,USB-C Hub,Accessories,Port Louis,North,1,1800,0.05,1068.34,1710.0,1068.34,641.66
ORD00183,2025-07-10,C0039,Office Chair,Furniture,Quatre Bornes,West,1,8500,0.1,5121.96,7650.0,5121.96,2528.04
ORD00184,2024-03-22,C0113,Office Lamp,Office,Black River,West,1,1800,0.0,1245.41,1800.0,1245.41,554.59
ORD00185,2024-08-20,C0326,Smartphone X,Electronics,Flacq,East,1,28000,0.0,20422.2,28000.0,20422.2,7577.8
ORD00186,2025-04-11,C0222,Monitor 27,Electronics,Black River,West,3,12000,0.0,8346.04,36000.0,25038.12,10961.88
ORD00187,2024-02-06,C0017,Wireless Headphones,Accessories,Pamplemousses,North,2,6500,0.0,4024.94,13000.0,8049.88,4950.12
ORD00188,2025-06-07,C0306,Mechanical Keyboard,Accessories,Pamplemousses,North,1,4200,0.05,2354.19,3990.0,2354.19,1635.81
ORD00189,2024-09-26,C0007,Office Lamp,Office,Quatre Bornes,West,2,1800,0.0,1303.92,3600.0,2607.84,992.16
ORD00190,2024-01-29,C0226,Tablet Air,Electronics,Pamplemousses,North,1,18000,0.0,10558.0,18000.0,10558.0,7442.0
ORD00191,2024-10-11,C0372,Monitor 27,Electronics,Quatre Bornes,West,1,12000,0.05,8514.56,11400.0,8514.56,2885.44
ORD00192,2024-05-09,C0440,Mechanical Keyboard,Accessories,Black River,West,1,4200,0.1,3240.49,3780.0,3240.49,539.51
ORD00193,2025-08-26,C0387,Gaming Mouse,Accessories,Flacq,East,1,2200,0.0,1348.75,2200.0,1348.75,851.25
ORD00194,2025-05-21,C0281,Mechanical Keyboard,Accessories,Mahebourg,South,1,4200,0.0,2340.08,4200.0,2340.08,1859.92
ORD00195,2025-06-07,C0309,Printer,Office,Centre de Flacq,East,3,9500,0.0,7122.94,28500.0,21368.82,7131.18
ORD00196,2025-06-03,C0181,Smartphone X,Electronics,Black River,West,2,28000,0.05,16245.22,53200.0,32490.44,20709.56
ORD00197,2025-06-19,C0273,Wireless Headphones,Accessories,Quatre Bornes,West,2,6500,0.0,3750.38,13000.0,7500.76,5499.24
ORD00198,2024-08-23,C0117,Mechanical Keyboard,Accessories,Port Louis,North,1,4200,0.0,2939.37,4200.0,2939.37,1260.63
ORD00199,2025-01-20,C0366,Laptop Pro 14,Electronics,Quatre Bornes,West,1,45000,0.0,28812.31,45000.0,28812.31,16187.69
ORD00200,2025-05-09,C0392,Printer,Office,Centre de Flacq,East,2,9500,0.1,6928.97,17100.0,13857.94,3242.06
ORD00201,2024-08-01,C0310,Laptop Pro 14,Electronics,Flacq,East,1,45000,0.05,24940.11,42750.0,24940.11,17809.89
ORD00202,2024-03-26,C0225,USB-C Hub,Accessories,Port Louis,North,2,1800,0.1,1019.98,3240.0,2039.96,1200.04
ORD00203,2025-08-11,C0498,Office Chair,Furniture,Pamplemousses,North,1,8500,0.05,6022.9,8075.0,6022.9,2052.1
ORD00204,2024-05-22,C0390,Office Lamp,Office,Port Louis,North,1,1800,0.05,1282.48,1710.0,1282.48,427.52
ORD00205,2024-01-09,C0318,Monitor 27,Electronics,Quatre Bornes,West,2,12000,0.1,8570.88,21600.0,17141.76,4458.24
ORD00206,2024-03-24,C0022,Office Chair,Furniture,Curepipe,South,2,8500,0.05,5843.07,16150.0,11686.14,4463.86
ORD00207,2025-02-13,C0012,Monitor 27,Electronics,Curepipe,South,1,12000,0.0,8600.52,12000.0,8600.52,3399.48
ORD00208,2024-03-27,C0392,Tablet Air,Electronics,Flacq,East,1,18000,0.15,11294.75,15300.0,11294.75,4005.25
ORD00209,2025-09-22,C0037,Tablet Air,Electronics,Mahebourg,South,1,18000,0.0,12604.51,18000.0,12604.51,5395.49
ORD00210,2024-12-17,C0438,Tablet Air,Electronics,Curepipe,South,1,18000,0.0,10813.12,18000.0,10813.12,7186.88
ORD00211,2024-07-25,C0404,Laptop Pro 14,Electronics,Pamplemousses,North,2,45000,0.05,32437.01,85500.0,64874.02,20625.98
ORD00212,2025-05-30,C0105,Wireless Headphones,Accessories,Centre de Flacq,East,1,6500,0.0,4343.42,6500.0,4343.42,2156.58
ORD00213,2025-02-23,C0426,Wireless Headphones,Accessories,Pamplemousses,North,2,6500,0.1,4205.47,11700.0,8410.94,3289.06
ORD00214,2025-01-05,C0225,Office Lamp,Office,Port Louis,North,1,1800,0.0,1336.1,1800.0,1336.1,463.9
ORD00215,2025-06-03,C0293,Office Chair,Furniture,Mahebourg,South,1,8500,0.0,5677.16,8500.0,5677.16,2822.84
ORD00216,2025-07-06,C0145,Standing Desk,Furniture,Pamplemousses,North,1,15000,0.05,8578.65,14250.0,8578.65,5671.35
ORD00217,2024-01-28,C0301,Gaming Mouse,Accessories,Port Louis,North,1,2200,0.05,1276.22,2090.0,1276.22,813.78
ORD00218,2024-10-29,C0332,Tablet Air,Electronics,Pamplemousses,North,1,18000,0.0,11757.94,18000.0,11757.94,6242.06
ORD00219,2024-12-26,C0468,Standing Desk,Furniture,Mahebourg,South,1,15000,0.05,8826.29,14250.0,8826.29,5423.71
ORD00220,2024-10-10,C0312,Gaming Mouse,Accessories,Port Louis,North,1,2200,0.05,1566.93,2090.0,1566.93,523.07
ORD00221,2024-06-04,C0457,Office Lamp,Office,Black River,West,1,1800,0.0,1398.49,1800.0,1398.49,401.51
ORD00222,2025-05-25,C0325,Laptop Pro 14,Electronics,Pamplemousses,North,1,45000,0.0,34415.61,45000.0,34415.61,10584.39
ORD00223,2024-06-09,C0299,Office Lamp,Office,Mahebourg,South,1,1800,0.15,1389.56,1530.0,1389.56,140.44
ORD00224,2024-05-05,C0407,Monitor 27,Electronics,Black River,West,1,12000,0.0,8039.97,12000.0,8039.97,3960.03
ORD00225,2025-03-03,C0498,Wireless Headphones,Accessories,Curepipe,South,2,6500,0.0,4581.78,13000.0,9163.56,3836.44
ORD00226,2024-12-06,C0311,Mechanical Keyboard,Accessories,Pamplemousses,North,2,4200,0.0,2979.08,8400.0,5958.16,2441.84
ORD00227,2024-04-28,C0369,Smartphone X,Electronics,Black River,West,1,28000,0.1,20968.08,25200.0,20968.08,4231.92
ORD00228,2025-08-10,C0053,Wireless Headphones,Accessories,Port Louis,North,2,6500,0.0,4560.03,13000.0,9120.06,3879.94
ORD00229,2024-10-30,C0161,Office Lamp,Office,Centre de Flacq,East,1,1800,0.05,1121.7,1710.0,1121.7,588.3
ORD00230,2025-11-11,C0098,Monitor 27,Electronics,Quatre Bornes,West,1,12000,0.0,6901.14,12000.0,6901.14,5098.86
ORD00231,2025-01-15,C0279,Mechanical Keyboard,Accessories,Black River,West,1,4200,0.1,3158.04,3780.0,3158.04,621.96
ORD00232,2024-12-30,C0199,Mechanical Keyboard,Accessories,Black River,West,1,4200,0.0,2918.78,4200.0,2918.78,1281.22
ORD00233,2024-05-22,C0102,Monitor 27,Electronics,Centre de Flacq,East,1,12000,0.0,7826.6,12000.0,7826.6,4173.4
ORD00234,2024-09-23,C0328,USB-C Hub,Accessories,Centre de Flacq,East,2,1800,0.0,1214.54,3600.0,2429.08,1170.92
ORD00235,2025-03-25,C0463,USB-C Hub,Accessories,Curepipe,South,1,1800,0.0,1208.02,1800.0,1208.02,591.98
ORD00236,2024-10-26,C0493,Office Chair,Furniture,Curepipe,South,2,8500,0.05,6543.05,16150.0,13086.1,3063.9
ORD00237,2024-01-21,C0271,Gaming Mouse,Accessories,Port Louis,North,2,2200,0.0,1679.08,4400.0,3358.16,1041.84
ORD00238,2024-11-19,C0052,Tablet Air,Electronics,Black River,West,1,18000,0.0,10963.05,18000.0,10963.05,7036.95
ORD00239,2025-05-08,C0146,Office Lamp,Office,Curepipe,South,1,1800,0.0,1242.68,1800.0,1242.68,557.32
ORD00240,2024-01-02,C0074,USB-C Hub,Accessories,Pamplemousses,North,1,1800,0.0,1271.98,1800.0,1271.98,528.02
ORD00241,2024-02-08,C0084,Standing Desk,Furniture,Curepipe,South,2,15000,0.0,11416.25,30000.0,22832.5,7167.5
ORD00242,2025-03-27,C0141,Laptop Pro 14,Electronics,Pamplemousses,North,1,45000,0.0,25912.35,45000.0,25912.35,19087.65
ORD00243,2024-04-27,C0121,Monitor 27,Electronics,Mahebourg,South,2,12000,0.05,7082.37,22800.0,14164.74,8635.26
ORD00244,2025-09-28,C0019,Laptop Pro 14,Electronics,Black River,West,1,45000,0.05,27594.24,42750.0,27594.24,15155.76
ORD00245,2025-09-03,C0242,Monitor 27,Electronics,Mahebourg,South,1,12000,0.05,7846.88,11400.0,7846.88,3553.12
ORD00246,2025-08-03,C0432,Office Lamp,Office,Port Louis,North,2,1800,0.0,1029.63,3600.0,2059.26,1540.74
ORD00247,2025-10-16,C0254,Printer,Office,Port Louis,North,1,9500,0.0,6523.93,9500.0,6523.93,2976.07
ORD00248,2024-11-15,C0241,Smartphone X,Electronics,Port Louis,North,1,28000,0.0,20021.33,28000.0,20021.33,7978.67
ORD00249,2025-04-03,C0109,Tablet Air,Electronics,Black River,West,1,18000,0.0,13648.87,18000.0,13648.87,4351.13
ORD00250,2024-02-05,C0425,Wireless Headphones,Accessories,Port Louis,North,1,6500,0.0,3913.85,6500.0,3913.85,2586.15
ORD00251,2025-12-08,C0264,Smartphone X,Electronics,Mahebourg,South,2,28000,0.0,19522.68,56000.0,39045.36,16954.64
ORD00252,2024-08-17,C0130,Mechanical Keyboard,Accessories,Flacq,East,1,4200,0.0,2493.85,4200.0,2493.85,1706.15
ORD00253,2025-12-27,C0150,Laptop Pro 14,Electronics,Mahebourg,South,4,45000,0.0,28202.44,180000.0,112809.76,67190.24
ORD00254,2025-03-17,C0055,Monitor 27,Electronics,Quatre Bornes,West,1,12000,0.0,7766.62,12000.0,7766.62,4233.38
ORD00255,2024-01-12,C0348,Standing Desk,Furniture,Mahebourg,South,2,15000,0.1,9059.52,27000.0,18119.04,8880.96
ORD00256,2025-09-18,C0149,Wireless Headphones,Accessories,Port Louis,North,3,6500,0.0,4833.84,19500.0,14501.52,4998.48
ORD00257,2024-03-24,C0038,Standing Desk,Furniture,Centre de Flacq,East,2,15000,0.0,11099.93,30000.0,22199.86,7800.14
ORD00258,2025-05-14,C0341,Wireless Headphones,Accessories,Centre de Flacq,East,1,6500,0.0,4113.4,6500.0,4113.4,2386.6
ORD00259,2025-03-24,C0406,Office Chair,Furniture,Mahebourg,South,3,8500,0.1,4991.25,22950.0,14973.75,7976.25
ORD00260,2024-05-22,C0082,Wireless Headphones,Accessories,Quatre Bornes,West,1,6500,0.1,3748.97,5850.0,3748.97,2101.03
ORD00261,2025-03-04,C0436,USB-C Hub,Accessories,Mahebourg,South,2,1800,0.1,1317.07,3240.0,2634.14,605.86
ORD00262,2025-06-09,C0276,Tablet Air,Electronics,Port Louis,North,1,18000,0.05,11332.85,17100.0,11332.85,5767.15
ORD00263,2024-09-22,C0336,Mechanical Keyboard,Accessories,Quatre Bornes,West,1,4200,0.05,2444.47,3990.0,2444.47,1545.53
ORD00264,2024-08-25,C0392,Tablet Air,Electronics,Port Louis,North,1,18000,0.0,11421.59,18000.0,11421.59,6578.41
ORD00265,2025-06-20,C0031,Office Lamp,Office,Port Louis,North,2,1800,0.0,1236.04,3600.0,2472.08,1127.92
ORD00266,2025-06-15,C0151,Mechanical Keyboard,Accessories,Mahebourg,South,1,4200,0.0,2892.07,4200.0,2892.07,1307.93
ORD00267,2025-04-11,C0178,Tablet Air,Electronics,Curepipe,South,1,18000,0.0,11906.25,18000.0,11906.25,6093.75
ORD00268,2024-09-09,C0156,Monitor 27,Electronics,Flacq,East,1,12000,0.0,6805.98,12000.0,6805.98,5194.02
ORD00269,2024-07-08,C0101,Office Lamp,Office,Port Louis,North,1,1800,0.05,1084.76,1710.0,1084.76,625.24
ORD00270,2024-12-24,C0485,Wireless Headphones,Accessories,Port Louis,North,2,6500,0.1,4657.85,11700.0,9315.7,2384.3
ORD00271,2025-09-19,C0229,Tablet Air,Electronics,Mahebourg,South,1,18000,0.0,13326.01,18000.0,13326.01,4673.99
ORD00272,2025-08-20,C0149,Smartphone X,Electronics,Quatre Bornes,West,1,28000,0.0,20489.78,28000.0,20489.78,7510.22
ORD00273,2025-10-11,C0493,Office Chair,Furniture,Centre de Flacq,East,1,8500,0.0,6306.06,8500.0,6306.06,2193.94
ORD00274,2024-07-31,C0405,Wireless Headphones,Accessories,Port Louis,North,1,6500,0.0,4540.9,6500.0,4540.9,1959.1
ORD00275,2024-11-03,C0082,USB-C Hub,Accessories,Port Louis,North,1,1800,0.1,1090.8,1620.0,1090.8,529.2
ORD00276,2024-08-14,C0192,Mechanical Keyboard,Accessories,Mahebourg,South,1,4200,0.15,2438.62,3570.0,2438.62,1131.38
ORD00277,2024-01-17,C0242,Laptop Pro 14,Electronics,Flacq,East,2,45000,0.0,27641.46,90000.0,55282.92,34717.08
ORD00278,2024-08-19,C0079,Office Chair,Furniture,Curepipe,South,2,8500,0.1,5919.69,15300.0,11839.38,3460.62
ORD00279,2024-06-21,C0087,Office Lamp,Office,Pamplemousses,North,1,1800,0.05,1007.25,1710.0,1007.25,702.75
ORD00280,2024-02-12,C0232,Standing Desk,Furniture,Flacq,East,1,15000,0.0,10004.6,15000.0,10004.6,4995.4
ORD00281,2024-12-31,C0261,Tablet Air,Electronics,Black River,West,2,18000,0.0,10620.81,36000.0,21241.62,14758.38
ORD00282,2024-12-15,C0223,USB-C Hub,Accessories,Black River,West,1,1800,0.0,1390.69,1800.0,1390.69,409.31
ORD00283,2025-10-09,C0382,Monitor 27,Electronics,Quatre Bornes,West,1,12000,0.0,6935.03,12000.0,6935.03,5064.97
ORD00284,2025-08-12,C0164,USB-C Hub,Accessories,Port Louis,North,1,1800,0.1,1123.4,1620.0,1123.4,496.6
ORD00285,2025-10-13,C0288,Mechanical Keyboard,Accessories,Mahebourg,South,1,4200,0.1,2813.06,3780.0,2813.06,966.94
ORD00286,2024-08-13,C0315,Laptop Pro 14,Electronics,Port Louis,North,3,45000,0.0,28601.93,135000.0,85805.79,49194.21
ORD00287,2024-05-03,C0435,Mechanical Keyboard,Accessories,Mahebourg,South,1,4200,0.1,2963.0,3780.0,2963.0,817.0
ORD00288,2025-11-16,C0268,Tablet Air,Electronics,Port Louis,North,2,18000,0.0,13540.17,36000.0,27080.34,8919.66
ORD00289,2024-08-20,C0151,Gaming Mouse,Accessories,Curepipe,South,4,2200,0.05,1492.25,8360.0,5969.0,2391.0
ORD00290,2024-08-23,C0269,Mechanical Keyboard,Accessories,Pamplemousses,North,2,4200,0.0,2831.21,8400.0,5662.42,2737.58
ORD00291,2025-04-10,C0088,Wireless Headphones,Accessories,Port Louis,North,2,6500,0.0,4331.25,13000.0,8662.5,4337.5
ORD00292,2024-02-13,C0019,Gaming Mouse,Accessories,Flacq,East,1,2200,0.0,1360.56,2200.0,1360.56,839.44
ORD00293,2024-01-23,C0362,Office Lamp,Office,Flacq,East,1,1800,0.05,1056.27,1710.0,1056.27,653.73
ORD00294,2024-07-04,C0224,Office Lamp,Office,Port Louis,North,2,1800,0.15,1031.06,3060.0,2062.12,997.88
ORD00295,2025-05-05,C0393,Office Chair,Furniture,Curepipe,South,1,8500,0.05,5408.63,8075.0,5408.63,2666.37
ORD00296,2025-05-14,C0121,USB-C Hub,Accessories,Mahebourg,South,2,1800,0.1,994.57,3240.0,1989.14,1250.86
ORD00297,2025-02-21,C0211,Printer,Office,Black River,West,2,9500,0.1,6252.65,17100.0,12505.3,4594.7
ORD00298,2024-04-10,C0293,Wireless Headphones,Accessories,Port Louis,North,2,6500,0.1,4461.6,11700.0,8923.2,2776.8
ORD00299,2025-04-13,C0429,Gaming Mouse,Accessories,Port Louis,North,1,2200,0.0,1301.75,2200.0,1301.75,898.25
ORD00300,2024-01-20,C0186,Wireless Headphones,Accessories,Curepipe,South,1,6500,0.05,3730.69,6175.0,3730.69,2444.31
ORD00301,2024-02-24,C0060,Standing Desk,Furniture,Centre de Flacq,East,2,15000,0.1,9180.88,27000.0,18361.76,8638.24
ORD00302,2024-11-14,C0415,Standing Desk,Furniture,Pamplemousses,North,1,15000,0.05,10691.5,14250.0,10691.5,3558.5
ORD00303,2025-12-04,C0319,Wireless Headphones,Accessories,Curepipe,South,1,6500,0.05,3927.61,6175.0,3927.61,2247.39
ORD00304,2025-09-19,C0161,Printer,Office,Pamplemousses,North,2,9500,0.05,5879.28,18050.0,11758.56,6291.44
ORD00305,2025-02-04,C0359,Printer,Office,Centre de Flacq,East,2,9500,0.15,6857.67,16150.0,13715.34,2434.66
ORD00306,2024-05-16,C0107,Monitor 27,Electronics,Quatre Bornes,West,1,12000,0.15,7056.21,10200.0,7056.21,3143.79
ORD00307,2025-09-16,C0426,Mechanical Keyboard,Accessories,Centre de Flacq,East,1,4200,0.0,3218.7,4200.0,3218.7,981.3
ORD00308,2025-06-30,C0074,Gaming Mouse,Accessories,Curepipe,South,2,2200,0.0,1616.14,4400.0,3232.28,1167.72
ORD00309,2025-12-04,C0129,USB-C Hub,Accessories,Mahebourg,South,1,1800,0.05,1195.53,1710.0,1195.53,514.47
ORD00310,2024-11-08,C0084,Mechanical Keyboard,Accessories,Port Louis,North,1,4200,0.0,2695.28,4200.0,2695.28,1504.72
ORD00311,2025-10-25,C0163,Standing Desk,Furniture,Curepipe,South,1,15000,0.0,9152.88,15000.0,9152.88,5847.12
ORD00312,2024-08-07,C0329,Mechanical Keyboard,Accessories,Black River,West,1,4200,0.1,2569.02,3780.0,2569.02,1210.98
ORD00313,2024-08-15,C0417,Smartphone X,Electronics,Pamplemousses,North,3,28000,0.0,18828.79,84000.0,56486.37,27513.63
ORD00314,2025-06-02,C0432,Smartphone X,Electronics,Port Louis,North,2,28000,0.0,16224.24,56000.0,32448.48,23551.52
ORD00315,2024-07-17,C0021,Office Lamp,Office,Mahebourg,South,2,1800,0.05,1194.72,3420.0,2389.44,1030.56
ORD00316,2024-03-22,C0341,USB-C Hub,Accessories,Port Louis,North,1,1800,0.0,1117.8,1800.0,1117.8,682.2
ORD00317,2025-01-18,C0327,Monitor 27,Electronics,Quatre Bornes,West,1,12000,0.05,7753.65,11400.0,7753.65,3646.35
ORD00318,2025-08-20,C0169,Standing Desk,Furniture,Flacq,East,1,15000,0.1,10743.71,13500.0,10743.71,2756.29
ORD00319,2025-02-26,C0341,Smartphone X,Electronics,Flacq,East,1,28000,0.0,18521.44,28000.0,18521.44,9478.56
ORD00320,2025-05-31,C0125,Monitor 27,Electronics,Black River,West,2,12000,0.0,7736.47,24000.0,15472.94,8527.06
ORD00321,2025-11-09,C0243,Standing Desk,Furniture,Mahebourg,South,1,15000,0.0,11624.31,15000.0,11624.31,3375.69
ORD00322,2025-07-14,C0214,Gaming Mouse,Accessories,Port Louis,North,1,2200,0.0,1592.92,2200.0,1592.92,607.08
ORD00323,2025-10-16,C0168,Mechanical Keyboard,Accessories,Port Louis,North,1,4200,0.0,3224.45,4200.0,3224.45,975.55
ORD00324,2024-02-27,C0097,Smartphone X,Electronics,Quatre Bornes,West,1,28000,0.0,21255.38,28000.0,21255.38,6744.62
ORD00325,2025-07-07,C0403,Office Chair,Furniture,Mahebourg,South,2,8500,0.1,5418.72,15300.0,10837.44,4462.56
ORD00326,2025-12-09,C0164,Office Lamp,Office,Black River,West,1,1800,0.0,1318.24,1800.0,1318.24,481.76
ORD00327,2025-04-29,C0042,Monitor 27,Electronics,Flacq,East,1,12000,0.1,8071.16,10800.0,8071.16,2728.84
ORD00328,2025-04-12,C0363,Office Chair,Furniture,Centre de Flacq,East,1,8500,0.0,6429.0,8500.0,6429.0,2071.0
ORD00329,2024-02-09,C0176,Laptop Pro 14,Electronics,Mahebourg,South,1,45000,0.0,32332.77,45000.0,32332.77,12667.23
ORD00330,2025-09-10,C0395,Mechanical Keyboard,Accessories,Mahebourg,South,3,4200,0.1,2423.64,11340.0,7270.92,4069.08
ORD00331,2024-01-16,C0412,Office Chair,Furniture,Quatre Bornes,West,1,8500,0.05,5306.49,8075.0,5306.49,2768.51
ORD00332,2024-04-11,C0196,Office Chair,Furniture,Quatre Bornes,West,1,8500,0.05,4856.87,8075.0,4856.87,3218.13
ORD00333,2025-10-27,C0434,Tablet Air,Electronics,Port Louis,North,1,18000,0.1,13290.92,16200.0,13290.92,2909.08
ORD00334,2025-10-07,C0213,Monitor 27,Electronics,Centre de Flacq,East,1,12000,0.1,7867.57,10800.0,7867.57,2932.43
ORD00335,2025-12-28,C0248,Office Lamp,Office,Curepipe,South,1,1800,0.0,1284.77,1800.0,1284.77,515.23
ORD00336,2024-08-05,C0314,Tablet Air,Electronics,Port Louis,North,1,18000,0.0,11764.45,18000.0,11764.45,6235.55
ORD00337,2024-03-15,C0347,Mechanical Keyboard,Accessories,Centre de Flacq,East,2,4200,0.1,3125.05,7560.0,6250.1,1309.9
ORD00338,2024-10-15,C0423,Smartphone X,Electronics,Pamplemousses,North,1,28000,0.05,15848.49,26600.0,15848.49,10751.51
ORD00339,2025-03-29,C0004,Laptop Pro 14,Electronics,Black River,West,2,45000,0.0,31403.83,90000.0,62807.66,27192.34
ORD00340,2025-03-17,C0142,Gaming Mouse,Accessories,Mahebourg,South,1,2200,0.0,1540.5,2200.0,1540.5,659.5
ORD00341,2025-04-04,C0134,Tablet Air,Electronics,Port Louis,North,1,18000,0.1,12594.18,16200.0,12594.18,3605.82
ORD00342,2024-09-07,C0328,Printer,Office,Port Louis,North,1,9500,0.0,5720.41,9500.0,5720.41,3779.59
ORD00343,2025-12-02,C0154,Printer,Office,Mahebourg,South,1,9500,0.0,6841.69,9500.0,6841.69,2658.31
ORD00344,2025-09-05,C0201,Monitor 27,Electronics,Pamplemousses,North,1,12000,0.1,8680.93,10800.0,8680.93,2119.07
ORD00345,2024-10-10,C0431,Monitor 27,Electronics,Port Louis,North,1,12000,0.1,7377.0,10800.0,7377.0,3423.0
ORD00346,2025-02-01,C0376,Wireless Headphones,Accessories,Port Louis,North,1,6500,0.0,3593.54,6500.0,3593.54,2906.46
ORD00347,2024-03-29,C0068,Tablet Air,Electronics,Quatre Bornes,West,1,18000,0.05,12379.07,17100.0,12379.07,4720.93
ORD00348,2025-05-28,C0477,Mechanical Keyboard,Accessories,Centre de Flacq,East,2,4200,0.0,2386.28,8400.0,4772.56,3627.44
ORD00349,2024-03-02,C0255,Office Lamp,Office,Black River,West,1,1800,0.15,1344.26,1530.0,1344.26,185.74
ORD00350,2025-10-22,C0445,Gaming Mouse,Accessories,Pamplemousses,North,1,2200,0.0,1257.49,2200.0,1257.49,942.51
ORD00351,2024-11-19,C0424,Standing Desk,Furniture,Black River,West,3,15000,0.0,10645.85,45000.0,31937.55,13062.45
ORD00352,2024-11-27,C0021,Monitor 27,Electronics,Black River,West,1,12000,0.0,7070.81,12000.0,7070.81,4929.19
ORD00353,2025-07-03,C0406,Tablet Air,Electronics,Flacq,East,1,18000,0.0,10331.49,18000.0,10331.49,7668.51
ORD00354,2024-03-16,C0257,Office Lamp,Office,Mahebourg,South,3,1800,0.05,1297.85,5130.0,3893.55,1236.45
ORD00355,2025-08-06,C0218,Mechanical Keyboard,Accessories,Centre de Flacq,East,1,4200,0.0,2766.43,4200.0,2766.43,1433.57
ORD00356,2024-10-09,C0424,USB-C Hub,Accessories,Pamplemousses,North,4,1800,0.0,1189.56,7200.0,4758.24,2441.76
ORD00357,2024-05-21,C0302,Wireless Headphones,Accessories,Flacq,East,1,6500,0.0,3583.23,6500.0,3583.23,2916.77
ORD00358,2024-07-08,C0192,Office Lamp,Office,Black River,West,1,1800,0.0,1171.55,1800.0,1171.55,628.45
ORD00359,2024-11-13,C0344,Monitor 27,Electronics,Mahebourg,South,1,12000,0.0,8303.1,12000.0,8303.1,3696.9
ORD00360,2025-07-24,C0333,Office Chair,Furniture,Curepipe,South,1,8500,0.05,6615.96,8075.0,6615.96,1459.04
ORD00361,2024-05-06,C0109,Standing Desk,Furniture,Port Louis,North,1,15000,0.0,11381.26,15000.0,11381.26,3618.74
ORD00362,2024-09-24,C0347,USB-C Hub,Accessories,Flacq,East,3,1800,0.1,990.65,4860.0,2971.95,1888.05
ORD00363,2024-06-22,C0324,Office Chair,Furniture,Port Louis,North,1,8500,0.1,5176.84,7650.0,5176.84,2473.16
ORD00364,2025-11-03,C0225,Gaming Mouse,Accessories,Mahebourg,South,1,2200,0.0,1590.1,2200.0,1590.1,609.9
ORD00365,2024-11-27,C0450,Monitor 27,Electronics,Port Louis,North,3,12000,0.05,8473.13,34200.0,25419.39,8780.61
ORD00366,2024-09-22,C0454,Mechanical Keyboard,Accessories,Curepipe,South,1,4200,0.0,2476.01,4200.0,2476.01,1723.99
ORD00367,2025-10-28,C0425,Mechanical Keyboard,Accessories,Flacq,East,2,4200,0.15,3102.13,7140.0,6204.26,935.74
ORD00368,2024-09-24,C0049,Office Chair,Furniture,Port Louis,North,1,8500,0.0,4915.47,8500.0,4915.47,3584.53
ORD00369,2024-05-06,C0146,Standing Desk,Furniture,Curepipe,South,2,15000,0.1,10639.1,27000.0,21278.2,5721.8
ORD00370,2025-02-23,C0354,Monitor 27,Electronics,Flacq,East,1,12000,0.05,7832.12,11400.0,7832.12,3567.88
ORD00371,2025-03-26,C0313,Monitor 27,Electronics,Mahebourg,South,1,12000,0.0,8206.87,12000.0,8206.87,3793.13
ORD00372,2024-04-27,C0196,Standing Desk,Furniture,Flacq,East,1,15000,0.0,9735.33,15000.0,9735.33,5264.67
ORD00373,2025-02-24,C0419,Wireless Headphones,Accessories,Quatre Bornes,West,1,6500,0.0,4141.47,6500.0,4141.47,2358.53
ORD00374,2025-03-02,C0418,Printer,Office,Curepipe,South,1,9500,0.05,6548.63,9025.0,6548.63,2476.37
ORD00375,2025-11-18,C0325,Mechanical Keyboard,Accessories,Pamplemousses,North,1,4200,0.05,2445.77,3990.0,2445.77,1544.23
ORD00376,2025-01-10,C0363,Printer,Office,Quatre Bornes,West,1,9500,0.0,5681.37,9500.0,5681.37,3818.63
ORD00377,2025-03-23,C0426,Smartphone X,Electronics,Curepipe,South,1,28000,0.0,18541.76,28000.0,18541.76,9458.24
ORD00378,2025-04-29,C0274,USB-C Hub,Accessories,Quatre Bornes,West,1,1800,0.0,1173.87,1800.0,1173.87,626.13
ORD00379,2024-07-19,C0496,Printer,Office,Quatre Bornes,West,3,9500,0.0,6067.34,28500.0,18202.02,10297.98
ORD00380,2024-10-04,C0379,Monitor 27,Electronics,Curepipe,South,1,12000,0.0,8702.85,12000.0,8702.85,3297.15
ORD00381,2024-12-08,C0430,Smartphone X,Electronics,Mahebourg,South,1,28000,0.0,15771.25,28000.0,15771.25,12228.75
ORD00382,2025-01-17,C0280,Printer,Office,Pamplemousses,North,1,9500,0.0,6493.32,9500.0,6493.32,3006.68
ORD00383,2025-09-28,C0252,Smartphone X,Electronics,Curepipe,South,1,28000,0.0,21800.38,28000.0,21800.38,6199.62
ORD00384,2024-04-13,C0005,USB-C Hub,Accessories,Mahebourg,South,1,1800,0.05,1051.27,1710.0,1051.27,658.73
ORD00385,2025-10-18,C0310,Tablet Air,Electronics,Centre de Flacq,East,1,18000,0.05,12380.36,17100.0,12380.36,4719.64
ORD00386,2025-11-15,C0184,Gaming Mouse,Accessories,Mahebourg,South,2,2200,0.0,1239.22,4400.0,2478.44,1921.56
ORD00387,2024-01-20,C0108,Office Lamp,Office,Mahebourg,South,3,1800,0.1,1202.34,4860.0,3607.02,1252.98
ORD00388,2025-08-04,C0399,Wireless Headphones,Accessories,Centre de Flacq,East,1,6500,0.0,4713.89,6500.0,4713.89,1786.11
ORD00389,2025-12-15,C0092,Smartphone X,Electronics,Quatre Bornes,West,2,28000,0.1,18336.51,50400.0,36673.02,13726.98
ORD00390,2025-11-17,C0116,Office Chair,Furniture,Black River,West,3,8500,0.0,4888.61,25500.0,14665.83,10834.17
ORD00391,2024-12-02,C0013,Standing Desk,Furniture,Black River,West,1,15000,0.1,9796.7,13500.0,9796.7,3703.3
ORD00392,2025-05-08,C0054,Smartphone X,Electronics,Port Louis,North,1,28000,0.05,20054.23,26600.0,20054.23,6545.77
ORD00393,2024-11-15,C0057,Office Lamp,Office,Pamplemousses,North,2,1800,0.0,1077.23,3600.0,2154.46,1445.54
ORD00394,2024-10-29,C0067,Standing Desk,Furniture,Black River,West,4,15000,0.0,8258.0,60000.0,33032.0,26968.0
ORD00395,2024-03-05,C0188,Laptop Pro 14,Electronics,Curepipe,South,1,45000,0.0,34448.89,45000.0,34448.89,10551.11
ORD00396,2024-05-07,C0290,Wireless Headphones,Accessories,Quatre Bornes,West,2,6500,0.0,4171.65,13000.0,8343.3,4656.7
ORD00397,2025-01-18,C0461,Mechanical Keyboard,Accessories,Flacq,East,1,4200,0.0,2920.6,4200.0,2920.6,1279.4
ORD00398,2025-11-15,C0375,Tablet Air,Electronics,Flacq,East,1,18000,0.0,10218.21,18000.0,10218.21,7781.79
ORD00399,2024-06-10,C0111,Mechanical Keyboard,Accessories,Black River,West,1,4200,0.0,2699.18,4200.0,2699.18,1500.82
ORD00400,2025-05-22,C0118,Standing Desk,Furniture,Quatre Bornes,West,1,15000,0.0,9168.28,15000.0,9168.28,5831.72
ORD00401,2024-08-18,C0053,Laptop Pro 14,Electronics,Curepipe,South,1,45000,0.15,30996.15,38250.0,30996.15,7253.85
ORD00402,2024-11-08,C0484,Laptop Pro 14,Electronics,Quatre Bornes,West,2,45000,0.1,29448.35,81000.0,58896.7,22103.3
ORD00403,2025-03-31,C0408,Smartphone X,Electronics,Centre de Flacq,East,1,28000,0.05,20697.12,26600.0,20697.12,5902.88
ORD00404,2024-01-22,C0462,Printer,Office,Centre de Flacq,East,2,9500,0.0,6310.28,19000.0,12620.56,6379.44
ORD00405,2024-10-16,C0241,Printer,Office,Pamplemousses,North,1,9500,0.0,5449.5,9500.0,5449.5,4050.5
ORD00406,2024-06-02,C0390,Mechanical Keyboard,Accessories,Centre de Flacq,East,2,4200,0.05,2761.09,7980.0,5522.18,2457.82
ORD00407,2024-11-20,C0411,Office Lamp,Office,Black River,West,1,1800,0.0,1101.94,1800.0,1101.94,698.06
ORD00408,2025-11-04,C0112,Smartphone X,Electronics,Mahebourg,South,2,28000,0.0,21260.03,56000.0,42520.06,13479.94
ORD00409,2025-07-21,C0475,Laptop Pro 14,Electronics,Quatre Bornes,West,2,45000,0.0,28762.17,90000.0,57524.34,32475.66
ORD00410,2025-12-29,C0024,Office Chair,Furniture,Centre de Flacq,East,1,8500,0.1,5032.39,7650.0,5032.39,2617.61
ORD00411,2025-06-06,C0140,Monitor 27,Electronics,Quatre Bornes,West,1,12000,0.0,8757.83,12000.0,8757.83,3242.17
ORD00412,2024-10-19,C0303,Mechanical Keyboard,Accessories,Port Louis,North,3,4200,0.0,2728.02,12600.0,8184.06,4415.94
ORD00413,2025-05-10,C0210,Tablet Air,Electronics,Pamplemousses,North,1,18000,0.0,13077.73,18000.0,13077.73,4922.27
ORD00414,2025-01-31,C0481,Monitor 27,Electronics,Mahebourg,South,2,12000,0.0,9029.23,24000.0,18058.46,5941.54
ORD00415,2024-04-09,C0003,Smartphone X,Electronics,Flacq,East,1,28000,0.1,16209.66,25200.0,16209.66,8990.34
ORD00416,2024-01-28,C0021,Gaming Mouse,Accessories,Black River,West,2,2200,0.0,1503.06,4400.0,3006.12,1393.88
ORD00417,2024-09-08,C0303,Monitor 27,Electronics,Port Louis,North,2,12000,0.05,8100.9,22800.0,16201.8,6598.2
ORD00418,2024-02-22,C0398,Gaming Mouse,Accessories,Flacq,East,3,2200,0.1,1568.95,5940.0,4706.85,1233.15
ORD00419,2024-05-17,C0171,Mechanical Keyboard,Accessories,Port Louis,North,1,4200,0.05,2319.59,3990.0,2319.59,1670.41
ORD00420,2025-02-12,C0175,USB-C Hub,Accessories,Black River,West,2,1800,0.0,1310.43,3600.0,2620.86,979.14
ORD00421,2025-04-09,C0222,Office Lamp,Office,Mahebourg,South,1,1800,0.0,1308.85,1800.0,1308.85,491.15
ORD00422,2025-11-04,C0313,Gaming Mouse,Accessories,Port Louis,North,1,2200,0.05,1322.97,2090.0,1322.97,767.03
ORD00423,2025-09-29,C0307,Printer,Office,Centre de Flacq,East,2,9500,0.0,7146.17,19000.0,14292.34,4707.66
ORD00424,2025-04-01,C0059,Laptop Pro 14,Electronics,Mahebourg,South,1,45000,0.0,26893.43,45000.0,26893.43,18106.57
ORD00425,2025-10-05,C0124,Monitor 27,Electronics,Quatre Bornes,West,3,12000,0.05,7906.59,34200.0,23719.77,10480.23
ORD00426,2025-04-15,C0468,USB-C Hub,Accessories,Centre de Flacq,East,4,1800,0.0,1209.73,7200.0,4838.92,2361.08
ORD00427,2025-03-09,C0199,Office Lamp,Office,Centre de Flacq,East,2,1800,0.0,1290.41,3600.0,2580.82,1019.18
ORD00428,2024-12-27,C0456,USB-C Hub,Accessories,Quatre Bornes,West,1,1800,0.0,1396.4,1800.0,1396.4,403.6
ORD00429,2024-12-25,C0102,Office Lamp,Office,Quatre Bornes,West,1,1800,0.1,1382.22,1620.0,1382.22,237.78
ORD00430,2024-08-03,C0084,Monitor 27,Electronics,Flacq,East,2,12000,0.05,9168.47,22800.0,18336.94,4463.06
ORD00431,2024-12-26,C0061,Laptop Pro 14,Electronics,Mahebourg,South,3,45000,0.0,27253.6,135000.0,81760.8,53239.2
ORD00432,2024-05-01,C0202,Mechanical Keyboard,Accessories,Flacq,East,1,4200,0.1,2754.04,3780.0,2754.04,1025.96
ORD00433,2024-10-28,C0235,Tablet Air,Electronics,Mahebourg,South,1,18000,0.0,10766.03,18000.0,10766.03,7233.97
ORD00434,2025-09-11,C0070,Printer,Office,Black River,West,2,9500,0.1,5753.72,17100.0,11507.44,5592.56
ORD00435,2025-11-11,C0332,Office Lamp,Office,Port Louis,North,4,1800,0.05,1396.19,6840.0,5584.76,1255.24
ORD00436,2024-05-18,C0390,Tablet Air,Electronics,Mahebourg,South,1,18000,0.0,9953.94,18000.0,9953.94,8046.06
ORD00437,2024-09-16,C0336,Printer,Office,Quatre Bornes,West,1,9500,0.05,6088.52,9025.0,6088.52,2936.48
ORD00438,2025-03-25,C0321,USB-C Hub,Accessories,Black River,West,1,1800,0.05,1092.4,1710.0,1092.4,617.6
ORD00439,2025-03-02,C0137,Wireless Headphones,Accessories,Flacq,East,1,6500,0.05,4320.85,6175.0,4320.85,1854.15
ORD00440,2025-02-24,C0216,Office Lamp,Office,Port Louis,North,3,1800,0.0,1252.63,5400.0,3757.89,1642.11
ORD00441,2024-06-18,C0377,Office Chair,Furniture,Mahebourg,South,2,8500,0.0,5513.11,17000.0,11026.22,5973.78
ORD00442,2024-12-14,C0034,USB-C Hub,Accessories,Curepipe,South,3,1800,0.0,1399.9,5400.0,4199.7,1200.3
ORD00443,2025-05-13,C0163,Office Chair,Furniture,Curepipe,South,1,8500,0.0,6149.59,8500.0,6149.59,2350.41
ORD00444,2025-09-02,C0468,USB-C Hub,Accessories,Quatre Bornes,West,1,1800,0.05,1093.91,1710.0,1093.91,616.09
ORD00445,2025-11-23,C0116,Laptop Pro 14,Electronics,Mahebourg,South,1,45000,0.0,34253.77,45000.0,34253.77,10746.23
ORD00446,2024-09-22,C0237,Monitor 27,Electronics,Quatre Bornes,West,1,12000,0.15,7008.97,10200.0,7008.97,3191.03
ORD00447,2025-08-02,C0403,Standing Desk,Furniture,Flacq,East,1,15000,0.0,10867.78,15000.0,10867.78,4132.22
ORD00448,2024-04-18,C0132,Office Chair,Furniture,Curepipe,South,3,8500,0.1,5495.02,22950.0,16485.06,6464.94
ORD00449,2024-03-24,C0412,Standing Desk,Furniture,Mahebourg,South,1,15000,0.0,11199.85,15000.0,11199.85,3800.15
ORD00450,2025-05-08,C0280,USB-C Hub,Accessories,Pamplemousses,North,3,1800,0.0,1159.5,5400.0,3478.5,1921.5
ORD00451,2024-10-09,C0323,Wireless Headphones,Accessories,Quatre Bornes,West,2,6500,0.05,4553.7,12350.0,9107.4,3242.6
ORD00452,2024-10-16,C0254,Gaming Mouse,Accessories,Quatre Bornes,West,1,2200,0.0,1229.01,2200.0,1229.01,970.99
ORD00453,2024-06-29,C0168,Monitor 27,Electronics,Quatre Bornes,West,1,12000,0.0,8595.83,12000.0,8595.83,3404.17
ORD00454,2025-01-25,C0476,Wireless Headphones,Accessories,Port Louis,North,1,6500,0.0,4665.37,6500.0,4665.37,1834.63
ORD00455,2024-02-07,C0190,Monitor 27,Electronics,Centre de Flacq,East,2,12000,0.0,7436.09,24000.0,14872.18,9127.82
ORD00456,2025-06-20,C0039,Monitor 27,Electronics,Port Louis,North,1,12000,0.1,8826.47,10800.0,8826.47,1973.53
ORD00457,2025-06-11,C0287,Mechanical Keyboard,Accessories,Quatre Bornes,West,1,4200,0.05,2385.79,3990.0,2385.79,1604.21
ORD00458,2024-07-20,C0273,Monitor 27,Electronics,Pamplemousses,North,1,12000,0.05,7929.95,11400.0,7929.95,3470.05
ORD00459,2025-07-13,C0217,Printer,Office,Port Louis,North,2,9500,0.0,6347.77,19000.0,12695.54,6304.46
ORD00460,2025-07-16,C0198,Standing Desk,Furniture,Curepipe,South,1,15000,0.0,8588.91,15000.0,8588.91,6411.09
ORD00461,2024-01-01,C0169,Office Chair,Furniture,Pamplemousses,North,2,8500,0.0,4735.33,17000.0,9470.66,7529.34
ORD00462,2025-04-21,C0049,Mechanical Keyboard,Accessories,Pamplemousses,North,2,4200,0.0,2424.83,8400.0,4849.66,3550.34
ORD00463,2024-03-16,C0100,Office Chair,Furniture,Flacq,East,1,8500,0.0,5618.29,8500.0,5618.29,2881.71
ORD00464,2025-06-27,C0078,Smartphone X,Electronics,Mahebourg,South,1,28000,0.05,16201.03,26600.0,16201.03,10398.97
ORD00465,2024-09-26,C0481,Wireless Headphones,Accessories,Quatre Bornes,West,1,6500,0.0,4630.76,6500.0,4630.76,1869.24
ORD00466,2024-06-16,C0320,Gaming Mouse,Accessories,Port Louis,North,2,2200,0.1,1300.7,3960.0,2601.4,1358.6
ORD00467,2025-04-27,C0428,Printer,Office,Black River,West,2,9500,0.1,6704.58,17100.0,13409.16,3690.84
ORD00468,2024-05-30,C0375,Tablet Air,Electronics,Mahebourg,South,1,18000,0.0,11195.25,18000.0,11195.25,6804.75
ORD00469,2025-03-26,C0481,Tablet Air,Electronics,Quatre Bornes,West,1,18000,0.0,10574.05,18000.0,10574.05,7425.95
ORD00470,2024-04-22,C0005,Printer,Office,Port Louis,North,1,9500,0.0,7267.96,9500.0,7267.96,2232.04
ORD00471,2025-07-22,C0489,Mechanical Keyboard,Accessories,Quatre Bornes,West,1,4200,0.0,2391.07,4200.0,2391.07,1808.93
ORD00472,2024-01-19,C0084,Smartphone X,Electronics,Flacq,East,1,28000,0.0,21724.4,28000.0,21724.4,6275.6
ORD00473,2025-11-24,C0029,Office Chair,Furniture,Flacq,East,1,8500,0.05,4873.18,8075.0,4873.18,3201.82
ORD00474,2024-12-03,C0322,Monitor 27,Electronics,Quatre Bornes,West,1,12000,0.0,9296.81,12000.0,9296.81,2703.19
ORD00475,2025-06-01,C0219,Monitor 27,Electronics,Mahebourg,South,2,12000,0.05,7766.73,22800.0,15533.46,7266.54
ORD00476,2025-11-19,C0124,Tablet Air,Electronics,Curepipe,South,1,18000,0.0,11011.73,18000.0,11011.73,6988.27
ORD00477,2025-08-08,C0020,Printer,Office,Centre de Flacq,East,1,9500,0.0,7247.27,9500.0,7247.27,2252.73
ORD00478,2025-07-06,C0290,Tablet Air,Electronics,Pamplemousses,North,1,18000,0.05,11007.04,17100.0,11007.04,6092.96
ORD00479,2024-05-13,C0100,Monitor 27,Electronics,Pamplemousses,North,2,12000,0.05,7463.62,22800.0,14927.24,7872.76
ORD00480,2024-02-28,C0079,Wireless Headphones,Accessories,Flacq,East,3,6500,0.0,3806.47,19500.0,11419.41,8080.59
ORD00481,2024-11-10,C0025,Gaming Mouse,Accessories,Centre de Flacq,East,1,2200,0.05,1564.78,2090.0,1564.78,525.22
ORD00482,2024-10-10,C0138,Wireless Headphones,Accessories,Flacq,East,3,6500,0.0,4979.78,19500.0,14939.34,4560.66
ORD00483,2025-02-23,C0330,USB-C Hub,Accessories,Centre de Flacq,East,2,1800,0.0,1265.31,3600.0,2530.62,1069.38
ORD00484,2025-01-04,C0367,Tablet Air,Electronics,Centre de Flacq,East,2,18000,0.0,13241.76,36000.0,26483.52,9516.48
ORD00485,2024-09-27,C0043,Monitor 27,Electronics,Quatre Bornes,West,1,12000,0.15,7232.51,10200.0,7232.51,2967.49
ORD00486,2025-01-11,C0111,Wireless Headphones,Accessories,Centre de Flacq,East,1,6500,0.05,4798.46,6175.0,4798.46,1376.54
ORD00487,2025-04-24,C0296,Laptop Pro 14,Electronics,Black River,West,1,45000,0.0,27312.24,45000.0,27312.24,17687.76
ORD00488,2024-07-21,C0138,USB-C Hub,Accessories,Curepipe,South,1,1800,0.05,1144.09,1710.0,1144.09,565.91
ORD00489,2024-12-03,C0458,Wireless Headphones,Accessories,Quatre Bornes,West,3,6500,0.0,3874.42,19500.0,11623.26,7876.74
ORD00490,2025-08-25,C0295,USB-C Hub,Accessories,Curepipe,South,1,1800,0.0,1321.08,1800.0,1321.08,478.92
ORD00491,2025-01-03,C0258,Mechanical Keyboard,Accessories,Quatre Bornes,West,2,4200,0.0,3070.6,8400.0,6141.2,2258.8
ORD00492,2025-03-20,C0107,Office Lamp,Office,Quatre Bornes,West,2,1800,0.0,1211.5,3600.0,2423.0,1177.0
ORD00493,2025-07-02,C0205,Smartphone X,Electronics,Black River,West,1,28000,0.05,19256.56,26600.0,19256.56,7343.44
ORD00494,2024-08-01,C0311,Printer,Office,Curepipe,South,1,9500,0.1,5455.28,8550.0,5455.28,3094.72
ORD00495,2024-01-03,C0133,Monitor 27,Electronics,Mahebourg,South,1,12000,0.0,7042.88,12000.0,7042.88,4957.12
ORD00496,2025-12-14,C0452,Office Chair,Furniture,Black River,West,2,8500,0.1,5547.32,15300.0,11094.64,4205.36
ORD00497,2024-03-09,C0061,Office Lamp,Office,Pamplemousses,North,1,1800,0.05,1095.52,1710.0,1095.52,614.48
ORD00498,2024-11-14,C0389,Monitor 27,Electronics,Pamplemousses,North,2,12000,0.0,8833.74,24000.0,17667.48,6332.52
ORD00499,2025-07-01,C0317,USB-C Hub,Accessories,Flacq,East,1,1800,0.0,1121.9,1800.0,1121.9,678.1
ORD00500,2024-05-16,C0087,Tablet Air,Electronics,Port Louis,North,1,18000,0.0,13189.17,18000.0,13189.17,4810.83
ORD00501,2025-04-09,C0239,Tablet Air,Electronics,Mahebourg,South,1,18000,0.0,11125.2,18000.0,11125.2,6874.8
ORD00502,2025-11-07,C0104,Wireless Headphones,Accessories,Mahebourg,South,1,6500,0.0,3822.1,6500.0,3822.1,2677.9
ORD00503,2025-08-19,C0209,Office Lamp,Office,Centre de Flacq,East,1,1800,0.0,1024.59,1800.0,1024.59,775.41
ORD00504,2025-09-29,C0420,Tablet Air,Electronics,Pamplemousses,North,1,18000,0.0,10336.13,18000.0,10336.13,7663.87
ORD00505,2025-11-04,C0147,Printer,Office,Mahebourg,South,1,9500,0.0,6079.41,9500.0,6079.41,3420.59
ORD00506,2024-04-27,C0446,Standing Desk,Furniture,Pamplemousses,North,1,15000,0.05,9684.42,14250.0,9684.42,4565.58
ORD00507,2025-04-25,C0499,Standing Desk,Furniture,Mahebourg,South,2,15000,0.0,9975.39,30000.0,19950.78,10049.22
ORD00508,2024-05-20,C0344,Laptop Pro 14,Electronics,Black River,West,1,45000,0.1,29294.64,40500.0,29294.64,11205.36
ORD00509,2024-10-08,C0103,Gaming Mouse,Accessories,Curepipe,South,2,2200,0.05,1601.13,4180.0,3202.26,977.74
ORD00510,2024-07-11,C0117,Printer,Office,Port Louis,North,1,9500,0.0,6450.08,9500.0,6450.08,3049.92
ORD00511,2025-02-19,C0093,Monitor 27,Electronics,Centre de Flacq,East,2,12000,0.05,8677.28,22800.0,17354.56,5445.44
ORD00512,2025-05-19,C0413,Tablet Air,Electronics,Quatre Bornes,West,1,18000,0.0,12100.73,18000.0,12100.73,5899.27
ORD00513,2024-12-04,C0146,Tablet Air,Electronics,Quatre Bornes,West,1,18000,0.0,12581.79,18000.0,12581.79,5418.21
ORD00514,2025-03-10,C0292,Standing Desk,Furniture,Pamplemousses,North,2,15000,0.0,10119.08,30000.0,20238.16,9761.84
ORD00515,2024-11-30,C0335,Laptop Pro 14,Electronics,Port Louis,North,1,45000,0.0,33069.48,45000.0,33069.48,11930.52
ORD00516,2025-06-15,C0320,USB-C Hub,Accessories,Quatre Bornes,West,1,1800,0.0,1135.12,1800.0,1135.12,664.88
ORD00517,2024-02-09,C0107,Wireless Headphones,Accessories,Pamplemousses,North,1,6500,0.05,4556.81,6175.0,4556.81,1618.19
ORD00518,2024-04-05,C0124,Smartphone X,Electronics,Port Louis,North,2,28000,0.0,15434.22,56000.0,30868.44,25131.56
ORD00519,2025-04-26,C0368,Monitor 27,Electronics,Quatre Bornes,West,1,12000,0.0,8112.57,12000.0,8112.57,3887.43
ORD00520,2025-03-04,C0044,USB-C Hub,Accessories,Mahebourg,South,2,1800,0.0,1075.8,3600.0,2151.6,1448.4
ORD00521,2025-06-24,C0400,Monitor 27,Electronics,Mahebourg,South,1,12000,0.0,7037.95,12000.0,7037.95,4962.05
ORD00522,2025-12-27,C0426,USB-C Hub,Accessories,Flacq,East,2,1800,0.05,1251.81,3420.0,2503.62,916.38
ORD00523,2025-11-12,C0237,Mechanical Keyboard,Accessories,Curepipe,South,1,4200,0.05,2489.07,3990.0,2489.07,1500.93
ORD00524,2025-01-20,C0002,USB-C Hub,Accessories,Mahebourg,South,1,1800,0.0,1021.87,1800.0,1021.87,778.13
ORD00525,2024-06-26,C0294,Office Chair,Furniture,Mahebourg,South,2,8500,0.05,5206.65,16150.0,10413.3,5736.7
ORD00526,2025-05-19,C0156,Tablet Air,Electronics,Pamplemousses,North,1,18000,0.0,11015.78,18000.0,11015.78,6984.22
ORD00527,2025-01-12,C0207,Wireless Headphones,Accessories,Port Louis,North,2,6500,0.0,4736.3,13000.0,9472.6,3527.4
ORD00528,2025-01-22,C0161,Mechanical Keyboard,Accessories,Curepipe,South,2,4200,0.05,3032.41,7980.0,6064.82,1915.18
ORD00529,2025-06-23,C0005,Mechanical Keyboard,Accessories,Port Louis,North,1,4200,0.1,2545.12,3780.0,2545.12,1234.88
ORD00530,2024-04-29,C0255,Mechanical Keyboard,Accessories,Black River,West,1,4200,0.0,2806.72,4200.0,2806.72,1393.28
ORD00531,2025-03-30,C0256,Smartphone X,Electronics,Black River,West,2,28000,0.0,19113.96,56000.0,38227.92,17772.08
ORD00532,2025-07-03,C0458,Office Lamp,Office,Pamplemousses,North,1,1800,0.05,1323.96,1710.0,1323.96,386.04
ORD00533,2025-03-26,C0438,Laptop Pro 14,Electronics,Quatre Bornes,West,3,45000,0.1,33539.0,121500.0,100617.0,20883.0
ORD00534,2025-05-22,C0480,Mechanical Keyboard,Accessories,Flacq,East,1,4200,0.05,2912.54,3990.0,2912.54,1077.46
ORD00535,2024-12-21,C0125,Printer,Office,Port Louis,North,1,9500,0.1,6131.37,8550.0,6131.37,2418.63
ORD00536,2024-05-17,C0276,Tablet Air,Electronics,Mahebourg,South,1,18000,0.05,11511.41,17100.0,11511.41,5588.59
ORD00537,2024-02-17,C0315,Printer,Office,Centre de Flacq,East,3,9500,0.0,6377.98,28500.0,19133.94,9366.06
ORD00538,2025-07-16,C0014,Wireless Headphones,Accessories,Mahebourg,South,2,6500,0.0,4980.2,13000.0,9960.4,3039.6
ORD00539,2025-12-15,C0075,Smartphone X,Electronics,Quatre Bornes,West,1,28000,0.1,16108.81,25200.0,16108.81,9091.19
ORD00540,2024-10-03,C0406,Monitor 27,Electronics,Flacq,East,1,12000,0.15,6792.65,10200.0,6792.65,3407.35
ORD00541,2024-03-04,C0093,Standing Desk,Furniture,Quatre Bornes,West,2,15000,0.0,10553.77,30000.0,21107.54,8892.46
ORD00542,2025-03-05,C0268,Smartphone X,Electronics,Pamplemousses,North,2,28000,0.05,19905.68,53200.0,39811.36,13388.64
ORD00543,2024-10-22,C0461,Mechanical Keyboard,Accessories,Black River,West,1,4200,0.0,2698.22,4200.0,2698.22,1501.78
ORD00544,2025-03-13,C0296,Office Lamp,Office,Centre de Flacq,East,1,1800,0.0,1003.14,1800.0,1003.14,796.86
ORD00545,2025-12-21,C0045,Office Chair,Furniture,Centre de Flacq,East,2,8500,0.05,5087.96,16150.0,10175.92,5974.08
ORD00546,2024-08-26,C0179,Gaming Mouse,Accessories,Flacq,East,2,2200,0.1,1273.36,3960.0,2546.72,1413.28
ORD00547,2024-07-30,C0366,Office Chair,Furniture,Port Louis,North,1,8500,0.1,6191.91,7650.0,6191.91,1458.09
ORD00548,2024-10-02,C0413,Office Chair,Furniture,Curepipe,South,1,8500,0.05,6418.65,8075.0,6418.65,1656.35
ORD00549,2025-05-08,C0358,Office Chair,Furniture,Mahebourg,South,1,8500,0.0,5592.1,8500.0,5592.1,2907.9
ORD00550,2025-12-28,C0072,Gaming Mouse,Accessories,Pamplemousses,North,1,2200,0.15,1294.01,1870.0,1294.01,575.99
ORD00551,2024-10-22,C0056,Standing Desk,Furniture,Port Louis,North,1,15000,0.05,9007.99,14250.0,9007.99,5242.01
ORD00552,2024-02-29,C0282,Laptop Pro 14,Electronics,Black River,West,1,45000,0.0,34845.11,45000.0,34845.11,10154.89
ORD00553,2024-03-26,C0130,Mechanical Keyboard,Accessories,Black River,West,2,4200,0.0,2389.92,8400.0,4779.84,3620.16
ORD00554,2024-01-31,C0408,Gaming Mouse,Accessories,Mahebourg,South,1,2200,0.05,1363.63,2090.0,1363.63,726.37
ORD00555,2024-12-20,C0313,Office Chair,Furniture,Pamplemousses,North,1,8500,0.0,5274.14,8500.0,5274.14,3225.86
ORD00556,2025-03-14,C0371,Smartphone X,Electronics,Pamplemousses,North,1,28000,0.05,19098.41,26600.0,19098.41,7501.59
ORD00557,2025-02-02,C0148,Office Chair,Furniture,Port Louis,North,2,8500,0.15,6414.01,14450.0,12828.02,1621.98
ORD00558,2024-08-05,C0327,Monitor 27,Electronics,Pamplemousses,North,1,12000,0.0,8913.52,12000.0,8913.52,3086.48
ORD00559,2024-08-14,C0488,Office Chair,Furniture,Black River,West,2,8500,0.0,5679.58,17000.0,11359.16,5640.84
ORD00560,2024-08-16,C0039,Monitor 27,Electronics,Curepipe,South,1,12000,0.1,7711.66,10800.0,7711.66,3088.34
ORD00561,2024-03-12,C0222,Printer,Office,Mahebourg,South,1,9500,0.05,5629.82,9025.0,5629.82,3395.18
ORD00562,2025-03-26,C0200,Mechanical Keyboard,Accessories,Port Louis,North,2,4200,0.0,3205.6,8400.0,6411.2,1988.8
ORD00563,2024-09-03,C0187,Mechanical Keyboard,Accessories,Flacq,East,1,4200,0.05,2664.9,3990.0,2664.9,1325.1
ORD00564,2024-03-16,C0254,Gaming Mouse,Accessories,Flacq,East,1,2200,0.05,1321.58,2090.0,1321.58,768.42
ORD00565,2025-12-25,C0433,Mechanical Keyboard,Accessories,Quatre Bornes,West,2,4200,0.05,2889.87,7980.0,5779.74,2200.26
ORD00566,2024-10-02,C0408,Mechanical Keyboard,Accessories,Curepipe,South,1,4200,0.05,2502.72,3990.0,2502.72,1487.28
ORD00567,2024-02-27,C0187,Office Chair,Furniture,Port Louis,North,1,8500,0.0,5140.58,8500.0,5140.58,3359.42
ORD00568,2024-08-16,C0359,Office Chair,Furniture,Curepipe,South,1,8500,0.0,5841.96,8500.0,5841.96,2658.04
ORD00569,2024-01-13,C0055,Smartphone X,Electronics,Quatre Bornes,West,1,28000,0.0,16716.65,28000.0,16716.65,11283.35
ORD00570,2025-04-11,C0180,Wireless Headphones,Accessories,Flacq,East,1,6500,0.0,3650.11,6500.0,3650.11,2849.89
ORD00571,2025-02-20,C0208,Mechanical Keyboard,Accessories,Quatre Bornes,West,4,4200,0.05,3038.11,15960.0,12152.44,3807.56
ORD00572,2024-09-21,C0155,Laptop Pro 14,Electronics,Mahebourg,South,2,45000,0.1,26707.59,81000.0,53415.18,27584.82
ORD00573,2024-07-08,C0351,Standing Desk,Furniture,Flacq,East,1,15000,0.0,10211.2,15000.0,10211.2,4788.8
ORD00574,2024-09-29,C0434,Gaming Mouse,Accessories,Pamplemousses,North,1,2200,0.1,1405.99,1980.0,1405.99,574.01
ORD00575,2025-09-05,C0139,Tablet Air,Electronics,Pamplemousses,North,1,18000,0.05,10870.52,17100.0,10870.52,6229.48
ORD00576,2024-05-28,C0147,Standing Desk,Furniture,Quatre Bornes,West,3,15000,0.0,10359.55,45000.0,31078.65,13921.35
ORD00577,2024-07-02,C0218,Mechanical Keyboard,Accessories,Mahebourg,South,3,4200,0.1,3023.94,11340.0,9071.82,2268.18
ORD00578,2024-06-25,C0188,Wireless Headphones,Accessories,Pamplemousses,North,2,6500,0.0,4093.59,13000.0,8187.18,4812.82
ORD00579,2025-05-08,C0426,Tablet Air,Electronics,Black River,West,1,18000,0.0,13417.07,18000.0,13417.07,4582.93
ORD00580,2024-07-28,C0492,Office Lamp,Office,Quatre Bornes,West,1,1800,0.0,1374.45,1800.0,1374.45,425.55
ORD00581,2024-05-16,C0290,Office Lamp,Office,Pamplemousses,North,1,1800,0.0,1175.79,1800.0,1175.79,624.21
ORD00582,2025-08-01,C0010,Mechanical Keyboard,Accessories,Pamplemousses,North,2,4200,0.05,3038.24,7980.0,6076.48,1903.52
ORD00583,2024-07-29,C0460,Tablet Air,Electronics,Quatre Bornes,West,2,18000,0.0,9928.47,36000.0,19856.94,16143.06
ORD00584,2024-04-14,C0132,Smartphone X,Electronics,Centre de Flacq,East,2,28000,0.0,20278.07,56000.0,40556.14,15443.86
ORD00585,2024-03-27,C0149,Laptop Pro 14,Electronics,Pamplemousses,North,1,45000,0.05,34481.29,42750.0,34481.29,8268.71
ORD00586,2025-03-08,C0366,Laptop Pro 14,Electronics,Quatre Bornes,West,1,45000,0.05,34581.46,42750.0,34581.46,8168.54
ORD00587,2024-10-28,C0364,Monitor 27,Electronics,Centre de Flacq,East,1,12000,0.0,6724.89,12000.0,6724.89,5275.11
ORD00588,2024-10-29,C0192,Smartphone X,Electronics,Port Louis,North,1,28000,0.1,18769.04,25200.0,18769.04,6430.96
ORD00589,2025-07-05,C0005,Wireless Headphones,Accessories,Curepipe,South,1,6500,0.1,4772.47,5850.0,4772.47,1077.53
ORD00590,2024-08-24,C0059,Standing Desk,Furniture,Port Louis,North,1,15000,0.05,9030.65,14250.0,9030.65,5219.35
ORD00591,2025-05-28,C0090,Tablet Air,Electronics,Centre de Flacq,East,2,18000,0.0,10327.52,36000.0,20655.04,15344.96
ORD00592,2025-12-17,C0186,Mechanical Keyboard,Accessories,Flacq,East,1,4200,0.05,2340.7,3990.0,2340.7,1649.3
ORD00593,2025-11-26,C0101,Wireless Headphones,Accessories,Curepipe,South,1,6500,0.0,3901.3,6500.0,3901.3,2598.7
ORD00594,2024-04-20,C0166,USB-C Hub,Accessories,Flacq,East,1,1800,0.1,1329.77,1620.0,1329.77,290.23
ORD00595,2025-09-02,C0337,Laptop Pro 14,Electronics,Mahebourg,South,1,45000,0.0,25626.52,45000.0,25626.52,19373.48
ORD00596,2025-05-10,C0310,Tablet Air,Electronics,Mahebourg,South,1,18000,0.0,13246.8,18000.0,13246.8,4753.2
ORD00597,2025-05-23,C0058,Gaming Mouse,Accessories,Curepipe,South,1,2200,0.0,1553.67,2200.0,1553.67,646.33
ORD00598,2025-02-10,C0242,Gaming Mouse,Accessories,Mahebourg,South,1,2200,0.0,1541.01,2200.0,1541.01,658.99
ORD00599,2024-05-25,C0491,Office Chair,Furniture,Curepipe,South,1,8500,0.0,5873.02,8500.0,5873.02,2626.98
ORD00600,2025-02-22,C0360,Wireless Headphones,Accessories,Port Louis,North,1,6500,0.0,4821.3,6500.0,4821.3,1678.7
ORD00601,2024-11-12,C0454,Printer,Office,Curepipe,South,3,9500,0.0,6863.81,28500.0,20591.43,7908.57
ORD00602,2024-05-07,C0388,Wireless Headphones,Accessories,Centre de Flacq,East,1,6500,0.0,4931.34,6500.0,4931.34,1568.66
ORD00603,2025-03-04,C0171,Smartphone X,Electronics,Pamplemousses,North,1,28000,0.0,18635.63,28000.0,18635.63,9364.37
ORD00604,2024-06-07,C0490,Smartphone X,Electronics,Quatre Bornes,West,2,28000,0.1,21301.75,50400.0,42603.5,7796.5
ORD00605,2024-05-04,C0423,USB-C Hub,Accessories,Flacq,East,1,1800,0.0,1313.32,1800.0,1313.32,486.68
ORD00606,2025-07-25,C0494,Office Chair,Furniture,Mahebourg,South,2,8500,0.0,6326.32,17000.0,12652.64,4347.36
ORD00607,2025-09-11,C0096,Mechanical Keyboard,Accessories,Curepipe,South,1,4200,0.1,2777.56,3780.0,2777.56,1002.44
ORD00608,2025-04-01,C0139,Mechanical Keyboard,Accessories,Mahebourg,South,1,4200,0.0,2572.75,4200.0,2572.75,1627.25
ORD00609,2025-02-04,C0454,Wireless Headphones,Accessories,Flacq,East,1,6500,0.0,4856.5,6500.0,4856.5,1643.5
ORD00610,2024-10-17,C0003,Mechanical Keyboard,Accessories,Black River,West,2,4200,0.0,3266.66,8400.0,6533.32,1866.68
ORD00611,2025-01-27,C0202,Laptop Pro 14,Electronics,Flacq,East,1,45000,0.0,26800.29,45000.0,26800.29,18199.71
ORD00612,2024-03-23,C0237,Wireless Headphones,Accessories,Quatre Bornes,West,1,6500,0.0,3814.54,6500.0,3814.54,2685.46
ORD00613,2024-09-04,C0375,USB-C Hub,Accessories,Curepipe,South,2,1800,0.0,1152.75,3600.0,2305.5,1294.5
ORD00614,2025-09-30,C0011,Tablet Air,Electronics,Pamplemousses,North,1,18000,0.0,10867.99,18000.0,10867.99,7132.01
ORD00615,2025-08-19,C0332,Office Chair,Furniture,Quatre Bornes,West,1,8500,0.0,6372.74,8500.0,6372.74,2127.26
ORD00616,2024-04-30,C0187,Printer,Office,Mahebourg,South,1,9500,0.05,6083.48,9025.0,6083.48,2941.52
ORD00617,2025-10-17,C0333,Printer,Office,Pamplemousses,North,1,9500,0.0,6510.55,9500.0,6510.55,2989.45
ORD00618,2025-10-03,C0375,Printer,Office,Port Louis,North,1,9500,0.05,5513.34,9025.0,5513.34,3511.66
ORD00619,2025-07-28,C0469,Printer,Office,Pamplemousses,North,2,9500,0.0,5718.98,19000.0,11437.96,7562.04
ORD00620,2025-06-03,C0414,Wireless Headphones,Accessories,Black River,West,1,6500,0.0,4876.68,6500.0,4876.68,1623.32
ORD00621,2025-10-24,C0195,Office Chair,Furniture,Pamplemousses,North,1,8500,0.0,5539.32,8500.0,5539.32,2960.68
ORD00622,2024-08-15,C0311,Tablet Air,Electronics,Centre de Flacq,East,1,18000,0.0,11127.06,18000.0,11127.06,6872.94
ORD00623,2024-10-11,C0438,Wireless Headphones,Accessories,Pamplemousses,North,1,6500,0.0,3831.09,6500.0,3831.09,2668.91
ORD00624,2024-01-30,C0022,Smartphone X,Electronics,Curepipe,South,1,28000,0.05,17073.29,26600.0,17073.29,9526.71
ORD00625,2025-11-22,C0239,Monitor 27,Electronics,Black River,West,1,12000,0.0,7263.87,12000.0,7263.87,4736.13
ORD00626,2024-11-30,C0075,Wireless Headphones,Accessories,Quatre Bornes,West,1,6500,0.0,4556.3,6500.0,4556.3,1943.7
ORD00627,2025-11-07,C0135,Office Lamp,Office,Pamplemousses,North,1,1800,0.15,1054.67,1530.0,1054.67,475.33
ORD00628,2025-08-02,C0181,Tablet Air,Electronics,Black River,West,1,18000,0.1,11098.28,16200.0,11098.28,5101.72
ORD00629,2024-10-14,C0144,USB-C Hub,Accessories,Centre de Flacq,East,1,1800,0.0,1223.59,1800.0,1223.59,576.41
ORD00630,2024-01-16,C0327,Printer,Office,Port Louis,North,1,9500,0.0,5442.51,9500.0,5442.51,4057.49
ORD00631,2025-02-13,C0476,Laptop Pro 14,Electronics,Mahebourg,South,2,45000,0.15,27793.6,76500.0,55587.2,20912.8
ORD00632,2024-06-29,C0296,USB-C Hub,Accessories,Black River,West,2,1800,0.0,1042.15,3600.0,2084.3,1515.7
ORD00633,2024-06-19,C0305,Office Lamp,Office,Quatre Bornes,West,1,1800,0.1,1380.79,1620.0,1380.79,239.21
ORD00634,2025-10-17,C0444,Wireless Headphones,Accessories,Pamplemousses,North,1,6500,0.05,3913.28,6175.0,3913.28,2261.72
ORD00635,2024-10-24,C0208,Standing Desk,Furniture,Port Louis,North,2,15000,0.0,8456.8,30000.0,16913.6,13086.4
ORD00636,2024-08-24,C0474,Smartphone X,Electronics,Centre de Flacq,East,1,28000,0.05,17598.09,26600.0,17598.09,9001.91
ORD00637,2025-08-23,C0226,Monitor 27,Electronics,Black River,West,1,12000,0.0,6825.21,12000.0,6825.21,5174.79
ORD00638,2025-11-18,C0411,Smartphone X,Electronics,Pamplemousses,North,1,28000,0.0,16524.73,28000.0,16524.73,11475.27
ORD00639,2025-01-20,C0125,Smartphone X,Electronics,Centre de Flacq,East,1,28000,0.1,19115.11,25200.0,19115.11,6084.89
ORD00640,2024-10-06,C0332,Gaming Mouse,Accessories,Mahebourg,South,1,2200,0.0,1674.14,2200.0,1674.14,525.86
ORD00641,2024-05-29,C0440,Wireless Headphones,Accessories,Pamplemousses,North,2,6500,0.05,5061.65,12350.0,10123.3,2226.7
ORD00642,2025-12-29,C0365,Wireless Headphones,Accessories,Curepipe,South,1,6500,0.05,3954.19,6175.0,3954.19,2220.81
ORD00643,2024-05-02,C0206,Wireless Headphones,Accessories,Port Louis,North,1,6500,0.0,4236.34,6500.0,4236.34,2263.66
ORD00644,2025-12-10,C0044,Office Chair,Furniture,Flacq,East,1,8500,0.0,4938.1,8500.0,4938.1,3561.9
ORD00645,2025-02-04,C0104,Office Lamp,Office,Quatre Bornes,West,1,1800,0.0,1156.44,1800.0,1156.44,643.56
ORD00646,2024-07-24,C0438,Gaming Mouse,Accessories,Port Louis,North,2,2200,0.0,1338.77,4400.0,2677.54,1722.46
ORD00647,2024-07-08,C0409,Printer,Office,Mahebourg,South,2,9500,0.1,6433.55,17100.0,12867.1,4232.9
ORD00648,2025-08-29,C0212,Gaming Mouse,Accessories,Curepipe,South,1,2200,0.0,1258.05,2200.0,1258.05,941.95
ORD00649,2025-08-30,C0099,Mechanical Keyboard,Accessories,Port Louis,North,1,4200,0.0,3153.92,4200.0,3153.92,1046.08
ORD00650,2025-06-15,C0340,USB-C Hub,Accessories,Flacq,East,1,1800,0.0,1192.46,1800.0,1192.46,607.54
ORD00651,2024-11-21,C0364,Tablet Air,Electronics,Centre de Flacq,East,1,18000,0.05,12659.79,17100.0,12659.79,4440.21
ORD00652,2024-07-22,C0475,Monitor 27,Electronics,Centre de Flacq,East,2,12000,0.0,9345.33,24000.0,18690.66,5309.34
ORD00653,2025-11-15,C0365,Office Lamp,Office,Quatre Bornes,West,2,1800,0.0,1193.71,3600.0,2387.42,1212.58
ORD00654,2024-02-12,C0299,Standing Desk,Furniture,Pamplemousses,North,3,15000,0.0,9900.79,45000.0,29702.37,15297.63
ORD00655,2024-03-17,C0479,Standing Desk,Furniture,Mahebourg,South,1,15000,0.0,10270.28,15000.0,10270.28,4729.72
ORD00656,2025-03-14,C0448,USB-C Hub,Accessories,Pamplemousses,North,2,1800,0.0,1196.23,3600.0,2392.46,1207.54
ORD00657,2025-01-03,C0376,Tablet Air,Electronics,Flacq,East,2,18000,0.05,12923.12,34200.0,25846.24,8353.76
ORD00658,2024-09-19,C0427,Wireless Headphones,Accessories,Flacq,East,1,6500,0.05,4406.91,6175.0,4406.91,1768.09
ORD00659,2025-07-16,C0118,Gaming Mouse,Accessories,Black River,West,1,2200,0.0,1597.86,2200.0,1597.86,602.14
ORD00660,2025-07-19,C0011,Wireless Headphones,Accessories,Mahebourg,South,1,6500,0.05,4254.0,6175.0,4254.0,1921.0
ORD00661,2024-12-13,C0409,Office Chair,Furniture,Quatre Bornes,West,1,8500,0.05,5350.7,8075.0,5350.7,2724.3
ORD00662,2024-02-23,C0451,Wireless Headphones,Accessories,Curepipe,South,1,6500,0.0,4321.46,6500.0,4321.46,2178.54
ORD00663,2025-12-20,C0181,Standing Desk,Furniture,Pamplemousses,North,4,15000,0.0,10368.23,60000.0,41472.92,18527.08
ORD00664,2025-07-29,C0337,Mechanical Keyboard,Accessories,Mahebourg,South,1,4200,0.0,3015.66,4200.0,3015.66,1184.34
ORD00665,2025-12-22,C0475,USB-C Hub,Accessories,Pamplemousses,North,1,1800,0.0,1036.04,1800.0,1036.04,763.96
ORD00666,2025-11-03,C0218,Office Lamp,Office,Port Louis,North,1,1800,0.05,1076.46,1710.0,1076.46,633.54
ORD00667,2024-09-16,C0467,Smartphone X,Electronics,Centre de Flacq,East,2,28000,0.05,17624.9,53200.0,35249.8,17950.2
ORD00668,2024-10-18,C0413,Printer,Office,Curepipe,South,1,9500,0.1,6090.94,8550.0,6090.94,2459.06
ORD00669,2025-06-11,C0430,Printer,Office,Flacq,East,1,9500,0.05,6369.2,9025.0,6369.2,2655.8
ORD00670,2024-02-08,C0018,Mechanical Keyboard,Accessories,Mahebourg,South,1,4200,0.05,3110.48,3990.0,3110.48,879.52
ORD00671,2024-03-30,C0390,Laptop Pro 14,Electronics,Port Louis,North,1,45000,0.15,28120.84,38250.0,28120.84,10129.16
ORD00672,2025-08-04,C0030,Mechanical Keyboard,Accessories,Centre de Flacq,East,1,4200,0.0,3271.79,4200.0,3271.79,928.21
ORD00673,2024-02-02,C0332,Mechanical Keyboard,Accessories,Pamplemousses,North,1,4200,0.0,3154.16,4200.0,3154.16,1045.84
ORD00674,2025-06-24,C0438,Gaming Mouse,Accessories,Pamplemousses,North,1,2200,0.05,1402.76,2090.0,1402.76,687.24
ORD00675,2024-09-30,C0443,Smartphone X,Electronics,Flacq,East,1,28000,0.0,18250.2,28000.0,18250.2,9749.8
ORD00676,2025-08-29,C0022,Printer,Office,Black River,West,1,9500,0.0,6972.53,9500.0,6972.53,2527.47
ORD00677,2025-03-25,C0144,USB-C Hub,Accessories,Black River,West,2,1800,0.05,1161.45,3420.0,2322.9,1097.1
ORD00678,2025-11-09,C0416,Tablet Air,Electronics,Centre de Flacq,East,1,18000,0.05,10665.23,17100.0,10665.23,6434.77
ORD00679,2025-03-28,C0271,Gaming Mouse,Accessories,Centre de Flacq,East,1,2200,0.0,1547.26,2200.0,1547.26,652.74
ORD00680,2024-05-02,C0111,USB-C Hub,Accessories,Port Louis,North,1,1800,0.0,1011.18,1800.0,1011.18,788.82
ORD00681,2024-10-20,C0388,Tablet Air,Electronics,Curepipe,South,1,18000,0.1,10501.65,16200.0,10501.65,5698.35
ORD00682,2025-11-21,C0316,Standing Desk,Furniture,Port Louis,North,1,15000,0.05,11279.22,14250.0,11279.22,2970.78
ORD00683,2024-11-29,C0408,Office Chair,Furniture,Quatre Bornes,West,1,8500,0.0,5037.22,8500.0,5037.22,3462.78
ORD00684,2024-04-22,C0473,USB-C Hub,Accessories,Flacq,East,3,1800,0.1,1112.8,4860.0,3338.4,1521.6
ORD00685,2024-11-01,C0377,Office Lamp,Office,Port Louis,North,1,1800,0.0,1091.78,1800.0,1091.78,708.22
ORD00686,2024-06-19,C0284,Printer,Office,Flacq,East,1,9500,0.1,5424.14,8550.0,5424.14,3125.86
ORD00687,2025-10-19,C0137,Monitor 27,Electronics,Flacq,East,1,12000,0.0,8714.08,12000.0,8714.08,3285.92
ORD00688,2024-08-19,C0410,Laptop Pro 14,Electronics,Centre de Flacq,East,1,45000,0.15,25178.78,38250.0,25178.78,13071.22
ORD00689,2025-06-01,C0118,Office Chair,Furniture,Centre de Flacq,East,1,8500,0.0,4864.57,8500.0,4864.57,3635.43
ORD00690,2025-01-01,C0461,Office Chair,Furniture,Pamplemousses,North,1,8500,0.0,6203.09,8500.0,6203.09,2296.91
ORD00691,2024-04-23,C0014,Printer,Office,Flacq,East,2,9500,0.0,6726.74,19000.0,13453.48,5546.52
ORD00692,2025-01-08,C0440,Monitor 27,Electronics,Centre de Flacq,East,1,12000,0.05,8289.88,11400.0,8289.88,3110.12
ORD00693,2025-05-16,C0028,Office Chair,Furniture,Pamplemousses,North,1,8500,0.05,5402.5,8075.0,5402.5,2672.5
ORD00694,2025-11-22,C0080,Gaming Mouse,Accessories,Quatre Bornes,West,2,2200,0.0,1420.4,4400.0,2840.8,1559.2
ORD00695,2024-10-20,C0444,Office Lamp,Office,Curepipe,South,4,1800,0.0,1269.64,7200.0,5078.56,2121.44
ORD00696,2025-11-15,C0409,Office Chair,Furniture,Pamplemousses,North,3,8500,0.1,6448.27,22950.0,19344.81,3605.19
ORD00697,2025-05-03,C0158,Tablet Air,Electronics,Port Louis,North,2,18000,0.0,11632.13,36000.0,23264.26,12735.74
ORD00698,2025-08-11,C0428,Laptop Pro 14,Electronics,Flacq,East,2,45000,0.0,28010.36,90000.0,56020.72,33979.28
ORD00699,2025-04-10,C0347,Standing Desk,Furniture,Port Louis,North,1,15000,0.0,8399.44,15000.0,8399.44,6600.56
ORD00700,2025-10-07,C0077,Monitor 27,Electronics,Curepipe,South,2,12000,0.05,8283.9,22800.0,16567.8,6232.2
ORD00701,2024-06-25,C0025,Mechanical Keyboard,Accessories,Port Louis,North,1,4200,0.05,2806.24,3990.0,2806.24,1183.76
ORD00702,2024-02-27,C0142,Printer,Office,Pamplemousses,North,1,9500,0.05,5277.32,9025.0,5277.32,3747.68
ORD00703,2024-06-16,C0372,Tablet Air,Electronics,Port Louis,North,1,18000,0.0,12857.67,18000.0,12857.67,5142.33
ORD00704,2024-12-09,C0491,Laptop Pro 14,Electronics,Mahebourg,South,1,45000,0.0,33668.23,45000.0,33668.23,11331.77
ORD00705,2025-04-26,C0329,Tablet Air,Electronics,Black River,West,2,18000,0.05,11124.39,34200.0,22248.78,11951.22
ORD00706,2025-10-02,C0345,Smartphone X,Electronics,Curepipe,South,1,28000,0.05,17877.68,26600.0,17877.68,8722.32
ORD00707,2024-02-14,C0490,Mechanical Keyboard,Accessories,Centre de Flacq,East,1,4200,0.0,2394.8,4200.0,2394.8,1805.2
ORD00708,2024-01-10,C0015,Smartphone X,Electronics,Mahebourg,South,1,28000,0.0,20628.42,28000.0,20628.42,7371.58
ORD00709,2025-05-30,C0377,Monitor 27,Electronics,Flacq,East,1,12000,0.0,7518.48,12000.0,7518.48,4481.52
ORD00710,2024-03-09,C0109,Smartphone X,Electronics,Mahebourg,South,2,28000,0.1,15522.01,50400.0,31044.02,19355.98
ORD00711,2024-11-25,C0478,Standing Desk,Furniture,Port Louis,North,1,15000,0.0,8447.05,15000.0,8447.05,6552.95
ORD00712,2024-04-26,C0074,USB-C Hub,Accessories,Port Louis,North,2,1800,0.0,1269.41,3600.0,2538.82,1061.18
ORD00713,2025-05-22,C0296,Office Chair,Furniture,Black River,West,1,8500,0.0,5084.94,8500.0,5084.94,3415.06
ORD00714,2025-05-01,C0434,USB-C Hub,Accessories,Port Louis,North,2,1800,0.05,1276.35,3420.0,2552.7,867.3
ORD00715,2024-07-01,C0070,Monitor 27,Electronics,Pamplemousses,North,2,12000,0.05,7170.82,22800.0,14341.64,8458.36
ORD00716,2025-12-07,C0315,Printer,Office,Mahebourg,South,1,9500,0.05,5732.41,9025.0,5732.41,3292.59
ORD00717,2025-04-11,C0035,Standing Desk,Furniture,Mahebourg,South,2,15000,0.05,9366.87,28500.0,18733.74,9766.26
ORD00718,2024-07-01,C0144,Mechanical Keyboard,Accessories,Port Louis,North,1,4200,0.0,3071.18,4200.0,3071.18,1128.82
ORD00719,2024-04-20,C0273,Standing Desk,Furniture,Port Louis,North,1,15000,0.05,9925.48,14250.0,9925.48,4324.52
ORD00720,2025-12-03,C0402,Printer,Office,Quatre Bornes,West,2,9500,0.0,7217.32,19000.0,14434.64,4565.36
ORD00721,2024-08-02,C0383,Monitor 27,Electronics,Black River,West,1,12000,0.05,7238.33,11400.0,7238.33,4161.67
ORD00722,2024-04-24,C0176,Tablet Air,Electronics,Mahebourg,South,1,18000,0.0,11744.0,18000.0,11744.0,6256.0
ORD00723,2024-01-21,C0059,Printer,Office,Flacq,East,2,9500,0.1,5908.73,17100.0,11817.46,5282.54
ORD00724,2024-11-22,C0246,Standing Desk,Furniture,Port Louis,North,2,15000,0.0,11262.0,30000.0,22524.0,7476.0
ORD00725,2024-08-24,C0041,Laptop Pro 14,Electronics,Port Louis,North,1,45000,0.1,28718.16,40500.0,28718.16,11781.84
ORD00726,2024-05-02,C0383,Laptop Pro 14,Electronics,Quatre Bornes,West,1,45000,0.05,30040.03,42750.0,30040.03,12709.97
ORD00727,2024-07-27,C0447,Tablet Air,Electronics,Curepipe,South,2,18000,0.0,13372.85,36000.0,26745.7,9254.3
ORD00728,2025-01-02,C0206,Laptop Pro 14,Electronics,Flacq,East,1,45000,0.0,31084.29,45000.0,31084.29,13915.71
ORD00729,2025-05-12,C0387,Printer,Office,Pamplemousses,North,2,9500,0.05,5816.17,18050.0,11632.34,6417.66
ORD00730,2025-12-02,C0222,Smartphone X,Electronics,Quatre Bornes,West,2,28000,0.0,16296.8,56000.0,32593.6,23406.4
ORD00731,2024-01-01,C0455,Office Lamp,Office,Port Louis,North,1,1800,0.0,1059.33,1800.0,1059.33,740.67
ORD00732,2025-04-21,C0209,Monitor 27,Electronics,Pamplemousses,North,1,12000,0.15,7289.93,10200.0,7289.93,2910.07
ORD00733,2024-12-22,C0272,Wireless Headphones,Accessories,Centre de Flacq,East,1,6500,0.05,3867.59,6175.0,3867.59,2307.41
ORD00734,2024-11-01,C0085,Printer,Office,Flacq,East,1,9500,0.0,6868.37,9500.0,6868.37,2631.63
ORD00735,2025-04-26,C0307,Office Chair,Furniture,Flacq,East,2,8500,0.0,4678.21,17000.0,9356.42,7643.58
ORD00736,2025-09-08,C0342,Gaming Mouse,Accessories,Flacq,East,2,2200,0.0,1490.23,4400.0,2980.46,1419.54
ORD00737,2025-12-26,C0383,Mechanical Keyboard,Accessories,Flacq,East,2,4200,0.1,3008.21,7560.0,6016.42,1543.58
ORD00738,2024-04-06,C0161,Wireless Headphones,Accessories,Centre de Flacq,East,1,6500,0.0,4687.32,6500.0,4687.32,1812.68
ORD00739,2024-10-10,C0370,Wireless Headphones,Accessories,Port Louis,North,3,6500,0.0,3922.79,19500.0,11768.37,7731.63
ORD00740,2025-04-16,C0295,Standing Desk,Furniture,Port Louis,North,2,15000,0.0,9782.43,30000.0,19564.86,10435.14
ORD00741,2024-07-07,C0314,Smartphone X,Electronics,Curepipe,South,2,28000,0.0,20410.62,56000.0,40821.24,15178.76
ORD00742,2025-12-08,C0193,Smartphone X,Electronics,Black River,West,4,28000,0.05,17001.02,106400.0,68004.08,38395.92
ORD00743,2024-03-08,C0251,Smartphone X,Electronics,Black River,West,1,28000,0.05,17625.53,26600.0,17625.53,8974.47
ORD00744,2025-03-06,C0422,Standing Desk,Furniture,Curepipe,South,2,15000,0.0,11104.96,30000.0,22209.92,7790.08
ORD00745,2024-03-05,C0185,Standing Desk,Furniture,Quatre Bornes,West,1,15000,0.0,9727.14,15000.0,9727.14,5272.86
ORD00746,2025-09-02,C0042,Mechanical Keyboard,Accessories,Curepipe,South,4,4200,0.1,3022.34,15120.0,12089.36,3030.64
ORD00747,2025-09-01,C0473,Smartphone X,Electronics,Black River,West,1,28000,0.0,17463.38,28000.0,17463.38,10536.62
ORD00748,2024-07-25,C0291,Tablet Air,Electronics,Black River,West,1,18000,0.0,10192.02,18000.0,10192.02,7807.98
ORD00749,2024-04-23,C0219,Gaming Mouse,Accessories,Pamplemousses,North,1,2200,0.0,1693.46,2200.0,1693.46,506.54
ORD00750,2025-06-11,C0074,Mechanical Keyboard,Accessories,Port Louis,North,1,4200,0.0,3053.28,4200.0,3053.28,1146.72
ORD00751,2025-12-04,C0335,Printer,Office,Quatre Bornes,West,2,9500,0.0,5845.94,19000.0,11691.88,7308.12
ORD00752,2024-06-10,C0081,Office Chair,Furniture,Mahebourg,South,1,8500,0.05,5054.8,8075.0,5054.8,3020.2
ORD00753,2025-04-29,C0198,Monitor 27,Electronics,Black River,West,1,12000,0.0,8109.85,12000.0,8109.85,3890.15
ORD00754,2024-07-29,C0044,Laptop Pro 14,Electronics,Curepipe,South,1,45000,0.0,34640.97,45000.0,34640.97,10359.03
ORD00755,2024-01-27,C0317,Wireless Headphones,Accessories,Curepipe,South,1,6500,0.0,4991.93,6500.0,4991.93,1508.07
ORD00756,2024-05-09,C0035,Office Chair,Furniture,Quatre Bornes,West,1,8500,0.0,5609.8,8500.0,5609.8,2890.2
ORD00757,2024-03-19,C0314,Smartphone X,Electronics,Flacq,East,1,28000,0.0,20202.42,28000.0,20202.42,7797.58
ORD00758,2024-02-01,C0006,Office Chair,Furniture,Flacq,East,2,8500,0.05,5987.6,16150.0,11975.2,4174.8
ORD00759,2024-04-12,C0097,Smartphone X,Electronics,Centre de Flacq,East,2,28000,0.05,16957.44,53200.0,33914.88,19285.12
ORD00760,2024-03-14,C0032,USB-C Hub,Accessories,Quatre Bornes,West,1,1800,0.1,1232.82,1620.0,1232.82,387.18
ORD00761,2025-06-10,C0127,Laptop Pro 14,Electronics,Black River,West,1,45000,0.0,29640.53,45000.0,29640.53,15359.47
ORD00762,2024-10-18,C0481,Monitor 27,Electronics,Curepipe,South,2,12000,0.0,8504.53,24000.0,17009.06,6990.94
ORD00763,2025-12-15,C0366,Printer,Office,Port Louis,North,1,9500,0.0,6416.9,9500.0,6416.9,3083.1
ORD00764,2024-04-29,C0472,Gaming Mouse,Accessories,Mahebourg,South,2,2200,0.0,1334.25,4400.0,2668.5,1731.5
ORD00765,2025-10-10,C0341,Gaming Mouse,Accessories,Curepipe,South,1,2200,0.05,1571.64,2090.0,1571.64,518.36
ORD00766,2025-10-22,C0212,Standing Desk,Furniture,Curepipe,South,1,15000,0.1,10764.6,13500.0,10764.6,2735.4
ORD00767,2024-04-10,C0404,Monitor 27,Electronics,Flacq,East,2,12000,0.0,6610.59,24000.0,13221.18,10778.82
ORD00768,2025-01-10,C0485,Office Lamp,Office,Flacq,East,1,1800,0.0,1182.53,1800.0,1182.53,617.47
ORD00769,2024-09-03,C0338,USB-C Hub,Accessories,Centre de Flacq,East,1,1800,0.0,1388.08,1800.0,1388.08,411.92
ORD00770,2025-04-24,C0177,Laptop Pro 14,Electronics,Mahebourg,South,3,45000,0.05,32638.51,128250.0,97915.53,30334.47
ORD00771,2025-11-26,C0373,Laptop Pro 14,Electronics,Curepipe,South,2,45000,0.0,32967.23,90000.0,65934.46,24065.54
ORD00772,2025-09-21,C0049,Wireless Headphones,Accessories,Centre de Flacq,East,2,6500,0.1,4165.6,11700.0,8331.2,3368.8
ORD00773,2025-06-20,C0148,USB-C Hub,Accessories,Mahebourg,South,1,1800,0.0,1246.35,1800.0,1246.35,553.65
ORD00774,2024-12-01,C0121,Printer,Office,Centre de Flacq,East,1,9500,0.05,6284.05,9025.0,6284.05,2740.95
ORD00775,2024-10-27,C0108,Wireless Headphones,Accessories,Curepipe,South,1,6500,0.0,4491.66,6500.0,4491.66,2008.34
ORD00776,2024-10-12,C0236,Office Lamp,Office,Pamplemousses,North,1,1800,0.05,1271.8,1710.0,1271.8,438.2
ORD00777,2024-10-08,C0205,Wireless Headphones,Accessories,Mahebourg,South,1,6500,0.0,4110.15,6500.0,4110.15,2389.85
ORD00778,2024-12-02,C0268,Smartphone X,Electronics,Black River,West,1,28000,0.05,19265.62,26600.0,19265.62,7334.38
ORD00779,2024-11-17,C0192,Tablet Air,Electronics,Black River,West,1,18000,0.05,10183.34,17100.0,10183.34,6916.66
ORD00780,2024-12-21,C0071,Wireless Headphones,Accessories,Pamplemousses,North,2,6500,0.05,4163.49,12350.0,8326.98,4023.02
ORD00781,2025-04-24,C0443,Wireless Headphones,Accessories,Black River,West,2,6500,0.0,4736.31,13000.0,9472.62,3527.38
ORD00782,2024-03-09,C0271,Tablet Air,Electronics,Pamplemousses,North,1,18000,0.05,12116.34,17100.0,12116.34,4983.66
ORD00783,2025-01-21,C0328,USB-C Hub,Accessories,Port Louis,North,1,1800,0.0,1221.73,1800.0,1221.73,578.27
ORD00784,2025-09-09,C0364,Office Chair,Furniture,Flacq,East,3,8500,0.05,6493.47,24225.0,19480.41,4744.59
ORD00785,2024-04-28,C0371,USB-C Hub,Accessories,Port Louis,North,2,1800,0.0,1115.35,3600.0,2230.7,1369.3
ORD00786,2025-05-30,C0019,USB-C Hub,Accessories,Pamplemousses,North,2,1800,0.1,1231.23,3240.0,2462.46,777.54
ORD00787,2025-10-03,C0441,Smartphone X,Electronics,Pamplemousses,North,1,28000,0.0,18537.65,28000.0,18537.65,9462.35
ORD00788,2025-10-13,C0212,USB-C Hub,Accessories,Mahebourg,South,1,1800,0.0,1071.79,1800.0,1071.79,728.21
ORD00789,2024-04-21,C0469,USB-C Hub,Accessories,Port Louis,North,1,1800,0.05,1171.21,1710.0,1171.21,538.79
ORD00790,2025-10-22,C0410,Office Chair,Furniture,Pamplemousses,North,2,8500,0.0,5237.8,17000.0,10475.6,6524.4
ORD00791,2025-02-25,C0390,Office Lamp,Office,Quatre Bornes,West,1,1800,0.1,1006.95,1620.0,1006.95,613.05
ORD00792,2025-10-18,C0070,Standing Desk,Furniture,Centre de Flacq,East,1,15000,0.05,9413.57,14250.0,9413.57,4836.43
ORD00793,2024-02-26,C0352,Laptop Pro 14,Electronics,Pamplemousses,North,1,45000,0.0,25848.76,45000.0,25848.76,19151.24
ORD00794,2024-10-24,C0331,Monitor 27,Electronics,Pamplemousses,North,2,12000,0.0,8191.99,24000.0,16383.98,7616.02
ORD00795,2024-02-26,C0213,Office Chair,Furniture,Pamplemousses,North,1,8500,0.0,5531.09,8500.0,5531.09,2968.91
ORD00796,2024-09-14,C0246,Gaming Mouse,Accessories,Port Louis,North,1,2200,0.0,1502.27,2200.0,1502.27,697.73
ORD00797,2025-02-05,C0436,Standing Desk,Furniture,Mahebourg,South,1,15000,0.0,8593.26,15000.0,8593.26,6406.74
ORD00798,2024-06-25,C0324,USB-C Hub,Accessories,Black River,West,2,1800,0.05,1280.16,3420.0,2560.32,859.68
ORD00799,2024-02-11,C0140,Tablet Air,Electronics,Flacq,East,1,18000,0.0,10602.8,18000.0,10602.8,7397.2
ORD00800,2025-06-29,C0013,Smartphone X,Electronics,Pamplemousses,North,3,28000,0.05,18918.86,79800.0,56756.58,23043.42
ORD00801,2024-12-04,C0459,Standing Desk,Furniture,Mahebourg,South,1,15000,0.0,8593.55,15000.0,8593.55,6406.45
ORD00802,2024-04-17,C0282,Gaming Mouse,Accessories,Quatre Bornes,West,1,2200,0.0,1555.66,2200.0,1555.66,644.34
ORD00803,2024-03-28,C0397,Standing Desk,Furniture,Curepipe,South,2,15000,0.1,8804.05,27000.0,17608.1,9391.9
ORD00804,2025-05-31,C0127,Monitor 27,Electronics,Pamplemousses,North,1,12000,0.0,7156.95,12000.0,7156.95,4843.05
ORD00805,2024-02-09,C0026,Wireless Headphones,Accessories,Curepipe,South,2,6500,0.0,3912.56,13000.0,7825.12,5174.88
ORD00806,2025-02-24,C0144,Laptop Pro 14,Electronics,Quatre Bornes,West,4,45000,0.0,26099.15,180000.0,104396.6,75603.4
ORD00807,2024-07-07,C0256,Gaming Mouse,Accessories,Black River,West,1,2200,0.0,1403.36,2200.0,1403.36,796.64
ORD00808,2024-12-18,C0197,Gaming Mouse,Accessories,Pamplemousses,North,3,2200,0.0,1629.76,6600.0,4889.28,1710.72
ORD00809,2025-04-26,C0042,Office Chair,Furniture,Quatre Bornes,West,3,8500,0.05,5385.45,24225.0,16156.35,8068.65
ORD00810,2025-02-25,C0074,Office Chair,Furniture,Port Louis,North,2,8500,0.05,6491.98,16150.0,12983.96,3166.04
ORD00811,2025-11-13,C0004,Gaming Mouse,Accessories,Black River,West,1,2200,0.0,1312.96,2200.0,1312.96,887.04
ORD00812,2024-10-07,C0427,Wireless Headphones,Accessories,Mahebourg,South,1,6500,0.05,4846.5,6175.0,4846.5,1328.5
ORD00813,2025-05-24,C0429,Smartphone X,Electronics,Port Louis,North,2,28000,0.0,19316.88,56000.0,38633.76,17366.24
ORD00814,2025-03-09,C0352,Office Lamp,Office,Centre de Flacq,East,1,1800,0.0,1142.91,1800.0,1142.91,657.09
ORD00815,2025-12-30,C0090,Printer,Office,Port Louis,North,2,9500,0.05,6697.77,18050.0,13395.54,4654.46
ORD00816,2025-07-14,C0215,Mechanical Keyboard,Accessories,Curepipe,South,1,4200,0.0,2875.4,4200.0,2875.4,1324.6
ORD00817,2025-07-14,C0177,Standing Desk,Furniture,Flacq,East,1,15000,0.0,11206.08,15000.0,11206.08,3793.92
ORD00818,2025-01-14,C0420,Printer,Office,Curepipe,South,1,9500,0.0,6068.52,9500.0,6068.52,3431.48
ORD00819,2025-12-07,C0311,Smartphone X,Electronics,Centre de Flacq,East,2,28000,0.0,15842.78,56000.0,31685.56,24314.44
ORD00820,2025-04-13,C0207,Office Lamp,Office,Curepipe,South,1,1800,0.1,1220.88,1620.0,1220.88,399.12
ORD00821,2024-05-30,C0414,Gaming Mouse,Accessories,Quatre Bornes,West,1,2200,0.0,1644.08,2200.0,1644.08,555.92
ORD00822,2024-02-14,C0007,Wireless Headphones,Accessories,Pamplemousses,North,1,6500,0.05,4280.08,6175.0,4280.08,1894.92
ORD00823,2025-03-03,C0297,Smartphone X,Electronics,Port Louis,North,2,28000,0.0,18341.35,56000.0,36682.7,19317.3
ORD00824,2024-08-18,C0392,USB-C Hub,Accessories,Black River,West,2,1800,0.15,1010.77,3060.0,2021.54,1038.46
ORD00825,2024-07-11,C0058,Gaming Mouse,Accessories,Flacq,East,2,2200,0.0,1233.81,4400.0,2467.62,1932.38
ORD00826,2025-11-27,C0161,Standing Desk,Furniture,Pamplemousses,North,1,15000,0.0,10953.08,15000.0,10953.08,4046.92
ORD00827,2025-10-14,C0262,Printer,Office,Quatre Bornes,West,1,9500,0.0,6075.42,9500.0,6075.42,3424.58
ORD00828,2024-03-11,C0404,Office Lamp,Office,Curepipe,South,3,1800,0.15,1200.71,4590.0,3602.13,987.87
ORD00829,2025-04-30,C0093,Gaming Mouse,Accessories,Pamplemousses,North,1,2200,0.05,1352.97,2090.0,1352.97,737.03
ORD00830,2024-01-19,C0153,Tablet Air,Electronics,Curepipe,South,2,18000,0.0,11752.86,36000.0,23505.72,12494.28
ORD00831,2025-09-30,C0184,Office Chair,Furniture,Curepipe,South,1,8500,0.0,6375.23,8500.0,6375.23,2124.77
ORD00832,2025-01-02,C0322,Gaming Mouse,Accessories,Quatre Bornes,West,1,2200,0.1,1213.13,1980.0,1213.13,766.87
ORD00833,2024-10-01,C0017,Mechanical Keyboard,Accessories,Quatre Bornes,West,1,4200,0.15,2829.26,3570.0,2829.26,740.74
ORD00834,2024-10-09,C0246,Wireless Headphones,Accessories,Port Louis,North,2,6500,0.0,4871.43,13000.0,9742.86,3257.14
ORD00835,2024-03-21,C0216,Wireless Headphones,Accessories,Black River,West,4,6500,0.1,4320.01,23400.0,17280.04,6119.96
ORD00836,2024-10-11,C0268,Standing Desk,Furniture,Port Louis,North,2,15000,0.0,11666.48,30000.0,23332.96,6667.04
ORD00837,2024-07-28,C0252,Printer,Office,Mahebourg,South,1,9500,0.0,5983.11,9500.0,5983.11,3516.89
ORD00838,2024-09-21,C0076,Office Lamp,Office,Black River,West,2,1800,0.05,1131.62,3420.0,2263.24,1156.76
ORD00839,2025-10-21,C0103,Laptop Pro 14,Electronics,Port Louis,North,1,45000,0.0,26668.98,45000.0,26668.98,18331.02
ORD00840,2024-05-25,C0082,Printer,Office,Black River,West,2,9500,0.05,7131.46,18050.0,14262.92,3787.08
ORD00841,2025-03-03,C0393,Smartphone X,Electronics,Curepipe,South,1,28000,0.0,18348.88,28000.0,18348.88,9651.12
ORD00842,2025-12-13,C0004,Tablet Air,Electronics,Port Louis,North,3,18000,0.0,11340.94,54000.0,34022.82,19977.18
ORD00843,2024-06-15,C0279,Office Lamp,Office,Quatre Bornes,West,1,1800,0.0,1274.74,1800.0,1274.74,525.26
ORD00844,2025-02-07,C0351,Wireless Headphones,Accessories,Port Louis,North,2,6500,0.0,4692.21,13000.0,9384.42,3615.58
ORD00845,2024-05-19,C0450,Smartphone X,Electronics,Black River,West,1,28000,0.05,18710.69,26600.0,18710.69,7889.31
ORD00846,2025-08-08,C0499,USB-C Hub,Accessories,Mahebourg,South,2,1800,0.0,991.12,3600.0,1982.24,1617.76
ORD00847,2024-09-08,C0179,Office Chair,Furniture,Curepipe,South,1,8500,0.0,6603.58,8500.0,6603.58,1896.42
ORD00848,2025-02-21,C0214,Mechanical Keyboard,Accessories,Black River,West,2,4200,0.0,2520.19,8400.0,5040.38,3359.62
ORD00849,2024-03-14,C0322,Office Lamp,Office,Port Louis,North,1,1800,0.0,1095.15,1800.0,1095.15,704.85
ORD00850,2024-01-04,C0393,Laptop Pro 14,Electronics,Pamplemousses,North,1,45000,0.05,32226.96,42750.0,32226.96,10523.04
ORD00851,2025-12-31,C0324,Standing Desk,Furniture,Curepipe,South,2,15000,0.1,9693.29,27000.0,19386.58,7613.42
ORD00852,2024-06-16,C0334,Standing Desk,Furniture,Flacq,East,1,15000,0.05,11211.21,14250.0,11211.21,3038.79
ORD00853,2024-05-20,C0249,Wireless Headphones,Accessories,Curepipe,South,1,6500,0.0,4623.84,6500.0,4623.84,1876.16
ORD00854,2025-08-11,C0439,Office Lamp,Office,Mahebourg,South,2,1800,0.05,1115.9,3420.0,2231.8,1188.2
ORD00855,2024-08-14,C0313,Standing Desk,Furniture,Black River,West,3,15000,0.1,8431.38,40500.0,25294.14,15205.86
ORD00856,2025-11-23,C0128,Standing Desk,Furniture,Flacq,East,1,15000,0.0,9737.68,15000.0,9737.68,5262.32
ORD00857,2024-06-21,C0394,Gaming Mouse,Accessories,Pamplemousses,North,1,2200,0.05,1298.12,2090.0,1298.12,791.88
ORD00858,2024-04-25,C0447,Printer,Office,Mahebourg,South,1,9500,0.0,7256.28,9500.0,7256.28,2243.72
ORD00859,2025-02-19,C0045,Smartphone X,Electronics,Centre de Flacq,East,1,28000,0.05,17318.83,26600.0,17318.83,9281.17
ORD00860,2025-01-29,C0340,Printer,Office,Port Louis,North,1,9500,0.0,7190.94,9500.0,7190.94,2309.06
ORD00861,2025-08-23,C0239,Standing Desk,Furniture,Curepipe,South,1,15000,0.05,9831.35,14250.0,9831.35,4418.65
ORD00862,2024-05-12,C0138,Mechanical Keyboard,Accessories,Pamplemousses,North,1,4200,0.0,2592.7,4200.0,2592.7,1607.3
ORD00863,2025-08-13,C0163,Office Lamp,Office,Pamplemousses,North,2,1800,0.0,1033.19,3600.0,2066.38,1533.62
ORD00864,2025-09-01,C0231,Monitor 27,Electronics,Black River,West,1,12000,0.1,7802.45,10800.0,7802.45,2997.55
ORD00865,2024-10-27,C0007,Printer,Office,Flacq,East,1,9500,0.05,5705.4,9025.0,5705.4,3319.6
ORD00866,2025-03-01,C0224,Mechanical Keyboard,Accessories,Quatre Bornes,West,1,4200,0.1,3246.53,3780.0,3246.53,533.47
ORD00867,2024-06-02,C0039,Monitor 27,Electronics,Curepipe,South,3,12000,0.1,7070.86,32400.0,21212.58,11187.42
ORD00868,2024-01-03,C0481,Wireless Headphones,Accessories,Quatre Bornes,West,2,6500,0.15,3687.07,11050.0,7374.14,3675.86
ORD00869,2024-01-21,C0193,Smartphone X,Electronics,Mahebourg,South,1,28000,0.1,19562.24,25200.0,19562.24,5637.76
ORD00870,2025-03-22,C0451,Office Lamp,Office,Port Louis,North,4,1800,0.1,1171.8,6480.0,4687.2,1792.8
ORD00871,2025-12-03,C0418,Office Lamp,Office,Mahebourg,South,1,1800,0.1,1345.35,1620.0,1345.35,274.65
ORD00872,2024-07-06,C0495,USB-C Hub,Accessories,Quatre Bornes,West,1,1800,0.0,1375.63,1800.0,1375.63,424.37
ORD00873,2025-11-19,C0236,USB-C Hub,Accessories,Quatre Bornes,West,2,1800,0.05,1286.14,3420.0,2572.28,847.72
ORD00874,2024-01-26,C0047,Printer,Office,Mahebourg,South,1,9500,0.0,5530.23,9500.0,5530.23,3969.77
ORD00875,2025-06-08,C0186,Printer,Office,Curepipe,South,1,9500,0.05,7019.45,9025.0,7019.45,2005.55
ORD00876,2024-12-23,C0021,Standing Desk,Furniture,Quatre Bornes,West,1,15000,0.05,8914.1,14250.0,8914.1,5335.9
ORD00877,2024-07-18,C0031,Gaming Mouse,Accessories,Quatre Bornes,West,2,2200,0.0,1636.93,4400.0,3273.86,1126.14
ORD00878,2025-05-12,C0080,Monitor 27,Electronics,Mahebourg,South,1,12000,0.05,8207.52,11400.0,8207.52,3192.48
ORD00879,2024-03-24,C0102,Mechanical Keyboard,Accessories,Port Louis,North,3,4200,0.0,2430.62,12600.0,7291.86,5308.14
ORD00880,2025-02-15,C0216,Gaming Mouse,Accessories,Port Louis,North,1,2200,0.0,1511.75,2200.0,1511.75,688.25
ORD00881,2025-08-24,C0042,Printer,Office,Curepipe,South,2,9500,0.05,6725.97,18050.0,13451.94,4598.06
ORD00882,2025-10-08,C0411,Printer,Office,Flacq,East,2,9500,0.0,6883.94,19000.0,13767.88,5232.12
ORD00883,2024-05-08,C0314,Wireless Headphones,Accessories,Pamplemousses,North,1,6500,0.0,4475.37,6500.0,4475.37,2024.63
ORD00884,2024-11-21,C0404,USB-C Hub,Accessories,Black River,West,2,1800,0.1,1268.55,3240.0,2537.1,702.9
ORD00885,2024-04-12,C0237,Laptop Pro 14,Electronics,Black River,West,1,45000,0.0,25091.67,45000.0,25091.67,19908.33
ORD00886,2025-04-22,C0410,Office Chair,Furniture,Port Louis,North,1,8500,0.0,5641.49,8500.0,5641.49,2858.51
ORD00887,2025-03-24,C0059,Tablet Air,Electronics,Pamplemousses,North,4,18000,0.0,10761.56,72000.0,43046.24,28953.76
ORD00888,2024-08-30,C0068,Monitor 27,Electronics,Pamplemousses,North,1,12000,0.1,7961.8,10800.0,7961.8,2838.2
ORD00889,2024-10-25,C0178,USB-C Hub,Accessories,Quatre Bornes,West,1,1800,0.15,1365.14,1530.0,1365.14,164.86
ORD00890,2024-08-02,C0176,Tablet Air,Electronics,Quatre Bornes,West,1,18000,0.1,10714.2,16200.0,10714.2,5485.8
ORD00891,2025-08-13,C0288,Office Chair,Furniture,Port Louis,North,1,8500,0.0,6012.17,8500.0,6012.17,2487.83
ORD00892,2024-01-28,C0439,Standing Desk,Furniture,Mahebourg,South,1,15000,0.1,9408.1,13500.0,9408.1,4091.9
ORD00893,2025-12-29,C0109,Laptop Pro 14,Electronics,Curepipe,South,1,45000,0.0,29432.0,45000.0,29432.0,15568.0
ORD00894,2025-01-06,C0464,Wireless Headphones,Accessories,Black River,West,1,6500,0.0,3821.58,6500.0,3821.58,2678.42
ORD00895,2025-11-11,C0285,Gaming Mouse,Accessories,Mahebourg,South,1,2200,0.0,1218.94,2200.0,1218.94,981.06
ORD00896,2025-08-24,C0101,Office Lamp,Office,Mahebourg,South,1,1800,0.1,1400.53,1620.0,1400.53,219.47
ORD00897,2025-05-28,C0435,Printer,Office,Centre de Flacq,East,2,9500,0.0,5513.0,19000.0,11026.0,7974.0
ORD00898,2025-05-28,C0391,Printer,Office,Port Louis,North,3,9500,0.0,6602.94,28500.0,19808.82,8691.18
ORD00899,2024-09-26,C0337,Gaming Mouse,Accessories,Curepipe,South,2,2200,0.1,1686.02,3960.0,3372.04,587.96
ORD00900,2024-03-09,C0185,Laptop Pro 14,Electronics,Quatre Bornes,West,1,45000,0.0,27523.77,45000.0,27523.77,17476.23
ORD00901,2024-01-29,C0349,Monitor 27,Electronics,Centre de Flacq,East,1,12000,0.05,6677.62,11400.0,6677.62,4722.38
ORD00902,2024-09-16,C0499,Laptop Pro 14,Electronics,Flacq,East,2,45000,0.0,31501.11,90000.0,63002.22,26997.78
ORD00903,2025-09-17,C0058,Mechanical Keyboard,Accessories,Centre de Flacq,East,1,4200,0.1,2570.46,3780.0,2570.46,1209.54
ORD00904,2024-04-21,C0008,Wireless Headphones,Accessories,Black River,West,1,6500,0.05,3929.01,6175.0,3929.01,2245.99
ORD00905,2024-04-07,C0126,Gaming Mouse,Accessories,Black River,West,4,2200,0.15,1292.85,7480.0,5171.4,2308.6
ORD00906,2025-08-01,C0386,Tablet Air,Electronics,Pamplemousses,North,1,18000,0.0,10283.07,18000.0,10283.07,7716.93
ORD00907,2024-03-02,C0471,Monitor 27,Electronics,Mahebourg,South,2,12000,0.1,6980.15,21600.0,13960.3,7639.7
ORD00908,2025-01-27,C0352,Monitor 27,Electronics,Pamplemousses,North,2,12000,0.05,8770.76,22800.0,17541.52,5258.48
ORD00909,2025-09-13,C0162,Office Lamp,Office,Mahebourg,South,1,1800,0.15,1139.37,1530.0,1139.37,390.63
ORD00910,2024-10-12,C0126,Mechanical Keyboard,Accessories,Pamplemousses,North,1,4200,0.15,2768.4,3570.0,2768.4,801.6
ORD00911,2025-02-11,C0450,Office Lamp,Office,Curepipe,South,1,1800,0.1,1160.13,1620.0,1160.13,459.87
ORD00912,2025-06-06,C0278,Smartphone X,Electronics,Centre de Flacq,East,1,28000,0.0,15507.36,28000.0,15507.36,12492.64
ORD00913,2025-11-23,C0313,Printer,Office,Pamplemousses,North,2,9500,0.0,6330.71,19000.0,12661.42,6338.58
ORD00914,2024-11-24,C0211,Monitor 27,Electronics,Pamplemousses,North,2,12000,0.0,6652.71,24000.0,13305.42,10694.58
ORD00915,2025-12-27,C0413,USB-C Hub,Accessories,Black River,West,1,1800,0.0,1072.65,1800.0,1072.65,727.35
ORD00916,2024-06-15,C0135,Tablet Air,Electronics,Flacq,East,2,18000,0.0,13966.54,36000.0,27933.08,8066.92
ORD00917,2025-06-21,C0133,Gaming Mouse,Accessories,Pamplemousses,North,1,2200,0.0,1502.58,2200.0,1502.58,697.42
ORD00918,2025-06-17,C0117,Laptop Pro 14,Electronics,Centre de Flacq,East,1,45000,0.0,32006.84,45000.0,32006.84,12993.16
ORD00919,2024-05-23,C0134,USB-C Hub,Accessories,Flacq,East,1,1800,0.0,1110.47,1800.0,1110.47,689.53
ORD00920,2025-07-11,C0273,Standing Desk,Furniture,Black River,West,1,15000,0.05,10384.68,14250.0,10384.68,3865.32
ORD00921,2025-03-21,C0398,Mechanical Keyboard,Accessories,Pamplemousses,North,1,4200,0.0,3213.11,4200.0,3213.11,986.89
ORD00922,2024-10-04,C0394,Office Chair,Furniture,Black River,West,1,8500,0.1,5571.77,7650.0,5571.77,2078.23
ORD00923,2025-05-15,C0034,Wireless Headphones,Accessories,Curepipe,South,1,6500,0.1,4637.08,5850.0,4637.08,1212.92
ORD00924,2024-05-10,C0323,Printer,Office,Pamplemousses,North,2,9500,0.0,6504.99,19000.0,13009.98,5990.02
ORD00925,2024-07-28,C0453,Office Lamp,Office,Black River,West,1,1800,0.0,1287.07,1800.0,1287.07,512.93
ORD00926,2024-05-08,C0208,Smartphone X,Electronics,Flacq,East,1,28000,0.0,15558.87,28000.0,15558.87,12441.13
ORD00927,2024-01-24,C0143,Printer,Office,Mahebourg,South,2,9500,0.0,5747.21,19000.0,11494.42,7505.58
ORD00928,2024-12-16,C0152,USB-C Hub,Accessories,Port Louis,North,1,1800,0.05,1113.98,1710.0,1113.98,596.02
ORD00929,2024-08-02,C0256,Tablet Air,Electronics,Quatre Bornes,West,1,18000,0.15,12591.47,15300.0,12591.47,2708.53
ORD00930,2024-10-30,C0249,Mechanical Keyboard,Accessories,Port Louis,North,1,4200,0.0,3053.56,4200.0,3053.56,1146.44
ORD00931,2025-02-08,C0017,Mechanical Keyboard,Accessories,Quatre Bornes,West,1,4200,0.0,2387.93,4200.0,2387.93,1812.07
ORD00932,2025-09-30,C0302,Wireless Headphones,Accessories,Centre de Flacq,East,1,6500,0.1,3899.57,5850.0,3899.57,1950.43
ORD00933,2025-12-26,C0450,Monitor 27,Electronics,Quatre Bornes,West,3,12000,0.0,8166.14,36000.0,24498.42,11501.58
ORD00934,2025-12-28,C0377,Gaming Mouse,Accessories,Quatre Bornes,West,4,2200,0.0,1464.33,8800.0,5857.32,2942.68
ORD00935,2024-05-09,C0180,Tablet Air,Electronics,Flacq,East,1,18000,0.05,11314.53,17100.0,11314.53,5785.47
ORD00936,2024-12-06,C0026,Mechanical Keyboard,Accessories,Curepipe,South,2,4200,0.0,3049.51,8400.0,6099.02,2300.98
ORD00937,2025-03-29,C0048,Laptop Pro 14,Electronics,Curepipe,South,1,45000,0.1,26954.92,40500.0,26954.92,13545.08
ORD00938,2025-01-05,C0438,Gaming Mouse,Accessories,Centre de Flacq,East,1,2200,0.0,1225.86,2200.0,1225.86,974.14
ORD00939,2025-01-21,C0434,Gaming Mouse,Accessories,Centre de Flacq,East,1,2200,0.05,1277.03,2090.0,1277.03,812.97
ORD00940,2024-07-30,C0430,Wireless Headphones,Accessories,Mahebourg,South,1,6500,0.1,4854.95,5850.0,4854.95,995.05
ORD00941,2024-09-12,C0077,Office Lamp,Office,Pamplemousses,North,1,1800,0.05,1031.88,1710.0,1031.88,678.12
ORD00942,2025-11-30,C0330,Wireless Headphones,Accessories,Mahebourg,South,1,6500,0.0,4053.48,6500.0,4053.48,2446.52
ORD00943,2024-10-06,C0227,Office Chair,Furniture,Black River,West,1,8500,0.0,5240.26,8500.0,5240.26,3259.74
ORD00944,2025-04-18,C0401,Gaming Mouse,Accessories,Flacq,East,1,2200,0.0,1622.2,2200.0,1622.2,577.8
ORD00945,2024-10-05,C0359,USB-C Hub,Accessories,Curepipe,South,1,1800,0.0,1341.16,1800.0,1341.16,458.84
ORD00946,2025-03-15,C0189,Laptop Pro 14,Electronics,Curepipe,South,2,45000,0.0,28199.65,90000.0,56399.3,33600.7
ORD00947,2024-01-17,C0330,Tablet Air,Electronics,Black River,West,1,18000,0.0,12207.81,18000.0,12207.81,5792.19
ORD00948,2024-07-20,C0369,Printer,Office,Quatre Bornes,West,2,9500,0.0,6202.46,19000.0,12404.92,6595.08
ORD00949,2025-08-14,C0021,USB-C Hub,Accessories,Flacq,East,1,1800,0.0,1113.58,1800.0,1113.58,686.42
ORD00950,2025-11-20,C0153,Laptop Pro 14,Electronics,Mahebourg,South,1,45000,0.0,27606.07,45000.0,27606.07,17393.93
ORD00951,2024-03-06,C0257,Mechanical Keyboard,Accessories,Port Louis,North,1,4200,0.05,2637.22,3990.0,2637.22,1352.78
ORD00952,2024-04-10,C0255,USB-C Hub,Accessories,Pamplemousses,North,2,1800,0.05,1066.0,3420.0,2132.0,1288.0
ORD00953,2025-09-25,C0442,USB-C Hub,Accessories,Curepipe,South,1,1800,0.0,1087.03,1800.0,1087.03,712.97
ORD00954,2025-05-10,C0366,Mechanical Keyboard,Accessories,Port Louis,North,2,4200,0.0,2343.47,8400.0,4686.94,3713.06
ORD00955,2024-02-06,C0467,Tablet Air,Electronics,Centre de Flacq,East,4,18000,0.0,12682.33,72000.0,50729.32,21270.68
ORD00956,2024-02-22,C0087,Printer,Office,Port Louis,North,2,9500,0.05,6338.75,18050.0,12677.5,5372.5
ORD00957,2025-02-06,C0410,Printer,Office,Port Louis,North,1,9500,0.05,6404.16,9025.0,6404.16,2620.84
ORD00958,2024-12-29,C0090,Wireless Headphones,Accessories,Port Louis,North,1,6500,0.1,4527.92,5850.0,4527.92,1322.08
ORD00959,2025-05-18,C0118,Printer,Office,Black River,West,2,9500,0.0,6344.29,19000.0,12688.58,6311.42
ORD00960,2025-12-14,C0078,Printer,Office,Flacq,East,1,9500,0.0,5334.96,9500.0,5334.96,4165.04
ORD00961,2025-02-15,C0149,Gaming Mouse,Accessories,Flacq,East,2,2200,0.15,1546.82,3740.0,3093.64,646.36
ORD00962,2025-11-30,C0456,Smartphone X,Electronics,Black River,West,2,28000,0.1,15797.18,50400.0,31594.36,18805.64
ORD00963,2025-06-04,C0241,Gaming Mouse,Accessories,Port Louis,North,1,2200,0.0,1442.75,2200.0,1442.75,757.25
ORD00964,2025-05-26,C0012,Smartphone X,Electronics,Curepipe,South,2,28000,0.0,21082.72,56000.0,42165.44,13834.56
ORD00965,2024-08-24,C0142,Office Chair,Furniture,Curepipe,South,1,8500,0.0,4890.33,8500.0,4890.33,3609.67
ORD00966,2025-03-03,C0229,Mechanical Keyboard,Accessories,Pamplemousses,North,1,4200,0.0,2450.68,4200.0,2450.68,1749.32
ORD00967,2024-10-06,C0332,Printer,Office,Pamplemousses,North,1,9500,0.0,7236.57,9500.0,7236.57,2263.43
ORD00968,2024-11-08,C0234,Office Lamp,Office,Black River,West,1,1800,0.1,1205.99,1620.0,1205.99,414.01
ORD00969,2025-11-05,C0136,Office Lamp,Office,Black River,West,1,1800,0.0,1316.62,1800.0,1316.62,483.38
ORD00970,2025-09-09,C0354,Standing Desk,Furniture,Quatre Bornes,West,1,15000,0.1,8611.68,13500.0,8611.68,4888.32
ORD00971,2024-10-12,C0092,USB-C Hub,Accessories,Curepipe,South,1,1800,0.05,1282.79,1710.0,1282.79,427.21
ORD00972,2024-07-08,C0112,Gaming Mouse,Accessories,Curepipe,South,1,2200,0.15,1605.03,1870.0,1605.03,264.97
ORD00973,2025-02-12,C0404,Gaming Mouse,Accessories,Centre de Flacq,East,1,2200,0.0,1401.62,2200.0,1401.62,798.38
ORD00974,2025-08-17,C0366,Standing Desk,Furniture,Flacq,East,2,15000,0.1,11423.28,27000.0,22846.56,4153.44
ORD00975,2024-10-16,C0234,Monitor 27,Electronics,Mahebourg,South,2,12000,0.05,7060.33,22800.0,14120.66,8679.34
ORD00976,2025-08-12,C0191,Office Chair,Furniture,Port Louis,North,1,8500,0.0,4710.35,8500.0,4710.35,3789.65
ORD00977,2024-11-19,C0394,Office Lamp,Office,Curepipe,South,2,1800,0.1,1079.2,3240.0,2158.4,1081.6
ORD00978,2024-12-04,C0310,Gaming Mouse,Accessories,Quatre Bornes,West,4,2200,0.1,1463.44,7920.0,5853.76,2066.24
ORD00979,2025-09-10,C0225,Printer,Office,Mahebourg,South,1,9500,0.1,5368.39,8550.0,5368.39,3181.61
ORD00980,2025-12-14,C0236,Standing Desk,Furniture,Flacq,East,1,15000,0.0,11160.7,15000.0,11160.7,3839.3
ORD00981,2024-05-06,C0288,Printer,Office,Quatre Bornes,West,1,9500,0.0,6196.1,9500.0,6196.1,3303.9
ORD00982,2025-12-09,C0242,Monitor 27,Electronics,Pamplemousses,North,1,12000,0.0,8655.09,12000.0,8655.09,3344.91
ORD00983,2024-07-17,C0430,Wireless Headphones,Accessories,Centre de Flacq,East,2,6500,0.0,4579.72,13000.0,9159.44,3840.56
ORD00984,2024-05-31,C0302,Printer,Office,Mahebourg,South,2,9500,0.0,6604.15,19000.0,13208.3,5791.7
ORD00985,2024-02-07,C0383,Printer,Office,Flacq,East,1,9500,0.0,6538.38,9500.0,6538.38,2961.62
ORD00986,2024-09-29,C0113,Wireless Headphones,Accessories,Black River,West,2,6500,0.0,4086.57,13000.0,8173.14,4826.86
ORD00987,2024-07-23,C0065,Gaming Mouse,Accessories,Flacq,East,1,2200,0.05,1467.81,2090.0,1467.81,622.19
ORD00988,2024-10-02,C0012,Standing Desk,Furniture,Mahebourg,South,1,15000,0.15,9660.01,12750.0,9660.01,3089.99
ORD00989,2025-11-19,C0312,Mechanical Keyboard,Accessories,Port Louis,North,1,4200,0.0,2401.19,4200.0,2401.19,1798.81
ORD00990,2024-12-25,C0180,Wireless Headphones,Accessories,Mahebourg,South,3,6500,0.05,3732.3,18525.0,11196.9,7328.1
ORD00991,2025-02-18,C0440,Wireless Headphones,Accessories,Flacq,East,2,6500,0.1,4194.13,11700.0,8388.26,3311.74
ORD00992,2025-07-23,C0362,Office Chair,Furniture,Flacq,East,1,8500,0.0,5787.85,8500.0,5787.85,2712.15
ORD00993,2025-07-27,C0292,Monitor 27,Electronics,Black River,West,1,12000,0.1,8459.16,10800.0,8459.16,2340.84
ORD00994,2024-12-10,C0411,Smartphone X,Electronics,Curepipe,South,1,28000,0.0,19149.01,28000.0,19149.01,8850.99
ORD00995,2025-10-16,C0456,Laptop Pro 14,Electronics,Port Louis,North,2,45000,0.05,28252.11,85500.0,56504.22,28995.78
ORD00996,2024-09-26,C0363,Office Chair,Furniture,Port Louis,North,2,8500,0.1,6567.18,15300.0,13134.36,2165.64
ORD00997,2025-01-23,C0480,Monitor 27,Electronics,Port Louis,North,1,12000,0.1,8622.74,10800.0,8622.74,2177.26
ORD00998,2025-08-01,C0052,Gaming Mouse,Accessories,Quatre Bornes,West,2,2200,0.0,1538.26,4400.0,3076.52,1323.48
ORD00999,2025-08-25,C0136,USB-C Hub,Accessories,Flacq,East,1,1800,0.05,1341.5,1710.0,1341.5,368.5
ORD01000,2025-02-10,C0016,Laptop Pro 14,Electronics,Quatre Bornes,West,1,45000,0.05,30784.75,42750.0,30784.75,11965.25
ORD01001,2024-05-24,C0100,Standing Desk,Furniture,Centre de Flacq,East,1,15000,0.0,9282.41,15000.0,9282.41,5717.59
ORD01002,2025-08-24,C0176,Office Lamp,Office,Pamplemousses,North,1,1800,0.0,1118.76,1800.0,1118.76,681.24
ORD01003,2025-01-30,C0116,Smartphone X,Electronics,Quatre Bornes,West,2,28000,0.0,21115.12,56000.0,42230.24,13769.76
ORD01004,2024-06-11,C0345,Mechanical Keyboard,Accessories,Mahebourg,South,1,4200,0.05,2684.08,3990.0,2684.08,1305.92
ORD01005,2024-04-05,C0092,Mechanical Keyboard,Accessories,Mahebourg,South,2,4200,0.0,2784.12,8400.0,5568.24,2831.76
ORD01006,2025-08-04,C0046,Office Chair,Furniture,Flacq,East,1,8500,0.0,5710.24,8500.0,5710.24,2789.76
ORD01007,2024-07-10,C0374,Tablet Air,Electronics,Pamplemousses,North,1,18000,0.0,14037.8,18000.0,14037.8,3962.2
ORD01008,2024-04-13,C0318,Mechanical Keyboard,Accessories,Curepipe,South,1,4200,0.0,2401.46,4200.0,2401.46,1798.54
ORD01009,2024-01-23,C0418,Mechanical Keyboard,Accessories,Quatre Bornes,West,1,4200,0.0,2349.69,4200.0,2349.69,1850.31
ORD01010,2024-04-22,C0045,Laptop Pro 14,Electronics,Pamplemousses,North,3,45000,0.0,32019.06,135000.0,96057.18,38942.82
ORD01011,2024-04-17,C0267,Printer,Office,Mahebourg,South,3,9500,0.05,5705.01,27075.0,17115.03,9959.97
ORD01012,2025-01-13,C0204,Smartphone X,Electronics,Curepipe,South,2,28000,0.05,18878.11,53200.0,37756.22,15443.78
ORD01013,2024-07-31,C0272,Smartphone X,Electronics,Flacq,East,1,28000,0.0,21649.62,28000.0,21649.62,6350.38
ORD01014,2024-07-18,C0138,Printer,Office,Pamplemousses,North,1,9500,0.05,6544.29,9025.0,6544.29,2480.71
ORD01015,2024-05-08,C0234,Gaming Mouse,Accessories,Curepipe,South,2,2200,0.0,1283.48,4400.0,2566.96,1833.04
ORD01016,2024-07-27,C0035,Laptop Pro 14,Electronics,Quatre Bornes,West,4,45000,0.1,25122.25,162000.0,100489.0,61511.0
ORD01017,2025-03-22,C0344,Monitor 27,Electronics,Pamplemousses,North,1,12000,0.0,9147.95,12000.0,9147.95,2852.05
ORD01018,2024-03-20,C0031,Office Chair,Furniture,Black River,West,1,8500,0.1,5907.74,7650.0,5907.74,1742.26
ORD01019,2024-12-24,C0016,Smartphone X,Electronics,Quatre Bornes,West,1,28000,0.0,20503.96,28000.0,20503.96,7496.04
ORD01020,2025-02-26,C0077,Gaming Mouse,Accessories,Port Louis,North,1,2200,0.1,1394.88,1980.0,1394.88,585.12
ORD01021,2024-08-16,C0103,Printer,Office,Centre de Flacq,East,3,9500,0.0,5389.78,28500.0,16169.34,12330.66
ORD01022,2024-11-21,C0313,Office Chair,Furniture,Curepipe,South,2,8500,0.05,6572.43,16150.0,13144.86,3005.14
ORD01023,2024-06-13,C0262,Office Chair,Furniture,Mahebourg,South,4,8500,0.05,5988.71,32300.0,23954.84,8345.16
ORD01024,2025-06-13,C0195,Laptop Pro 14,Electronics,Flacq,East,1,45000,0.0,27799.14,45000.0,27799.14,17200.86
ORD01025,2025-04-10,C0410,Printer,Office,Port Louis,North,1,9500,0.0,5843.83,9500.0,5843.83,3656.17
ORD01026,2025-10-18,C0500,Smartphone X,Electronics,Curepipe,South,1,28000,0.0,17693.89,28000.0,17693.89,10306.11
ORD01027,2025-10-22,C0270,Office Chair,Furniture,Flacq,East,1,8500,0.05,4686.47,8075.0,4686.47,3388.53
ORD01028,2024-02-25,C0473,Standing Desk,Furniture,Quatre Bornes,West,1,15000,0.0,10212.78,15000.0,10212.78,4787.22
ORD01029,2024-10-01,C0091,Mechanical Keyboard,Accessories,Quatre Bornes,West,1,4200,0.05,2706.35,3990.0,2706.35,1283.65
ORD01030,2024-05-20,C0115,Printer,Office,Pamplemousses,North,1,9500,0.0,6743.84,9500.0,6743.84,2756.16
ORD01031,2024-11-14,C0177,Office Lamp,Office,Curepipe,South,1,1800,0.1,1230.78,1620.0,1230.78,389.22
ORD01032,2024-12-06,C0380,Printer,Office,Centre de Flacq,East,1,9500,0.0,5789.59,9500.0,5789.59,3710.41
ORD01033,2025-03-29,C0293,Printer,Office,Black River,West,1,9500,0.0,6547.9,9500.0,6547.9,2952.1
ORD01034,2024-05-13,C0456,Mechanical Keyboard,Accessories,Centre de Flacq,East,2,4200,0.05,2718.33,7980.0,5436.66,2543.34
ORD01035,2024-02-20,C0036,Mechanical Keyboard,Accessories,Mahebourg,South,1,4200,0.0,3100.54,4200.0,3100.54,1099.46
ORD01036,2025-12-16,C0287,USB-C Hub,Accessories,Pamplemousses,North,2,1800,0.0,1328.56,3600.0,2657.12,942.88
ORD01037,2024-05-20,C0489,Standing Desk,Furniture,Mahebourg,South,1,15000,0.1,10276.43,13500.0,10276.43,3223.57
ORD01038,2025-11-30,C0203,Tablet Air,Electronics,Flacq,East,1,18000,0.05,10274.65,17100.0,10274.65,6825.35
ORD01039,2025-09-12,C0402,Mechanical Keyboard,Accessories,Black River,West,2,4200,0.1,2395.75,7560.0,4791.5,2768.5
ORD01040,2025-08-16,C0422,Smartphone X,Electronics,Mahebourg,South,1,28000,0.0,17017.68,28000.0,17017.68,10982.32
ORD01041,2025-08-28,C0148,Laptop Pro 14,Electronics,Port Louis,North,1,45000,0.0,28338.54,45000.0,28338.54,16661.46
ORD01042,2025-07-26,C0286,Wireless Headphones,Accessories,Black River,West,1,6500,0.05,3802.21,6175.0,3802.21,2372.79
ORD01043,2025-01-16,C0461,Wireless Headphones,Accessories,Mahebourg,South,1,6500,0.0,3771.91,6500.0,3771.91,2728.09
ORD01044,2024-07-26,C0497,Mechanical Keyboard,Accessories,Centre de Flacq,East,1,4200,0.0,2943.15,4200.0,2943.15,1256.85
ORD01045,2025-08-09,C0285,Gaming Mouse,Accessories,Quatre Bornes,West,1,2200,0.0,1360.48,2200.0,1360.48,839.52
ORD01046,2025-01-21,C0288,USB-C Hub,Accessories,Port Louis,North,1,1800,0.05,1322.53,1710.0,1322.53,387.47
ORD01047,2025-03-01,C0158,Laptop Pro 14,Electronics,Flacq,East,1,45000,0.1,27800.16,40500.0,27800.16,12699.84
ORD01048,2025-01-10,C0073,Printer,Office,Centre de Flacq,East,1,9500,0.0,7012.25,9500.0,7012.25,2487.75
ORD01049,2024-12-05,C0150,Office Lamp,Office,Mahebourg,South,3,1800,0.0,1086.08,5400.0,3258.24,2141.76
ORD01050,2024-05-25,C0007,Office Chair,Furniture,Quatre Bornes,West,1,8500,0.0,5530.86,8500.0,5530.86,2969.14
ORD01051,2025-04-08,C0337,Tablet Air,Electronics,Port Louis,North,1,18000,0.1,11670.55,16200.0,11670.55,4529.45
ORD01052,2024-07-10,C0020,Standing Desk,Furniture,Pamplemousses,North,1,15000,0.15,11035.05,12750.0,11035.05,1714.95
ORD01053,2025-11-30,C0089,USB-C Hub,Accessories,Port Louis,North,1,1800,0.0,1223.15,1800.0,1223.15,576.85
ORD01054,2025-02-05,C0035,Smartphone X,Electronics,Black River,West,1,28000,0.05,20487.44,26600.0,20487.44,6112.56
ORD01055,2025-09-28,C0325,Gaming Mouse,Accessories,Centre de Flacq,East,1,2200,0.05,1715.87,2090.0,1715.87,374.13
ORD01056,2025-09-08,C0475,Monitor 27,Electronics,Pamplemousses,North,1,12000,0.0,9257.58,12000.0,9257.58,2742.42
ORD01057,2025-09-08,C0070,Monitor 27,Electronics,Pamplemousses,North,1,12000,0.0,7040.91,12000.0,7040.91,4959.09
ORD01058,2024-10-13,C0154,USB-C Hub,Accessories,Black River,West,4,1800,0.0,1354.86,7200.0,5419.44,1780.56
ORD01059,2025-07-01,C0104,Wireless Headphones,Accessories,Pamplemousses,North,1,6500,0.0,4217.6,6500.0,4217.6,2282.4
ORD01060,2025-03-01,C0277,Smartphone X,Electronics,Port Louis,North,1,28000,0.0,18144.23,28000.0,18144.23,9855.77
ORD01061,2024-03-05,C0432,Wireless Headphones,Accessories,Centre de Flacq,East,2,6500,0.1,4778.61,11700.0,9557.22,2142.78
ORD01062,2025-06-28,C0080,USB-C Hub,Accessories,Flacq,East,1,1800,0.0,1121.2,1800.0,1121.2,678.8
ORD01063,2025-06-23,C0284,Printer,Office,Black River,West,1,9500,0.0,6491.87,9500.0,6491.87,3008.13
ORD01064,2024-04-08,C0315,Laptop Pro 14,Electronics,Mahebourg,South,2,45000,0.0,28203.84,90000.0,56407.68,33592.32
ORD01065,2025-12-09,C0385,Laptop Pro 14,Electronics,Port Louis,North,2,45000,0.1,30014.88,81000.0,60029.76,20970.24
ORD01066,2024-05-11,C0290,Monitor 27,Electronics,Mahebourg,South,1,12000,0.1,8808.42,10800.0,8808.42,1991.58
ORD01067,2024-02-12,C0400,Mechanical Keyboard,Accessories,Black River,West,1,4200,0.0,2810.0,4200.0,2810.0,1390.0
ORD01068,2025-12-16,C0046,Smartphone X,Electronics,Black River,West,1,28000,0.0,21315.28,28000.0,21315.28,6684.72
ORD01069,2024-11-20,C0277,Mechanical Keyboard,Accessories,Port Louis,North,1,4200,0.0,3245.11,4200.0,3245.11,954.89
ORD01070,2024-06-26,C0445,Monitor 27,Electronics,Pamplemousses,North,1,12000,0.1,7455.23,10800.0,7455.23,3344.77
ORD01071,2025-03-20,C0179,USB-C Hub,Accessories,Mahebourg,South,1,1800,0.0,1275.59,1800.0,1275.59,524.41
ORD01072,2025-04-21,C0278,Monitor 27,Electronics,Centre de Flacq,East,3,12000,0.05,6798.46,34200.0,20395.38,13804.62
ORD01073,2024-12-10,C0322,USB-C Hub,Accessories,Black River,West,1,1800,0.0,1152.64,1800.0,1152.64,647.36
ORD01074,2025-12-06,C0482,Tablet Air,Electronics,Centre de Flacq,East,1,18000,0.05,11292.32,17100.0,11292.32,5807.68
ORD01075,2025-03-31,C0421,Smartphone X,Electronics,Pamplemousses,North,1,28000,0.0,19934.89,28000.0,19934.89,8065.11
ORD01076,2024-04-14,C0270,Office Chair,Furniture,Pamplemousses,North,1,8500,0.1,4684.55,7650.0,4684.55,2965.45
ORD01077,2025-07-03,C0274,Tablet Air,Electronics,Port Louis,North,1,18000,0.0,13629.15,18000.0,13629.15,4370.85
ORD01078,2024-01-20,C0128,Laptop Pro 14,Electronics,Mahebourg,South,2,45000,0.1,24787.84,81000.0,49575.68,31424.32
ORD01079,2024-07-28,C0236,Tablet Air,Electronics,Curepipe,South,2,18000,0.05,13058.19,34200.0,26116.38,8083.62
ORD01080,2025-04-09,C0480,Tablet Air,Electronics,Pamplemousses,North,1,18000,0.1,10188.52,16200.0,10188.52,6011.48
ORD01081,2024-05-18,C0358,Printer,Office,Quatre Bornes,West,2,9500,0.05,6385.67,18050.0,12771.34,5278.66
ORD01082,2024-02-16,C0205,Printer,Office,Black River,West,1,9500,0.05,6569.98,9025.0,6569.98,2455.02
ORD01083,2025-01-15,C0333,Monitor 27,Electronics,Mahebourg,South,2,12000,0.05,7484.75,22800.0,14969.5,7830.5
ORD01084,2025-07-04,C0245,Standing Desk,Furniture,Curepipe,South,3,15000,0.0,9344.54,45000.0,28033.62,16966.38
ORD01085,2025-07-31,C0143,USB-C Hub,Accessories,Mahebourg,South,1,1800,0.0,991.95,1800.0,991.95,808.05
ORD01086,2024-12-17,C0043,Printer,Office,Pamplemousses,North,4,9500,0.05,5755.84,36100.0,23023.36,13076.64
ORD01087,2024-09-20,C0177,Office Lamp,Office,Port Louis,North,2,1800,0.05,1161.25,3420.0,2322.5,1097.5
ORD01088,2024-03-03,C0338,Tablet Air,Electronics,Curepipe,South,1,18000,0.15,13762.94,15300.0,13762.94,1537.06
ORD01089,2024-09-11,C0234,Laptop Pro 14,Electronics,Curepipe,South,2,45000,0.0,25913.2,90000.0,51826.4,38173.6
ORD01090,2025-07-11,C0190,Standing Desk,Furniture,Centre de Flacq,East,2,15000,0.0,8827.77,30000.0,17655.54,12344.46
ORD01091,2025-07-17,C0046,Tablet Air,Electronics,Quatre Bornes,West,1,18000,0.0,13770.16,18000.0,13770.16,4229.84
ORD01092,2024-03-13,C0176,Gaming Mouse,Accessories,Quatre Bornes,West,1,2200,0.0,1289.63,2200.0,1289.63,910.37
ORD01093,2025-09-19,C0495,Mechanical Keyboard,Accessories,Quatre Bornes,West,2,4200,0.0,3175.81,8400.0,6351.62,2048.38
ORD01094,2024-12-26,C0459,Laptop Pro 14,Electronics,Mahebourg,South,2,45000,0.0,31594.97,90000.0,63189.94,26810.06
ORD01095,2025-09-16,C0375,Monitor 27,Electronics,Curepipe,South,1,12000,0.0,8907.05,12000.0,8907.05,3092.95
ORD01096,2024-03-16,C0023,Tablet Air,Electronics,Flacq,East,1,18000,0.0,12411.58,18000.0,12411.58,5588.42
ORD01097,2024-10-05,C0209,Monitor 27,Electronics,Pamplemousses,North,3,12000,0.0,9067.94,36000.0,27203.82,8796.18
ORD01098,2025-07-03,C0427,Tablet Air,Electronics,Centre de Flacq,East,2,18000,0.05,11942.43,34200.0,23884.86,10315.14
ORD01099,2024-10-26,C0148,Standing Desk,Furniture,Quatre Bornes,West,1,15000,0.05,9230.79,14250.0,9230.79,5019.21
ORD01100,2024-12-30,C0025,Smartphone X,Electronics,Mahebourg,South,4,28000,0.0,20957.49,112000.0,83829.96,28170.04
ORD01101,2024-09-24,C0116,Monitor 27,Electronics,Flacq,East,1,12000,0.1,7657.24,10800.0,7657.24,3142.76
ORD01102,2024-12-17,C0483,Laptop Pro 14,Electronics,Port Louis,North,1,45000,0.1,30207.09,40500.0,30207.09,10292.91
ORD01103,2024-05-26,C0346,Smartphone X,Electronics,Mahebourg,South,2,28000,0.0,18980.07,56000.0,37960.14,18039.86
ORD01104,2025-11-28,C0111,USB-C Hub,Accessories,Curepipe,South,1,1800,0.0,1252.39,1800.0,1252.39,547.61
ORD01105,2024-07-01,C0328,Smartphone X,Electronics,Mahebourg,South,1,28000,0.1,18760.03,25200.0,18760.03,6439.97
ORD01106,2025-06-18,C0224,Gaming Mouse,Accessories,Flacq,East,1,2200,0.0,1500.43,2200.0,1500.43,699.57
ORD01107,2024-12-11,C0152,Wireless Headphones,Accessories,Flacq,East,1,6500,0.0,4543.91,6500.0,4543.91,1956.09
ORD01108,2025-08-22,C0028,USB-C Hub,Accessories,Mahebourg,South,1,1800,0.0,1372.21,1800.0,1372.21,427.79
ORD01109,2025-07-30,C0294,USB-C Hub,Accessories,Pamplemousses,North,1,1800,0.1,1008.08,1620.0,1008.08,611.92
ORD01110,2025-08-04,C0135,Office Lamp,Office,Port Louis,North,4,1800,0.0,1119.47,7200.0,4477.88,2722.12
ORD01111,2024-02-27,C0299,Office Chair,Furniture,Centre de Flacq,East,2,8500,0.0,4880.47,17000.0,9760.94,7239.06
ORD01112,2025-04-07,C0381,Standing Desk,Furniture,Port Louis,North,1,15000,0.0,8287.25,15000.0,8287.25,6712.75
ORD01113,2024-04-01,C0222,Standing Desk,Furniture,Port Louis,North,1,15000,0.1,9664.58,13500.0,9664.58,3835.42
ORD01114,2025-11-03,C0090,Monitor 27,Electronics,Port Louis,North,1,12000,0.1,7380.16,10800.0,7380.16,3419.84
ORD01115,2025-08-06,C0265,Office Chair,Furniture,Flacq,East,1,8500,0.05,6369.7,8075.0,6369.7,1705.3
ORD01116,2024-09-25,C0377,Laptop Pro 14,Electronics,Quatre Bornes,West,1,45000,0.05,25230.27,42750.0,25230.27,17519.73
ORD01117,2024-06-11,C0083,Mechanical Keyboard,Accessories,Centre de Flacq,East,1,4200,0.0,2605.79,4200.0,2605.79,1594.21
ORD01118,2024-08-12,C0382,Mechanical Keyboard,Accessories,Port Louis,North,2,4200,0.05,2801.24,7980.0,5602.48,2377.52
ORD01119,2025-01-24,C0435,Wireless Headphones,Accessories,Curepipe,South,2,6500,0.0,4515.68,13000.0,9031.36,3968.64
ORD01120,2024-03-13,C0253,Standing Desk,Furniture,Flacq,East,1,15000,0.05,9201.95,14250.0,9201.95,5048.05
ORD01121,2024-01-13,C0173,Tablet Air,Electronics,Quatre Bornes,West,2,18000,0.0,10317.92,36000.0,20635.84,15364.16
ORD01122,2024-06-04,C0493,Office Lamp,Office,Centre de Flacq,East,1,1800,0.0,1396.32,1800.0,1396.32,403.68
ORD01123,2025-07-26,C0089,USB-C Hub,Accessories,Mahebourg,South,1,1800,0.0,1062.77,1800.0,1062.77,737.23
ORD01124,2025-03-08,C0240,Tablet Air,Electronics,Pamplemousses,North,1,18000,0.05,13036.25,17100.0,13036.25,4063.75
ORD01125,2025-05-17,C0431,Tablet Air,Electronics,Port Louis,North,1,18000,0.0,12940.04,18000.0,12940.04,5059.96
ORD01126,2024-12-24,C0199,Laptop Pro 14,Electronics,Mahebourg,South,3,45000,0.0,27366.13,135000.0,82098.39,52901.61
ORD01127,2024-07-29,C0296,Office Chair,Furniture,Mahebourg,South,1,8500,0.0,5197.4,8500.0,5197.4,3302.6
ORD01128,2024-01-06,C0475,Printer,Office,Pamplemousses,North,1,9500,0.05,7273.88,9025.0,7273.88,1751.12
ORD01129,2024-02-16,C0221,Printer,Office,Black River,West,1,9500,0.15,5782.57,8075.0,5782.57,2292.43
ORD01130,2024-03-13,C0124,Standing Desk,Furniture,Curepipe,South,1,15000,0.0,9776.26,15000.0,9776.26,5223.74
ORD01131,2024-01-10,C0442,Office Lamp,Office,Curepipe,South,1,1800,0.05,1349.68,1710.0,1349.68,360.32
ORD01132,2024-08-04,C0222,Office Chair,Furniture,Mahebourg,South,1,8500,0.05,6288.77,8075.0,6288.77,1786.23
ORD01133,2024-03-31,C0235,USB-C Hub,Accessories,Curepipe,South,1,1800,0.0,1172.25,1800.0,1172.25,627.75
ORD01134,2024-11-01,C0218,USB-C Hub,Accessories,Quatre Bornes,West,1,1800,0.0,1396.6,1800.0,1396.6,403.4
ORD01135,2024-08-27,C0214,Printer,Office,Quatre Bornes,West,1,9500,0.1,6118.21,8550.0,6118.21,2431.79
ORD01136,2025-07-21,C0325,Printer,Office,Flacq,East,1,9500,0.0,6000.66,9500.0,6000.66,3499.34
ORD01137,2025-03-17,C0405,Office Chair,Furniture,Black River,West,1,8500,0.0,5965.05,8500.0,5965.05,2534.95
ORD01138,2024-02-29,C0417,Laptop Pro 14,Electronics,Quatre Bornes,West,1,45000,0.0,26204.16,45000.0,26204.16,18795.84
ORD01139,2024-12-22,C0065,Monitor 27,Electronics,Pamplemousses,North,1,12000,0.0,9217.65,12000.0,9217.65,2782.35
ORD01140,2024-09-24,C0234,Mechanical Keyboard,Accessories,Centre de Flacq,East,1,4200,0.0,2465.25,4200.0,2465.25,1734.75
ORD01141,2025-10-04,C0444,Printer,Office,Pamplemousses,North,1,9500,0.05,5506.94,9025.0,5506.94,3518.06
ORD01142,2024-12-31,C0057,Laptop Pro 14,Electronics,Port Louis,North,1,45000,0.1,33371.49,40500.0,33371.49,7128.51
ORD01143,2025-07-15,C0247,Gaming Mouse,Accessories,Black River,West,3,2200,0.0,1363.46,6600.0,4090.38,2509.62
ORD01144,2024-05-27,C0201,Mechanical Keyboard,Accessories,Port Louis,North,1,4200,0.0,2619.83,4200.0,2619.83,1580.17
ORD01145,2025-12-26,C0214,Monitor 27,Electronics,Pamplemousses,North,1,12000,0.0,8845.0,12000.0,8845.0,3155.0
ORD01146,2024-03-14,C0237,Printer,Office,Flacq,East,1,9500,0.05,6434.79,9025.0,6434.79,2590.21
ORD01147,2024-06-29,C0473,USB-C Hub,Accessories,Port Louis,North,2,1800,0.1,1070.75,3240.0,2141.5,1098.5
ORD01148,2025-11-01,C0331,Wireless Headphones,Accessories,Pamplemousses,North,2,6500,0.0,4210.12,13000.0,8420.24,4579.76
ORD01149,2025-04-30,C0336,Tablet Air,Electronics,Curepipe,South,1,18000,0.05,9955.96,17100.0,9955.96,7144.04
ORD01150,2024-12-01,C0375,Wireless Headphones,Accessories,Quatre Bornes,West,2,6500,0.0,4646.49,13000.0,9292.98,3707.02
ORD01151,2025-07-23,C0168,Laptop Pro 14,Electronics,Pamplemousses,North,2,45000,0.0,26763.57,90000.0,53527.14,36472.86
ORD01152,2024-06-14,C0364,Printer,Office,Port Louis,North,1,9500,0.1,6698.1,8550.0,6698.1,1851.9
ORD01153,2024-03-12,C0141,Monitor 27,Electronics,Pamplemousses,North,1,12000,0.0,7601.24,12000.0,7601.24,4398.76
ORD01154,2024-10-01,C0178,Mechanical Keyboard,Accessories,Flacq,East,1,4200,0.15,2852.07,3570.0,2852.07,717.93
ORD01155,2024-08-29,C0176,Printer,Office,Curepipe,South,1,9500,0.0,6644.95,9500.0,6644.95,2855.05
ORD01156,2024-05-05,C0474,Office Lamp,Office,Centre de Flacq,East,2,1800,0.1,1043.23,3240.0,2086.46,1153.54
ORD01157,2024-05-13,C0254,Smartphone X,Electronics,Flacq,East,1,28000,0.0,18420.62,28000.0,18420.62,9579.38
ORD01158,2024-08-22,C0090,Tablet Air,Electronics,Pamplemousses,North,4,18000,0.0,12372.06,72000.0,49488.24,22511.76
ORD01159,2024-11-06,C0067,Gaming Mouse,Accessories,Curepipe,South,1,2200,0.05,1647.16,2090.0,1647.16,442.84
ORD01160,2025-09-16,C0116,Standing Desk,Furniture,Pamplemousses,North,1,15000,0.0,10503.32,15000.0,10503.32,4496.68
ORD01161,2024-02-20,C0023,Laptop Pro 14,Electronics,Flacq,East,2,45000,0.0,33939.48,90000.0,67878.96,22121.04
ORD01162,2024-05-08,C0293,USB-C Hub,Accessories,Curepipe,South,1,1800,0.0,1361.25,1800.0,1361.25,438.75
ORD01163,2025-04-11,C0270,Wireless Headphones,Accessories,Port Louis,North,1,6500,0.05,3687.34,6175.0,3687.34,2487.66
ORD01164,2025-12-31,C0229,Tablet Air,Electronics,Black River,West,2,18000,0.05,10596.39,34200.0,21192.78,13007.22
ORD01165,2024-06-19,C0029,Monitor 27,Electronics,Pamplemousses,North,1,12000,0.05,7972.38,11400.0,7972.38,3427.62
ORD01166,2025-03-26,C0441,Mechanical Keyboard,Accessories,Curepipe,South,1,4200,0.0,2664.79,4200.0,2664.79,1535.21
ORD01167,2024-05-21,C0417,Mechanical Keyboard,Accessories,Quatre Bornes,West,2,4200,0.05,2903.29,7980.0,5806.58,2173.42
ORD01168,2025-11-03,C0472,Monitor 27,Electronics,Black River,West,1,12000,0.05,8956.67,11400.0,8956.67,2443.33
ORD01169,2024-03-14,C0467,Tablet Air,Electronics,Curepipe,South,1,18000,0.0,12903.48,18000.0,12903.48,5096.52
ORD01170,2025-08-21,C0061,Laptop Pro 14,Electronics,Flacq,East,2,45000,0.1,34663.54,81000.0,69327.08,11672.92
ORD01171,2024-11-22,C0263,Office Chair,Furniture,Pamplemousses,North,1,8500,0.1,4828.15,7650.0,4828.15,2821.85
ORD01172,2024-04-06,C0121,Standing Desk,Furniture,Black River,West,1,15000,0.0,11601.73,15000.0,11601.73,3398.27
ORD01173,2024-07-15,C0161,USB-C Hub,Accessories,Black River,West,2,1800,0.0,1355.87,3600.0,2711.74,888.26
ORD01174,2024-10-15,C0082,Gaming Mouse,Accessories,Pamplemousses,North,1,2200,0.15,1599.44,1870.0,1599.44,270.56
ORD01175,2024-03-02,C0218,Office Lamp,Office,Mahebourg,South,2,1800,0.05,1124.39,3420.0,2248.78,1171.22
ORD01176,2025-10-10,C0242,Standing Desk,Furniture,Centre de Flacq,East,3,15000,0.05,10745.71,42750.0,32237.13,10512.87
ORD01177,2025-02-11,C0406,Office Chair,Furniture,Black River,West,1,8500,0.0,6309.25,8500.0,6309.25,2190.75
ORD01178,2024-07-21,C0009,Gaming Mouse,Accessories,Mahebourg,South,2,2200,0.0,1414.75,4400.0,2829.5,1570.5
ORD01179,2025-04-17,C0380,Wireless Headphones,Accessories,Quatre Bornes,West,4,6500,0.0,3644.79,26000.0,14579.16,11420.84
ORD01180,2024-03-29,C0228,Wireless Headphones,Accessories,Pamplemousses,North,2,6500,0.1,4186.35,11700.0,8372.7,3327.3
ORD01181,2024-09-20,C0474,Monitor 27,Electronics,Curepipe,South,1,12000,0.0,8058.89,12000.0,8058.89,3941.11
ORD01182,2025-04-16,C0344,Office Chair,Furniture,Port Louis,North,2,8500,0.0,6422.96,17000.0,12845.92,4154.08
ORD01183,2025-06-27,C0033,Mechanical Keyboard,Accessories,Pamplemousses,North,1,4200,0.15,2911.16,3570.0,2911.16,658.84
ORD01184,2024-01-10,C0436,Wireless Headphones,Accessories,Pamplemousses,North,1,6500,0.05,4945.38,6175.0,4945.38,1229.62
ORD01185,2024-04-06,C0301,Mechanical Keyboard,Accessories,Flacq,East,1,4200,0.0,2826.38,4200.0,2826.38,1373.62
ORD01186,2024-01-08,C0005,Printer,Office,Port Louis,North,1,9500,0.0,7287.63,9500.0,7287.63,2212.37
ORD01187,2025-03-18,C0025,Smartphone X,Electronics,Quatre Bornes,West,2,28000,0.1,17810.53,50400.0,35621.06,14778.94
ORD01188,2025-05-20,C0146,Tablet Air,Electronics,Pamplemousses,North,1,18000,0.05,13642.7,17100.0,13642.7,3457.3
ORD01189,2024-08-18,C0368,Mechanical Keyboard,Accessories,Pamplemousses,North,2,4200,0.05,2595.76,7980.0,5191.52,2788.48
ORD01190,2024-12-10,C0229,Printer,Office,Black River,West,1,9500,0.05,5335.55,9025.0,5335.55,3689.45
ORD01191,2025-07-29,C0033,Standing Desk,Furniture,Quatre Bornes,West,2,15000,0.0,10766.83,30000.0,21533.66,8466.34
ORD01192,2025-01-11,C0347,Office Lamp,Office,Centre de Flacq,East,1,1800,0.0,1036.65,1800.0,1036.65,763.35
ORD01193,2025-09-03,C0487,Smartphone X,Electronics,Pamplemousses,North,2,28000,0.1,21085.11,50400.0,42170.22,8229.78
ORD01194,2025-08-28,C0041,Office Chair,Furniture,Port Louis,North,1,8500,0.1,6579.85,7650.0,6579.85,1070.15
ORD01195,2025-09-01,C0201,Mechanical Keyboard,Accessories,Curepipe,South,2,4200,0.0,2503.35,8400.0,5006.7,3393.3
ORD01196,2024-09-14,C0193,Gaming Mouse,Accessories,Black River,West,2,2200,0.05,1620.83,4180.0,3241.66,938.34
ORD01197,2025-04-09,C0069,Monitor 27,Electronics,Port Louis,North,1,12000,0.0,8315.24,12000.0,8315.24,3684.76
ORD01198,2024-03-09,C0400,Mechanical Keyboard,Accessories,Curepipe,South,1,4200,0.05,2979.25,3990.0,2979.25,1010.75
ORD01199,2024-10-19,C0415,Standing Desk,Furniture,Curepipe,South,1,15000,0.0,10243.68,15000.0,10243.68,4756.32
ORD01200,2024-12-18,C0163,Laptop Pro 14,Electronics,Quatre Bornes,West,1,45000,0.1,30234.21,40500.0,30234.21,10265.79
ORD01201,2024-01-15,C0296,Office Chair,Furniture,Curepipe,South,1,8500,0.0,5888.7,8500.0,5888.7,2611.3
ORD01202,2025-03-24,C0481,Monitor 27,Electronics,Centre de Flacq,East,1,12000,0.1,8207.41,10800.0,8207.41,2592.59
ORD01203,2025-09-18,C0078,Wireless Headphones,Accessories,Black River,West,1,6500,0.05,3724.48,6175.0,3724.48,2450.52
ORD01204,2025-08-25,C0478,Wireless Headphones,Accessories,Centre de Flacq,East,2,6500,0.0,3584.76,13000.0,7169.52,5830.48
ORD01205,2025-12-23,C0330,Gaming Mouse,Accessories,Port Louis,North,1,2200,0.0,1351.41,2200.0,1351.41,848.59
ORD01206,2025-09-15,C0435,Printer,Office,Port Louis,North,2,9500,0.0,6622.91,19000.0,13245.82,5754.18
ORD01207,2024-11-01,C0038,Standing Desk,Furniture,Curepipe,South,1,15000,0.05,11452.76,14250.0,11452.76,2797.24
ORD01208,2024-02-17,C0331,Office Chair,Furniture,Curepipe,South,1,8500,0.1,5026.21,7650.0,5026.21,2623.79
ORD01209,2025-03-31,C0072,Mechanical Keyboard,Accessories,Mahebourg,South,1,4200,0.0,3012.26,4200.0,3012.26,1187.74
ORD01210,2024-01-24,C0425,Standing Desk,Furniture,Flacq,East,2,15000,0.0,9848.7,30000.0,19697.4,10302.6
ORD01211,2025-03-25,C0164,Smartphone X,Electronics,Pamplemousses,North,3,28000,0.0,18270.82,84000.0,54812.46,29187.54
ORD01212,2024-09-11,C0070,USB-C Hub,Accessories,Curepipe,South,2,1800,0.0,1355.03,3600.0,2710.06,889.94
ORD01213,2024-12-03,C0199,Standing Desk,Furniture,Port Louis,North,1,15000,0.1,11240.09,13500.0,11240.09,2259.91
ORD01214,2025-06-12,C0438,Office Chair,Furniture,Mahebourg,South,2,8500,0.05,5337.26,16150.0,10674.52,5475.48
ORD01215,2025-06-24,C0071,Gaming Mouse,Accessories,Quatre Bornes,West,1,2200,0.0,1382.57,2200.0,1382.57,817.43
ORD01216,2025-11-05,C0431,Smartphone X,Electronics,Mahebourg,South,1,28000,0.0,19511.65,28000.0,19511.65,8488.35
ORD01217,2024-02-09,C0379,Tablet Air,Electronics,Port Louis,North,2,18000,0.0,12710.65,36000.0,25421.3,10578.7
ORD01218,2025-01-15,C0070,USB-C Hub,Accessories,Pamplemousses,North,2,1800,0.05,990.3,3420.0,1980.6,1439.4
ORD01219,2025-03-29,C0425,Office Chair,Furniture,Pamplemousses,North,1,8500,0.0,4915.57,8500.0,4915.57,3584.43
ORD01220,2024-06-23,C0410,Office Lamp,Office,Port Louis,North,1,1800,0.0,1339.58,1800.0,1339.58,460.42
ORD01221,2025-01-11,C0059,Office Lamp,Office,Curepipe,South,1,1800,0.0,1140.08,1800.0,1140.08,659.92
ORD01222,2024-12-18,C0071,Printer,Office,Flacq,East,1,9500,0.15,6407.05,8075.0,6407.05,1667.95
ORD01223,2025-07-19,C0025,Office Lamp,Office,Mahebourg,South,3,1800,0.0,1222.13,5400.0,3666.39,1733.61
ORD01224,2025-03-07,C0387,Wireless Headphones,Accessories,Pamplemousses,North,1,6500,0.0,4564.51,6500.0,4564.51,1935.49
ORD01225,2024-03-26,C0386,Monitor 27,Electronics,Flacq,East,1,12000,0.0,6785.58,12000.0,6785.58,5214.42
ORD01226,2025-09-14,C0169,Tablet Air,Electronics,Black River,West,2,18000,0.0,13678.94,36000.0,27357.88,8642.12
ORD01227,2024-10-24,C0368,Office Lamp,Office,Flacq,East,1,1800,0.0,1164.34,1800.0,1164.34,635.66
ORD01228,2025-11-25,C0381,Printer,Office,Port Louis,North,1,9500,0.0,5657.92,9500.0,5657.92,3842.08
ORD01229,2025-11-26,C0127,Office Lamp,Office,Centre de Flacq,East,4,1800,0.0,1133.17,7200.0,4532.68,2667.32
ORD01230,2025-04-01,C0463,Printer,Office,Pamplemousses,North,2,9500,0.0,6559.73,19000.0,13119.46,5880.54
ORD01231,2024-04-19,C0026,Wireless Headphones,Accessories,Pamplemousses,North,1,6500,0.0,4196.9,6500.0,4196.9,2303.1
ORD01232,2025-01-29,C0207,Office Lamp,Office,Pamplemousses,North,1,1800,0.0,1293.0,1800.0,1293.0,507.0
ORD01233,2025-09-10,C0035,Laptop Pro 14,Electronics,Quatre Bornes,West,1,45000,0.1,29319.88,40500.0,29319.88,11180.12
ORD01234,2024-10-10,C0097,Monitor 27,Electronics,Black River,West,1,12000,0.0,7725.98,12000.0,7725.98,4274.02
ORD01235,2024-11-02,C0215,Office Lamp,Office,Quatre Bornes,West,1,1800,0.0,1111.01,1800.0,1111.01,688.99
ORD01236,2025-08-26,C0001,Standing Desk,Furniture,Curepipe,South,1,15000,0.0,8420.08,15000.0,8420.08,6579.92
ORD01237,2025-07-14,C0481,USB-C Hub,Accessories,Port Louis,North,1,1800,0.0,1160.14,1800.0,1160.14,639.86
ORD01238,2025-01-30,C0370,Wireless Headphones,Accessories,Black River,West,1,6500,0.0,4522.03,6500.0,4522.03,1977.97
ORD01239,2025-10-28,C0376,Laptop Pro 14,Electronics,Centre de Flacq,East,1,45000,0.05,28104.8,42750.0,28104.8,14645.2
ORD01240,2025-08-13,C0464,Tablet Air,Electronics,Port Louis,North,1,18000,0.05,11387.66,17100.0,11387.66,5712.34
ORD01241,2024-10-06,C0236,Mechanical Keyboard,Accessories,Mahebourg,South,3,4200,0.0,2678.44,12600.0,8035.32,4564.68
ORD01242,2025-11-15,C0391,USB-C Hub,Accessories,Centre de Flacq,East,3,1800,0.0,1383.39,5400.0,4150.17,1249.83
ORD01243,2025-10-27,C0348,Mechanical Keyboard,Accessories,Centre de Flacq,East,2,4200,0.0,2956.59,8400.0,5913.18,2486.82
ORD01244,2025-04-22,C0128,Office Chair,Furniture,Pamplemousses,North,1,8500,0.0,6594.62,8500.0,6594.62,1905.38
ORD01245,2025-08-27,C0437,USB-C Hub,Accessories,Port Louis,North,3,1800,0.0,1024.94,5400.0,3074.82,2325.18
ORD01246,2025-10-31,C0297,Printer,Office,Pamplemousses,North,3,9500,0.0,6122.62,28500.0,18367.86,10132.14
ORD01247,2024-12-27,C0468,Gaming Mouse,Accessories,Pamplemousses,North,1,2200,0.05,1321.18,2090.0,1321.18,768.82
ORD01248,2024-11-15,C0414,Tablet Air,Electronics,Quatre Bornes,West,1,18000,0.05,10467.11,17100.0,10467.11,6632.89
ORD01249,2025-04-14,C0435,Smartphone X,Electronics,Quatre Bornes,West,1,28000,0.15,19440.43,23800.0,19440.43,4359.57
ORD01250,2024-07-14,C0273,Wireless Headphones,Accessories,Pamplemousses,North,2,6500,0.0,4091.29,13000.0,8182.58,4817.42
ORD01251,2024-06-02,C0287,Standing Desk,Furniture,Port Louis,North,1,15000,0.1,8568.59,13500.0,8568.59,4931.41
ORD01252,2025-10-03,C0200,Laptop Pro 14,Electronics,Black River,West,1,45000,0.0,31757.71,45000.0,31757.71,13242.29
ORD01253,2025-06-26,C0458,Gaming Mouse,Accessories,Pamplemousses,North,1,2200,0.0,1380.25,2200.0,1380.25,819.75
ORD01254,2024-01-29,C0326,Smartphone X,Electronics,Curepipe,South,2,28000,0.0,18777.37,56000.0,37554.74,18445.26
ORD01255,2025-04-10,C0367,Monitor 27,Electronics,Curepipe,South,2,12000,0.0,7349.01,24000.0,14698.02,9301.98
ORD01256,2025-06-05,C0499,Laptop Pro 14,Electronics,Curepipe,South,1,45000,0.1,33939.34,40500.0,33939.34,6560.66
ORD01257,2025-05-22,C0083,Tablet Air,Electronics,Flacq,East,1,18000,0.05,11717.63,17100.0,11717.63,5382.37
ORD01258,2024-01-25,C0136,Office Lamp,Office,Flacq,East,2,1800,0.05,1138.36,3420.0,2276.72,1143.28
ORD01259,2024-07-14,C0175,Office Lamp,Office,Centre de Flacq,East,2,1800,0.0,1169.45,3600.0,2338.9,1261.1
ORD01260,2024-01-21,C0250,Smartphone X,Electronics,Quatre Bornes,West,1,28000,0.0,18292.35,28000.0,18292.35,9707.65
ORD01261,2024-12-19,C0186,USB-C Hub,Accessories,Port Louis,North,1,1800,0.0,1106.95,1800.0,1106.95,693.05
ORD01262,2024-02-11,C0464,Printer,Office,Curepipe,South,1,9500,0.0,5455.55,9500.0,5455.55,4044.45
ORD01263,2025-07-13,C0208,Mechanical Keyboard,Accessories,Curepipe,South,1,4200,0.1,3143.34,3780.0,3143.34,636.66
ORD01264,2024-08-08,C0254,Standing Desk,Furniture,Quatre Bornes,West,3,15000,0.0,8909.13,45000.0,26727.39,18272.61
ORD01265,2024-11-27,C0228,Printer,Office,Mahebourg,South,2,9500,0.05,5658.82,18050.0,11317.64,6732.36
ORD01266,2024-09-01,C0019,Mechanical Keyboard,Accessories,Centre de Flacq,East,4,4200,0.05,2704.36,15960.0,10817.44,5142.56
ORD01267,2024-03-06,C0373,Tablet Air,Electronics,Centre de Flacq,East,1,18000,0.0,11100.55,18000.0,11100.55,6899.45
ORD01268,2025-08-19,C0218,Wireless Headphones,Accessories,Port Louis,North,1,6500,0.0,3764.77,6500.0,3764.77,2735.23
ORD01269,2024-03-01,C0180,Monitor 27,Electronics,Pamplemousses,North,1,12000,0.05,7911.82,11400.0,7911.82,3488.18
ORD01270,2024-12-07,C0125,Monitor 27,Electronics,Pamplemousses,North,2,12000,0.0,9016.02,24000.0,18032.04,5967.96
ORD01271,2025-07-26,C0187,Laptop Pro 14,Electronics,Centre de Flacq,East,2,45000,0.0,27911.23,90000.0,55822.46,34177.54
ORD01272,2025-01-01,C0376,Smartphone X,Electronics,Port Louis,North,2,28000,0.0,21473.05,56000.0,42946.1,13053.9
ORD01273,2025-11-21,C0181,Smartphone X,Electronics,Pamplemousses,North,1,28000,0.0,20444.39,28000.0,20444.39,7555.61
ORD01274,2024-01-19,C0183,Laptop Pro 14,Electronics,Port Louis,North,1,45000,0.0,28509.01,45000.0,28509.01,16490.99
ORD01275,2025-02-06,C0403,Printer,Office,Port Louis,North,1,9500,0.05,5659.58,9025.0,5659.58,3365.42
ORD01276,2025-09-22,C0281,Laptop Pro 14,Electronics,Centre de Flacq,East,1,45000,0.05,25167.37,42750.0,25167.37,17582.63
ORD01277,2025-11-17,C0417,Printer,Office,Port Louis,North,1,9500,0.15,5856.05,8075.0,5856.05,2218.95
ORD01278,2025-09-23,C0306,USB-C Hub,Accessories,Port Louis,North,1,1800,0.0,1045.97,1800.0,1045.97,754.03
ORD01279,2024-07-28,C0216,Mechanical Keyboard,Accessories,Port Louis,North,1,4200,0.05,2589.74,3990.0,2589.74,1400.26
ORD01280,2024-03-20,C0229,Printer,Office,Pamplemousses,North,1,9500,0.1,6049.3,8550.0,6049.3,2500.7
ORD01281,2024-12-11,C0212,Laptop Pro 14,Electronics,Pamplemousses,North,1,45000,0.0,26381.79,45000.0,26381.79,18618.21
ORD01282,2024-03-20,C0378,Office Lamp,Office,Pamplemousses,North,1,1800,0.0,1223.01,1800.0,1223.01,576.99
ORD01283,2024-09-24,C0271,USB-C Hub,Accessories,Flacq,East,2,1800,0.0,1093.17,3600.0,2186.34,1413.66
ORD01284,2025-04-18,C0207,Printer,Office,Centre de Flacq,East,1,9500,0.05,6372.43,9025.0,6372.43,2652.57
ORD01285,2024-05-28,C0274,Gaming Mouse,Accessories,Curepipe,South,2,2200,0.05,1528.33,4180.0,3056.66,1123.34
ORD01286,2024-08-14,C0197,Standing Desk,Furniture,Centre de Flacq,East,1,15000,0.0,9398.68,15000.0,9398.68,5601.32
ORD01287,2024-10-19,C0274,Tablet Air,Electronics,Flacq,East,2,18000,0.1,13951.01,32400.0,27902.02,4497.98
ORD01288,2024-08-31,C0008,USB-C Hub,Accessories,Pamplemousses,North,1,1800,0.0,1043.83,1800.0,1043.83,756.17
ORD01289,2024-05-07,C0447,Printer,Office,Pamplemousses,North,2,9500,0.0,7009.88,19000.0,14019.76,4980.24
ORD01290,2025-08-08,C0334,Gaming Mouse,Accessories,Centre de Flacq,East,1,2200,0.05,1383.29,2090.0,1383.29,706.71
ORD01291,2025-12-15,C0273,Monitor 27,Electronics,Pamplemousses,North,1,12000,0.0,6692.87,12000.0,6692.87,5307.13
ORD01292,2025-10-10,C0114,Standing Desk,Furniture,Centre de Flacq,East,4,15000,0.1,9386.35,54000.0,37545.4,16454.6
ORD01293,2025-05-13,C0020,USB-C Hub,Accessories,Black River,West,2,1800,0.1,1175.12,3240.0,2350.24,889.76
ORD01294,2025-07-15,C0381,Gaming Mouse,Accessories,Black River,West,1,2200,0.1,1630.08,1980.0,1630.08,349.92
ORD01295,2025-11-10,C0342,Monitor 27,Electronics,Centre de Flacq,East,1,12000,0.0,8017.82,12000.0,8017.82,3982.18
ORD01296,2025-07-12,C0115,Office Lamp,Office,Port Louis,North,2,1800,0.15,1303.94,3060.0,2607.88,452.12
ORD01297,2025-12-07,C0252,Smartphone X,Electronics,Flacq,East,1,28000,0.1,21490.85,25200.0,21490.85,3709.15
ORD01298,2024-11-06,C0280,Office Lamp,Office,Pamplemousses,North,1,1800,0.0,1066.45,1800.0,1066.45,733.55
ORD01299,2024-03-12,C0356,Gaming Mouse,Accessories,Curepipe,South,2,2200,0.0,1666.97,4400.0,3333.94,1066.06
ORD01300,2024-02-09,C0189,Mechanical Keyboard,Accessories,Mahebourg,South,1,4200,0.0,2857.04,4200.0,2857.04,1342.96
ORD01301,2025-05-25,C0304,Printer,Office,Pamplemousses,North,1,9500,0.05,6483.09,9025.0,6483.09,2541.91
ORD01302,2025-11-15,C0108,USB-C Hub,Accessories,Port Louis,North,3,1800,0.05,1325.82,5130.0,3977.46,1152.54
ORD01303,2025-08-06,C0256,Gaming Mouse,Accessories,Mahebourg,South,2,2200,0.0,1641.33,4400.0,3282.66,1117.34
ORD01304,2024-03-21,C0345,Tablet Air,Electronics,Pamplemousses,North,1,18000,0.0,10113.98,18000.0,10113.98,7886.02
ORD01305,2025-12-04,C0348,Wireless Headphones,Accessories,Black River,West,1,6500,0.05,4627.35,6175.0,4627.35,1547.65
ORD01306,2024-06-14,C0286,Office Chair,Furniture,Quatre Bornes,West,1,8500,0.0,5529.4,8500.0,5529.4,2970.6
ORD01307,2025-11-27,C0227,Smartphone X,Electronics,Flacq,East,1,28000,0.0,16860.83,28000.0,16860.83,11139.17
ORD01308,2025-02-26,C0092,Standing Desk,Furniture,Mahebourg,South,2,15000,0.1,9139.89,27000.0,18279.78,8720.22
ORD01309,2024-01-22,C0280,Monitor 27,Electronics,Black River,West,1,12000,0.15,8716.11,10200.0,8716.11,1483.89
ORD01310,2024-01-19,C0221,Monitor 27,Electronics,Flacq,East,1,12000,0.05,7587.56,11400.0,7587.56,3812.44
ORD01311,2024-10-30,C0231,Mechanical Keyboard,Accessories,Quatre Bornes,West,3,4200,0.05,2830.08,11970.0,8490.24,3479.76
ORD01312,2025-10-30,C0385,Gaming Mouse,Accessories,Port Louis,North,1,2200,0.0,1402.26,2200.0,1402.26,797.74
ORD01313,2024-07-14,C0252,Tablet Air,Electronics,Quatre Bornes,West,1,18000,0.0,10098.55,18000.0,10098.55,7901.45
ORD01314,2024-01-08,C0096,Monitor 27,Electronics,Centre de Flacq,East,1,12000,0.05,7300.05,11400.0,7300.05,4099.95
ORD01315,2024-01-26,C0160,USB-C Hub,Accessories,Port Louis,North,1,1800,0.0,1398.15,1800.0,1398.15,401.85
ORD01316,2024-07-26,C0472,Mechanical Keyboard,Accessories,Port Louis,North,1,4200,0.0,3143.11,4200.0,3143.11,1056.89
ORD01317,2025-06-23,C0318,Wireless Headphones,Accessories,Port Louis,North,1,6500,0.05,4193.82,6175.0,4193.82,1981.18
ORD01318,2025-07-10,C0136,USB-C Hub,Accessories,Flacq,East,1,1800,0.05,1223.94,1710.0,1223.94,486.06
ORD01319,2024-06-24,C0055,Smartphone X,Electronics,Pamplemousses,North,2,28000,0.0,19874.65,56000.0,39749.3,16250.7
ORD01320,2024-05-20,C0477,Monitor 27,Electronics,Black River,West,1,12000,0.1,7162.42,10800.0,7162.42,3637.58
ORD01321,2024-08-02,C0309,Laptop Pro 14,Electronics,Centre de Flacq,East,1,45000,0.05,34616.86,42750.0,34616.86,8133.14
ORD01322,2024-08-18,C0012,Tablet Air,Electronics,Curepipe,South,1,18000,0.0,11067.22,18000.0,11067.22,6932.78
ORD01323,2025-02-07,C0487,Printer,Office,Pamplemousses,North,2,9500,0.0,6645.45,19000.0,13290.9,5709.1
ORD01324,2024-10-29,C0172,Office Lamp,Office,Curepipe,South,3,1800,0.1,1288.32,4860.0,3864.96,995.04
ORD01325,2024-11-22,C0424,USB-C Hub,Accessories,Quatre Bornes,West,1,1800,0.1,1045.91,1620.0,1045.91,574.09
ORD01326,2025-04-21,C0449,Wireless Headphones,Accessories,Quatre Bornes,West,1,6500,0.0,3783.25,6500.0,3783.25,2716.75
ORD01327,2024-09-15,C0262,Mechanical Keyboard,Accessories,Curepipe,South,3,4200,0.05,2977.36,11970.0,8932.08,3037.92
ORD01328,2025-01-07,C0170,Laptop Pro 14,Electronics,Mahebourg,South,1,45000,0.05,32125.42,42750.0,32125.42,10624.58
ORD01329,2024-02-08,C0461,Monitor 27,Electronics,Mahebourg,South,1,12000,0.0,7583.88,12000.0,7583.88,4416.12
ORD01330,2024-06-27,C0008,Gaming Mouse,Accessories,Curepipe,South,2,2200,0.0,1456.72,4400.0,2913.44,1486.56
ORD01331,2025-05-30,C0043,Standing Desk,Furniture,Curepipe,South,3,15000,0.0,9595.56,45000.0,28786.68,16213.32
ORD01332,2025-02-28,C0076,Office Lamp,Office,Centre de Flacq,East,1,1800,0.1,1184.9,1620.0,1184.9,435.1
ORD01333,2025-12-09,C0143,Printer,Office,Pamplemousses,North,1,9500,0.0,7007.64,9500.0,7007.64,2492.36
ORD01334,2025-01-30,C0492,Printer,Office,Pamplemousses,North,1,9500,0.0,6111.28,9500.0,6111.28,3388.72
ORD01335,2025-04-08,C0319,Wireless Headphones,Accessories,Port Louis,North,2,6500,0.1,3829.94,11700.0,7659.88,4040.12
ORD01336,2024-06-29,C0133,Printer,Office,Centre de Flacq,East,1,9500,0.0,6290.89,9500.0,6290.89,3209.11
ORD01337,2024-09-11,C0195,Monitor 27,Electronics,Pamplemousses,North,1,12000,0.0,7341.28,12000.0,7341.28,4658.72
ORD01338,2024-08-29,C0026,Gaming Mouse,Accessories,Port Louis,North,1,2200,0.0,1241.14,2200.0,1241.14,958.86
ORD01339,2025-08-16,C0407,Wireless Headphones,Accessories,Quatre Bornes,West,1,6500,0.0,4278.13,6500.0,4278.13,2221.87
ORD01340,2024-04-14,C0159,Tablet Air,Electronics,Quatre Bornes,West,2,18000,0.0,11567.96,36000.0,23135.92,12864.08
ORD01341,2024-02-14,C0387,Printer,Office,Flacq,East,1,9500,0.0,6362.34,9500.0,6362.34,3137.66
ORD01342,2025-05-09,C0320,USB-C Hub,Accessories,Curepipe,South,2,1800,0.0,1176.94,3600.0,2353.88,1246.12
ORD01343,2025-02-02,C0437,Monitor 27,Electronics,Pamplemousses,North,1,12000,0.0,7508.88,12000.0,7508.88,4491.12
ORD01344,2025-10-02,C0174,Standing Desk,Furniture,Flacq,East,4,15000,0.05,10014.61,57000.0,40058.44,16941.56
ORD01345,2025-05-15,C0060,Printer,Office,Pamplemousses,North,1,9500,0.15,6615.6,8075.0,6615.6,1459.4
ORD01346,2025-06-29,C0234,Office Lamp,Office,Quatre Bornes,West,1,1800,0.0,1183.44,1800.0,1183.44,616.56
ORD01347,2024-10-04,C0143,Tablet Air,Electronics,Black River,West,2,18000,0.1,11792.08,32400.0,23584.16,8815.84
ORD01348,2025-01-29,C0441,Standing Desk,Furniture,Flacq,East,1,15000,0.0,9164.37,15000.0,9164.37,5835.63
ORD01349,2024-04-07,C0044,Office Chair,Furniture,Mahebourg,South,1,8500,0.0,5948.05,8500.0,5948.05,2551.95
ORD01350,2025-11-28,C0375,Smartphone X,Electronics,Pamplemousses,North,1,28000,0.0,18859.37,28000.0,18859.37,9140.63
ORD01351,2025-04-18,C0500,Smartphone X,Electronics,Port Louis,North,1,28000,0.0,15629.34,28000.0,15629.34,12370.66
ORD01352,2024-08-30,C0046,Tablet Air,Electronics,Centre de Flacq,East,2,18000,0.0,10944.2,36000.0,21888.4,14111.6
ORD01353,2025-04-11,C0031,Wireless Headphones,Accessories,Black River,West,1,6500,0.0,3829.7,6500.0,3829.7,2670.3
ORD01354,2025-08-08,C0043,Office Lamp,Office,Flacq,East,1,1800,0.1,1403.54,1620.0,1403.54,216.46
ORD01355,2025-02-04,C0290,Tablet Air,Electronics,Mahebourg,South,1,18000,0.0,10823.01,18000.0,10823.01,7176.99
ORD01356,2024-12-18,C0465,Laptop Pro 14,Electronics,Mahebourg,South,1,45000,0.0,30121.0,45000.0,30121.0,14879.0
ORD01357,2024-03-30,C0266,Standing Desk,Furniture,Black River,West,1,15000,0.05,11451.26,14250.0,11451.26,2798.74
ORD01358,2025-08-20,C0335,Laptop Pro 14,Electronics,Curepipe,South,1,45000,0.0,32450.91,45000.0,32450.91,12549.09
ORD01359,2024-03-26,C0117,Gaming Mouse,Accessories,Pamplemousses,North,2,2200,0.0,1546.05,4400.0,3092.1,1307.9
ORD01360,2025-06-28,C0386,Gaming Mouse,Accessories,Pamplemousses,North,3,2200,0.1,1555.46,5940.0,4666.38,1273.62
ORD01361,2024-10-12,C0188,Tablet Air,Electronics,Black River,West,1,18000,0.0,11373.71,18000.0,11373.71,6626.29
ORD01362,2024-01-13,C0284,Standing Desk,Furniture,Pamplemousses,North,1,15000,0.0,11638.17,15000.0,11638.17,3361.83
ORD01363,2024-05-09,C0015,Gaming Mouse,Accessories,Pamplemousses,North,1,2200,0.0,1352.77,2200.0,1352.77,847.23
ORD01364,2025-10-03,C0175,Monitor 27,Electronics,Centre de Flacq,East,1,12000,0.0,6941.06,12000.0,6941.06,5058.94
ORD01365,2025-05-28,C0067,Mechanical Keyboard,Accessories,Centre de Flacq,East,2,4200,0.1,2658.98,7560.0,5317.96,2242.04
ORD01366,2025-02-23,C0158,Monitor 27,Electronics,Curepipe,South,1,12000,0.05,6913.44,11400.0,6913.44,4486.56
ORD01367,2024-12-13,C0085,USB-C Hub,Accessories,Pamplemousses,North,1,1800,0.0,1000.89,1800.0,1000.89,799.11
ORD01368,2025-07-11,C0192,Gaming Mouse,Accessories,Curepipe,South,2,2200,0.0,1228.75,4400.0,2457.5,1942.5
ORD01369,2025-05-17,C0447,USB-C Hub,Accessories,Centre de Flacq,East,1,1800,0.0,1309.44,1800.0,1309.44,490.56
ORD01370,2024-08-09,C0117,Gaming Mouse,Accessories,Black River,West,2,2200,0.05,1448.71,4180.0,2897.42,1282.58
ORD01371,2025-09-09,C0358,Tablet Air,Electronics,Flacq,East,2,18000,0.1,10139.24,32400.0,20278.48,12121.52
ORD01372,2024-08-11,C0093,Standing Desk,Furniture,Mahebourg,South,1,15000,0.0,8686.58,15000.0,8686.58,6313.42
ORD01373,2024-08-08,C0088,Mechanical Keyboard,Accessories,Black River,West,1,4200,0.15,2973.3,3570.0,2973.3,596.7
ORD01374,2024-01-20,C0080,Monitor 27,Electronics,Curepipe,South,1,12000,0.0,7160.47,12000.0,7160.47,4839.53
ORD01375,2025-08-05,C0420,Office Lamp,Office,Black River,West,2,1800,0.05,1232.68,3420.0,2465.36,954.64
ORD01376,2024-01-07,C0104,Office Chair,Furniture,Flacq,East,1,8500,0.15,4923.64,7225.0,4923.64,2301.36
ORD01377,2025-12-27,C0309,Printer,Office,Black River,West,1,9500,0.0,7064.62,9500.0,7064.62,2435.38
ORD01378,2025-03-10,C0333,Mechanical Keyboard,Accessories,Curepipe,South,1,4200,0.1,2350.46,3780.0,2350.46,1429.54
ORD01379,2025-01-07,C0125,Laptop Pro 14,Electronics,Quatre Bornes,West,1,45000,0.0,30544.19,45000.0,30544.19,14455.81
ORD01380,2025-06-20,C0032,Smartphone X,Electronics,Pamplemousses,North,1,28000,0.0,21790.04,28000.0,21790.04,6209.96
ORD01381,2025-10-22,C0462,Mechanical Keyboard,Accessories,Port Louis,North,1,4200,0.0,3198.98,4200.0,3198.98,1001.02
ORD01382,2024-02-15,C0251,Tablet Air,Electronics,Quatre Bornes,West,1,18000,0.0,11780.5,18000.0,11780.5,6219.5
ORD01383,2024-02-15,C0381,Printer,Office,Centre de Flacq,East,2,9500,0.0,6460.74,19000.0,12921.48,6078.52
ORD01384,2024-06-05,C0059,Office Lamp,Office,Curepipe,South,2,1800,0.0,1372.81,3600.0,2745.62,854.38
ORD01385,2025-12-15,C0335,Laptop Pro 14,Electronics,Pamplemousses,North,3,45000,0.1,34211.52,121500.0,102634.56,18865.44
ORD01386,2024-01-16,C0320,Mechanical Keyboard,Accessories,Mahebourg,South,1,4200,0.0,2695.75,4200.0,2695.75,1504.25
ORD01387,2024-07-14,C0361,Standing Desk,Furniture,Curepipe,South,1,15000,0.0,8733.15,15000.0,8733.15,6266.85
ORD01388,2024-07-18,C0251,Gaming Mouse,Accessories,Flacq,East,3,2200,0.0,1671.77,6600.0,5015.31,1584.69
ORD01389,2025-08-18,C0486,Printer,Office,Mahebourg,South,2,9500,0.05,5468.81,18050.0,10937.62,7112.38
ORD01390,2024-10-08,C0254,Standing Desk,Furniture,Curepipe,South,1,15000,0.1,8317.35,13500.0,8317.35,5182.65
ORD01391,2024-04-04,C0095,Office Lamp,Office,Port Louis,North,1,1800,0.05,1208.21,1710.0,1208.21,501.79
ORD01392,2024-10-19,C0473,Mechanical Keyboard,Accessories,Flacq,East,2,4200,0.0,2882.3,8400.0,5764.6,2635.4
ORD01393,2025-09-29,C0306,Wireless Headphones,Accessories,Black River,West,2,6500,0.0,3883.04,13000.0,7766.08,5233.92
ORD01394,2024-09-10,C0188,Standing Desk,Furniture,Black River,West,1,15000,0.0,9845.15,15000.0,9845.15,5154.85
ORD01395,2025-04-27,C0013,Standing Desk,Furniture,Curepipe,South,1,15000,0.0,11097.55,15000.0,11097.55,3902.45
ORD01396,2025-06-23,C0068,Office Chair,Furniture,Flacq,East,1,8500,0.05,5338.14,8075.0,5338.14,2736.86
ORD01397,2024-08-13,C0379,Smartphone X,Electronics,Flacq,East,1,28000,0.05,16636.7,26600.0,16636.7,9963.3
ORD01398,2024-07-19,C0496,Monitor 27,Electronics,Flacq,East,2,12000,0.1,8067.22,21600.0,16134.44,5465.56
ORD01399,2025-11-08,C0349,Laptop Pro 14,Electronics,Curepipe,South,2,45000,0.05,28827.67,85500.0,57655.34,27844.66
ORD01400,2025-06-15,C0173,Wireless Headphones,Accessories,Pamplemousses,North,1,6500,0.05,4131.93,6175.0,4131.93,2043.07
ORD01401,2024-07-19,C0078,USB-C Hub,Accessories,Centre de Flacq,East,1,1800,0.0,1278.35,1800.0,1278.35,521.65
ORD01402,2025-03-10,C0132,Gaming Mouse,Accessories,Black River,West,1,2200,0.0,1313.08,2200.0,1313.08,886.92
ORD01403,2024-11-14,C0498,Laptop Pro 14,Electronics,Curepipe,South,1,45000,0.05,25239.81,42750.0,25239.81,17510.19
ORD01404,2025-08-13,C0020,Monitor 27,Electronics,Port Louis,North,2,12000,0.05,8068.69,22800.0,16137.38,6662.62
ORD01405,2024-11-10,C0385,Mechanical Keyboard,Accessories,Port Louis,North,3,4200,0.0,2947.02,12600.0,8841.06,3758.94
ORD01406,2024-09-25,C0138,Printer,Office,Pamplemousses,North,1,9500,0.05,5864.2,9025.0,5864.2,3160.8
ORD01407,2024-02-20,C0226,Office Chair,Furniture,Black River,West,1,8500,0.0,6380.88,8500.0,6380.88,2119.12
ORD01408,2024-07-14,C0410,Office Chair,Furniture,Black River,West,1,8500,0.0,5225.35,8500.0,5225.35,3274.65
ORD01409,2025-06-14,C0397,USB-C Hub,Accessories,Black River,West,2,1800,0.0,1340.29,3600.0,2680.58,919.42
ORD01410,2025-01-30,C0265,Standing Desk,Furniture,Pamplemousses,North,1,15000,0.0,9688.83,15000.0,9688.83,5311.17
ORD01411,2024-01-26,C0363,Wireless Headphones,Accessories,Mahebourg,South,4,6500,0.1,4035.05,23400.0,16140.2,7259.8
ORD01412,2025-07-19,C0046,Laptop Pro 14,Electronics,Curepipe,South,1,45000,0.1,32110.19,40500.0,32110.19,8389.81
ORD01413,2025-08-21,C0360,Gaming Mouse,Accessories,Flacq,East,2,2200,0.05,1582.92,4180.0,3165.84,1014.16
ORD01414,2025-05-01,C0475,Office Lamp,Office,Black River,West,1,1800,0.0,1357.05,1800.0,1357.05,442.95
ORD01415,2025-02-16,C0151,Tablet Air,Electronics,Mahebourg,South,1,18000,0.05,13146.53,17100.0,13146.53,3953.47
ORD01416,2025-12-19,C0303,Office Chair,Furniture,Flacq,East,2,8500,0.05,6136.84,16150.0,12273.68,3876.32
ORD01417,2025-01-23,C0124,Gaming Mouse,Accessories,Centre de Flacq,East,2,2200,0.0,1401.72,4400.0,2803.44,1596.56
ORD01418,2025-10-19,C0057,Standing Desk,Furniture,Pamplemousses,North,2,15000,0.0,9806.26,30000.0,19612.52,10387.48
ORD01419,2024-09-07,C0167,Wireless Headphones,Accessories,Black River,West,2,6500,0.0,3811.35,13000.0,7622.7,5377.3
ORD01420,2025-10-24,C0109,Standing Desk,Furniture,Pamplemousses,North,1,15000,0.1,9018.14,13500.0,9018.14,4481.86
ORD01421,2024-09-03,C0344,Office Chair,Furniture,Centre de Flacq,East,1,8500,0.0,5894.7,8500.0,5894.7,2605.3
ORD01422,2024-03-02,C0478,Standing Desk,Furniture,Curepipe,South,1,15000,0.0,9622.16,15000.0,9622.16,5377.84
ORD01423,2025-01-03,C0346,Laptop Pro 14,Electronics,Black River,West,2,45000,0.05,30804.67,85500.0,61609.34,23890.66
ORD01424,2025-07-20,C0174,Wireless Headphones,Accessories,Quatre Bornes,West,2,6500,0.0,3976.49,13000.0,7952.98,5047.02
ORD01425,2025-02-15,C0060,Office Chair,Furniture,Centre de Flacq,East,1,8500,0.0,5881.93,8500.0,5881.93,2618.07
ORD01426,2024-07-20,C0095,USB-C Hub,Accessories,Port Louis,North,1,1800,0.05,1160.17,1710.0,1160.17,549.83
ORD01427,2025-03-21,C0042,Smartphone X,Electronics,Curepipe,South,1,28000,0.0,18601.67,28000.0,18601.67,9398.33
ORD01428,2024-12-18,C0124,Printer,Office,Centre de Flacq,East,2,9500,0.0,5920.39,19000.0,11840.78,7159.22
ORD01429,2024-06-10,C0042,Tablet Air,Electronics,Black River,West,1,18000,0.0,11955.72,18000.0,11955.72,6044.28
ORD01430,2025-04-09,C0024,Laptop Pro 14,Electronics,Mahebourg,South,1,45000,0.0,29287.85,45000.0,29287.85,15712.15
ORD01431,2025-06-23,C0432,Gaming Mouse,Accessories,Quatre Bornes,West,1,2200,0.0,1508.7,2200.0,1508.7,691.3
ORD01432,2024-05-15,C0440,Laptop Pro 14,Electronics,Port Louis,North,1,45000,0.0,26625.36,45000.0,26625.36,18374.64
ORD01433,2024-02-03,C0047,Tablet Air,Electronics,Mahebourg,South,1,18000,0.0,13974.76,18000.0,13974.76,4025.24
ORD01434,2025-11-22,C0323,Mechanical Keyboard,Accessories,Quatre Bornes,West,1,4200,0.05,3237.28,3990.0,3237.28,752.72
ORD01435,2025-11-16,C0369,Office Chair,Furniture,Flacq,East,1,8500,0.1,5676.37,7650.0,5676.37,1973.63
ORD01436,2025-05-15,C0489,Mechanical Keyboard,Accessories,Port Louis,North,2,4200,0.05,3188.01,7980.0,6376.02,1603.98
ORD01437,2025-01-31,C0168,Printer,Office,Port Louis,North,1,9500,0.0,7215.09,9500.0,7215.09,2284.91
ORD01438,2025-09-12,C0491,Tablet Air,Electronics,Centre de Flacq,East,1,18000,0.0,13306.13,18000.0,13306.13,4693.87
ORD01439,2025-10-20,C0259,Mechanical Keyboard,Accessories,Curepipe,South,1,4200,0.0,2426.25,4200.0,2426.25,1773.75
ORD01440,2024-01-03,C0395,Tablet Air,Electronics,Quatre Bornes,West,2,18000,0.0,9978.17,36000.0,19956.34,16043.66
ORD01441,2025-01-14,C0405,Smartphone X,Electronics,Pamplemousses,North,2,28000,0.05,19933.35,53200.0,39866.7,13333.3
ORD01442,2025-05-08,C0124,Gaming Mouse,Accessories,Black River,West,1,2200,0.0,1231.42,2200.0,1231.42,968.58
ORD01443,2024-10-05,C0360,Tablet Air,Electronics,Pamplemousses,North,2,18000,0.0,13996.61,36000.0,27993.22,8006.78
ORD01444,2025-04-30,C0128,Printer,Office,Port Louis,North,2,9500,0.05,6996.42,18050.0,13992.84,4057.16
ORD01445,2025-12-23,C0069,Gaming Mouse,Accessories,Port Louis,North,1,2200,0.0,1366.74,2200.0,1366.74,833.26
ORD01446,2025-01-25,C0273,Gaming Mouse,Accessories,Flacq,East,2,2200,0.15,1536.2,3740.0,3072.4,667.6
ORD01447,2025-09-14,C0010,Wireless Headphones,Accessories,Black River,West,3,6500,0.05,3706.75,18525.0,11120.25,7404.75
ORD01448,2024-08-20,C0237,Wireless Headphones,Accessories,Centre de Flacq,East,2,6500,0.0,3906.14,13000.0,7812.28,5187.72
ORD01449,2025-01-31,C0326,Laptop Pro 14,Electronics,Mahebourg,South,1,45000,0.1,34088.24,40500.0,34088.24,6411.76
ORD01450,2024-03-07,C0072,Laptop Pro 14,Electronics,Black River,West,1,45000,0.0,33511.63,45000.0,33511.63,11488.37
ORD01451,2024-09-04,C0068,USB-C Hub,Accessories,Centre de Flacq,East,1,1800,0.1,1154.46,1620.0,1154.46,465.54
ORD01452,2025-10-01,C0235,Printer,Office,Mahebourg,South,1,9500,0.1,6540.74,8550.0,6540.74,2009.26
ORD01453,2024-12-02,C0005,Printer,Office,Quatre Bornes,West,1,9500,0.05,6315.04,9025.0,6315.04,2709.96
ORD01454,2025-08-16,C0422,Laptop Pro 14,Electronics,Mahebourg,South,4,45000,0.1,26594.89,162000.0,106379.56,55620.44
ORD01455,2024-07-25,C0389,Laptop Pro 14,Electronics,Centre de Flacq,East,1,45000,0.05,28750.21,42750.0,28750.21,13999.79
ORD01456,2024-08-08,C0477,Mechanical Keyboard,Accessories,Flacq,East,1,4200,0.0,2961.09,4200.0,2961.09,1238.91
ORD01457,2025-03-18,C0129,Tablet Air,Electronics,Black River,West,1,18000,0.15,13014.95,15300.0,13014.95,2285.05
ORD01458,2024-02-26,C0257,Tablet Air,Electronics,Centre de Flacq,East,1,18000,0.0,13528.38,18000.0,13528.38,4471.62
ORD01459,2024-06-04,C0298,Office Lamp,Office,Flacq,East,1,1800,0.0,1294.3,1800.0,1294.3,505.7
ORD01460,2025-12-23,C0066,Standing Desk,Furniture,Curepipe,South,1,15000,0.0,11019.24,15000.0,11019.24,3980.76
ORD01461,2025-07-18,C0333,Office Lamp,Office,Black River,West,2,1800,0.0,1010.73,3600.0,2021.46,1578.54
ORD01462,2024-07-22,C0356,Office Lamp,Office,Pamplemousses,North,2,1800,0.0,1352.79,3600.0,2705.58,894.42
ORD01463,2024-02-18,C0007,Office Chair,Furniture,Port Louis,North,2,8500,0.05,4766.96,16150.0,9533.92,6616.08
ORD01464,2025-12-12,C0351,USB-C Hub,Accessories,Quatre Bornes,West,1,1800,0.0,1230.14,1800.0,1230.14,569.86
ORD01465,2025-08-21,C0004,Mechanical Keyboard,Accessories,Pamplemousses,North,1,4200,0.05,2831.27,3990.0,2831.27,1158.73
ORD01466,2024-03-28,C0415,USB-C Hub,Accessories,Curepipe,South,1,1800,0.1,994.57,1620.0,994.57,625.43
ORD01467,2024-05-17,C0345,Laptop Pro 14,Electronics,Pamplemousses,North,1,45000,0.0,30012.0,45000.0,30012.0,14988.0
ORD01468,2024-11-05,C0003,Laptop Pro 14,Electronics,Flacq,East,1,45000,0.0,25483.52,45000.0,25483.52,19516.48
ORD01469,2024-01-16,C0305,Office Chair,Furniture,Pamplemousses,North,3,8500,0.0,5814.76,25500.0,17444.28,8055.72
ORD01470,2024-09-25,C0418,Office Lamp,Office,Quatre Bornes,West,1,1800,0.1,1169.01,1620.0,1169.01,450.99
ORD01471,2025-01-23,C0429,Printer,Office,Quatre Bornes,West,2,9500,0.0,5875.02,19000.0,11750.04,7249.96
ORD01472,2024-12-07,C0418,Office Lamp,Office,Centre de Flacq,East,1,1800,0.05,1060.87,1710.0,1060.87,649.13
ORD01473,2025-12-03,C0242,Wireless Headphones,Accessories,Port Louis,North,1,6500,0.05,4416.14,6175.0,4416.14,1758.86
ORD01474,2024-06-29,C0120,Wireless Headphones,Accessories,Port Louis,North,2,6500,0.0,4229.76,13000.0,8459.52,4540.48
ORD01475,2024-09-09,C0474,Gaming Mouse,Accessories,Port Louis,North,1,2200,0.15,1248.38,1870.0,1248.38,621.62
ORD01476,2025-02-08,C0301,Wireless Headphones,Accessories,Mahebourg,South,1,6500,0.0,4644.77,6500.0,4644.77,1855.23
ORD01477,2024-01-04,C0481,Office Chair,Furniture,Port Louis,North,1,8500,0.05,4911.55,8075.0,4911.55,3163.45
ORD01478,2025-05-17,C0301,Gaming Mouse,Accessories,Curepipe,South,4,2200,0.1,1351.65,7920.0,5406.6,2513.4
ORD01479,2025-01-12,C0343,Office Lamp,Office,Pamplemousses,North,1,1800,0.1,1362.29,1620.0,1362.29,257.71
ORD01480,2025-01-01,C0472,Wireless Headphones,Accessories,Port Louis,North,1,6500,0.0,4324.52,6500.0,4324.52,2175.48
ORD01481,2024-08-26,C0386,Office Lamp,Office,Mahebourg,South,1,1800,0.0,1195.06,1800.0,1195.06,604.94
ORD01482,2025-09-10,C0012,Standing Desk,Furniture,Quatre Bornes,West,1,15000,0.05,10171.11,14250.0,10171.11,4078.89
ORD01483,2024-07-27,C0300,Office Chair,Furniture,Mahebourg,South,1,8500,0.0,5823.59,8500.0,5823.59,2676.41
ORD01484,2025-11-13,C0010,Smartphone X,Electronics,Curepipe,South,2,28000,0.05,16617.27,53200.0,33234.54,19965.46
ORD01485,2024-01-29,C0359,Mechanical Keyboard,Accessories,Flacq,East,1,4200,0.0,2899.64,4200.0,2899.64,1300.36
ORD01486,2024-03-31,C0313,Office Lamp,Office,Pamplemousses,North,1,1800,0.15,1061.37,1530.0,1061.37,468.63
ORD01487,2025-07-22,C0371,Wireless Headphones,Accessories,Centre de Flacq,East,1,6500,0.1,4200.48,5850.0,4200.48,1649.52
ORD01488,2025-08-09,C0480,Monitor 27,Electronics,Flacq,East,1,12000,0.05,7115.38,11400.0,7115.38,4284.62
ORD01489,2025-03-30,C0474,Smartphone X,Electronics,Mahebourg,South,1,28000,0.0,18081.57,28000.0,18081.57,9918.43
ORD01490,2025-09-09,C0066,Laptop Pro 14,Electronics,Quatre Bornes,West,3,45000,0.05,31348.11,128250.0,94044.33,34205.67
ORD01491,2025-05-31,C0079,Wireless Headphones,Accessories,Black River,West,1,6500,0.05,4452.3,6175.0,4452.3,1722.7
ORD01492,2024-07-30,C0289,Office Lamp,Office,Port Louis,North,1,1800,0.0,1130.87,1800.0,1130.87,669.13
ORD01493,2025-02-13,C0258,Laptop Pro 14,Electronics,Black River,West,2,45000,0.0,25809.78,90000.0,51619.56,38380.44
ORD01494,2024-03-05,C0010,Mechanical Keyboard,Accessories,Pamplemousses,North,1,4200,0.05,3027.57,3990.0,3027.57,962.43
ORD01495,2024-07-04,C0314,Mechanical Keyboard,Accessories,Black River,West,1,4200,0.0,2458.2,4200.0,2458.2,1741.8
ORD01496,2025-05-16,C0066,Mechanical Keyboard,Accessories,Port Louis,North,1,4200,0.05,2947.37,3990.0,2947.37,1042.63
ORD01497,2025-11-10,C0149,Laptop Pro 14,Electronics,Pamplemousses,North,2,45000,0.0,34217.68,90000.0,68435.36,21564.64
ORD01498,2025-01-10,C0487,Monitor 27,Electronics,Pamplemousses,North,1,12000,0.05,7228.85,11400.0,7228.85,4171.15
ORD01499,2024-03-01,C0008,Smartphone X,Electronics,Curepipe,South,1,28000,0.0,16382.58,28000.0,16382.58,11617.42
ORD01500,2025-01-03,C0357,Office Lamp,Office,Curepipe,South,1,1800,0.15,1342.01,1530.0,1342.01,187.99
ORD01501,2024-03-02,C0115,Monitor 27,Electronics,Pamplemousses,North,3,12000,0.0,7369.37,36000.0,22108.11,13891.89
ORD01502,2025-11-18,C0337,Tablet Air,Electronics,Quatre Bornes,West,1,18000,0.1,11668.33,16200.0,11668.33,4531.67
ORD01503,2025-01-13,C0045,Tablet Air,Electronics,Black River,West,2,18000,0.05,11120.74,34200.0,22241.48,11958.52
ORD01504,2025-08-21,C0419,Tablet Air,Electronics,Port Louis,North,3,18000,0.05,13224.65,51300.0,39673.95,11626.05
ORD01505,2024-10-06,C0375,USB-C Hub,Accessories,Pamplemousses,North,1,1800,0.0,1057.17,1800.0,1057.17,742.83
ORD01506,2024-02-04,C0176,Gaming Mouse,Accessories,Curepipe,South,1,2200,0.0,1692.93,2200.0,1692.93,507.07
ORD01507,2025-06-05,C0451,USB-C Hub,Accessories,Centre de Flacq,East,1,1800,0.1,1369.83,1620.0,1369.83,250.17
ORD01508,2025-06-01,C0206,Wireless Headphones,Accessories,Centre de Flacq,East,1,6500,0.0,4031.64,6500.0,4031.64,2468.36
ORD01509,2025-03-01,C0493,Laptop Pro 14,Electronics,Port Louis,North,2,45000,0.05,29462.55,85500.0,58925.1,26574.9
ORD01510,2025-08-17,C0414,Mechanical Keyboard,Accessories,Mahebourg,South,1,4200,0.05,3225.82,3990.0,3225.82,764.18
ORD01511,2024-03-11,C0380,Office Chair,Furniture,Curepipe,South,2,8500,0.0,6462.73,17000.0,12925.46,4074.54
ORD01512,2024-01-13,C0408,Smartphone X,Electronics,Black River,West,1,28000,0.0,15464.86,28000.0,15464.86,12535.14
ORD01513,2024-08-28,C0452,Smartphone X,Electronics,Port Louis,North,2,28000,0.0,21197.51,56000.0,42395.02,13604.98
ORD01514,2025-11-06,C0376,Standing Desk,Furniture,Port Louis,North,1,15000,0.0,9996.98,15000.0,9996.98,5003.02
ORD01515,2025-01-29,C0152,Mechanical Keyboard,Accessories,Black River,West,3,4200,0.1,3145.65,11340.0,9436.95,1903.05
ORD01516,2025-07-26,C0178,Monitor 27,Electronics,Pamplemousses,North,1,12000,0.0,7005.17,12000.0,7005.17,4994.83
ORD01517,2024-01-06,C0285,Office Chair,Furniture,Pamplemousses,North,1,8500,0.05,6180.52,8075.0,6180.52,1894.48
ORD01518,2024-11-25,C0313,Standing Desk,Furniture,Flacq,East,1,15000,0.15,11082.56,12750.0,11082.56,1667.44
ORD01519,2025-06-21,C0446,Wireless Headphones,Accessories,Pamplemousses,North,1,6500,0.05,4277.13,6175.0,4277.13,1897.87
ORD01520,2024-10-01,C0072,Printer,Office,Flacq,East,1,9500,0.0,6618.64,9500.0,6618.64,2881.36
ORD01521,2025-07-03,C0334,Monitor 27,Electronics,Pamplemousses,North,2,12000,0.05,7563.68,22800.0,15127.36,7672.64
ORD01522,2025-05-25,C0122,Office Chair,Furniture,Flacq,East,2,8500,0.05,5342.65,16150.0,10685.3,5464.7
ORD01523,2025-07-09,C0009,Office Lamp,Office,Centre de Flacq,East,1,1800,0.0,1018.94,1800.0,1018.94,781.06
ORD01524,2024-07-19,C0008,Office Lamp,Office,Port Louis,North,2,1800,0.05,1137.14,3420.0,2274.28,1145.72
ORD01525,2025-11-25,C0290,Wireless Headphones,Accessories,Port Louis,North,1,6500,0.0,4804.84,6500.0,4804.84,1695.16
ORD01526,2025-09-20,C0245,Office Chair,Furniture,Curepipe,South,1,8500,0.0,6620.54,8500.0,6620.54,1879.46
ORD01527,2025-05-22,C0348,Gaming Mouse,Accessories,Flacq,East,1,2200,0.05,1684.57,2090.0,1684.57,405.43
ORD01528,2024-02-19,C0137,Gaming Mouse,Accessories,Black River,West,1,2200,0.0,1220.13,2200.0,1220.13,979.87
ORD01529,2024-12-05,C0249,Monitor 27,Electronics,Mahebourg,South,1,12000,0.05,9155.07,11400.0,9155.07,2244.93
ORD01530,2024-09-17,C0462,Laptop Pro 14,Electronics,Mahebourg,South,2,45000,0.0,26104.22,90000.0,52208.44,37791.56
ORD01531,2024-08-04,C0043,Tablet Air,Electronics,Centre de Flacq,East,2,18000,0.05,13983.62,34200.0,27967.24,6232.76
ORD01532,2024-02-26,C0215,Smartphone X,Electronics,Pamplemousses,North,1,28000,0.05,21563.77,26600.0,21563.77,5036.23
ORD01533,2024-03-11,C0330,USB-C Hub,Accessories,Flacq,East,1,1800,0.0,1253.46,1800.0,1253.46,546.54
ORD01534,2024-09-02,C0449,Wireless Headphones,Accessories,Port Louis,North,2,6500,0.05,4170.02,12350.0,8340.04,4009.96
ORD01535,2024-02-25,C0269,Laptop Pro 14,Electronics,Pamplemousses,North,1,45000,0.1,25267.73,40500.0,25267.73,15232.27
ORD01536,2025-02-03,C0063,Tablet Air,Electronics,Pamplemousses,North,2,18000,0.0,13308.66,36000.0,26617.32,9382.68
ORD01537,2024-03-16,C0220,Laptop Pro 14,Electronics,Quatre Bornes,West,1,45000,0.05,24820.23,42750.0,24820.23,17929.77
ORD01538,2024-03-11,C0149,Gaming Mouse,Accessories,Black River,West,2,2200,0.1,1690.49,3960.0,3380.98,579.02
ORD01539,2024-05-09,C0489,Office Chair,Furniture,Flacq,East,1,8500,0.1,5694.73,7650.0,5694.73,1955.27
ORD01540,2024-08-31,C0397,Monitor 27,Electronics,Quatre Bornes,West,1,12000,0.0,6695.23,12000.0,6695.23,5304.77
ORD01541,2024-10-22,C0461,Smartphone X,Electronics,Black River,West,2,28000,0.05,16506.76,53200.0,33013.52,20186.48
ORD01542,2024-08-02,C0034,Printer,Office,Pamplemousses,North,2,9500,0.05,6148.99,18050.0,12297.98,5752.02
ORD01543,2024-04-11,C0423,Standing Desk,Furniture,Curepipe,South,2,15000,0.0,9212.43,30000.0,18424.86,11575.14
ORD01544,2024-03-03,C0080,Office Lamp,Office,Centre de Flacq,East,1,1800,0.1,1287.63,1620.0,1287.63,332.37
ORD01545,2025-11-22,C0009,Monitor 27,Electronics,Pamplemousses,North,1,12000,0.1,8649.94,10800.0,8649.94,2150.06
ORD01546,2024-06-23,C0057,Gaming Mouse,Accessories,Mahebourg,South,3,2200,0.0,1697.52,6600.0,5092.56,1507.44
ORD01547,2024-11-05,C0456,Wireless Headphones,Accessories,Centre de Flacq,East,1,6500,0.0,3765.8,6500.0,3765.8,2734.2
ORD01548,2025-10-31,C0304,Mechanical Keyboard,Accessories,Mahebourg,South,3,4200,0.0,3186.82,12600.0,9560.46,3039.54
ORD01549,2025-11-02,C0016,Standing Desk,Furniture,Curepipe,South,1,15000,0.05,9058.35,14250.0,9058.35,5191.65
ORD01550,2025-10-29,C0359,Monitor 27,Electronics,Flacq,East,2,12000,0.0,8167.06,24000.0,16334.12,7665.88
ORD01551,2024-05-07,C0039,Office Chair,Furniture,Black River,West,1,8500,0.0,5998.78,8500.0,5998.78,2501.22
ORD01552,2024-08-27,C0404,Office Lamp,Office,Flacq,East,1,1800,0.0,1263.79,1800.0,1263.79,536.21
ORD01553,2024-11-30,C0094,Mechanical Keyboard,Accessories,Mahebourg,South,3,4200,0.0,2859.8,12600.0,8579.4,4020.6
ORD01554,2025-02-13,C0202,Wireless Headphones,Accessories,Mahebourg,South,2,6500,0.0,4051.11,13000.0,8102.22,4897.78
ORD01555,2025-03-20,C0330,Wireless Headphones,Accessories,Quatre Bornes,West,4,6500,0.05,4726.05,24700.0,18904.2,5795.8
ORD01556,2024-03-06,C0430,Office Lamp,Office,Pamplemousses,North,2,1800,0.05,1063.51,3420.0,2127.02,1292.98
ORD01557,2025-09-17,C0404,Printer,Office,Port Louis,North,3,9500,0.0,6193.51,28500.0,18580.53,9919.47
ORD01558,2024-12-19,C0340,Mechanical Keyboard,Accessories,Curepipe,South,3,4200,0.05,2651.87,11970.0,7955.61,4014.39
ORD01559,2025-02-26,C0494,Laptop Pro 14,Electronics,Curepipe,South,2,45000,0.05,28111.67,85500.0,56223.34,29276.66
ORD01560,2025-07-12,C0029,Office Chair,Furniture,Pamplemousses,North,1,8500,0.0,5596.02,8500.0,5596.02,2903.98
ORD01561,2024-01-14,C0036,Monitor 27,Electronics,Black River,West,1,12000,0.0,7631.25,12000.0,7631.25,4368.75
ORD01562,2024-02-06,C0083,Printer,Office,Quatre Bornes,West,3,9500,0.0,7277.45,28500.0,21832.35,6667.65
ORD01563,2025-07-09,C0418,Printer,Office,Port Louis,North,2,9500,0.05,6295.42,18050.0,12590.84,5459.16
ORD01564,2024-09-23,C0394,Mechanical Keyboard,Accessories,Centre de Flacq,East,1,4200,0.0,3243.21,4200.0,3243.21,956.79
ORD01565,2025-02-13,C0400,Standing Desk,Furniture,Flacq,East,1,15000,0.0,8368.31,15000.0,8368.31,6631.69
ORD01566,2024-12-26,C0411,Printer,Office,Pamplemousses,North,1,9500,0.0,6327.64,9500.0,6327.64,3172.36
ORD01567,2025-09-12,C0237,Office Lamp,Office,Black River,West,1,1800,0.0,1308.78,1800.0,1308.78,491.22
ORD01568,2024-01-08,C0043,Office Lamp,Office,Curepipe,South,1,1800,0.0,1247.99,1800.0,1247.99,552.01
ORD01569,2025-11-29,C0077,Tablet Air,Electronics,Port Louis,North,1,18000,0.05,13595.95,17100.0,13595.95,3504.05
ORD01570,2025-04-12,C0126,Gaming Mouse,Accessories,Flacq,East,1,2200,0.0,1382.55,2200.0,1382.55,817.45
ORD01571,2024-11-05,C0072,Gaming Mouse,Accessories,Curepipe,South,1,2200,0.0,1505.1,2200.0,1505.1,694.9
ORD01572,2024-08-06,C0147,Mechanical Keyboard,Accessories,Port Louis,North,2,4200,0.05,3179.26,7980.0,6358.52,1621.48
ORD01573,2025-03-04,C0228,Mechanical Keyboard,Accessories,Black River,West,1,4200,0.15,2574.82,3570.0,2574.82,995.18
ORD01574,2025-11-04,C0024,Laptop Pro 14,Electronics,Curepipe,South,3,45000,0.0,28351.94,135000.0,85055.82,49944.18
ORD01575,2024-09-27,C0465,Mechanical Keyboard,Accessories,Black River,West,2,4200,0.0,3041.55,8400.0,6083.1,2316.9
ORD01576,2024-07-26,C0191,Office Lamp,Office,Pamplemousses,North,1,1800,0.15,1389.69,1530.0,1389.69,140.31
ORD01577,2024-03-14,C0328,Laptop Pro 14,Electronics,Port Louis,North,1,45000,0.0,31031.0,45000.0,31031.0,13969.0
ORD01578,2025-02-10,C0067,Wireless Headphones,Accessories,Mahebourg,South,1,6500,0.0,4340.29,6500.0,4340.29,2159.71
ORD01579,2025-07-11,C0241,Office Chair,Furniture,Port Louis,North,1,8500,0.05,5168.77,8075.0,5168.77,2906.23
ORD01580,2024-01-18,C0295,Gaming Mouse,Accessories,Flacq,East,2,2200,0.0,1336.18,4400.0,2672.36,1727.64
ORD01581,2024-12-28,C0320,Standing Desk,Furniture,Port Louis,North,2,15000,0.0,10478.58,30000.0,20957.16,9042.84
ORD01582,2025-08-05,C0441,Monitor 27,Electronics,Pamplemousses,North,1,12000,0.0,7942.59,12000.0,7942.59,4057.41
ORD01583,2024-03-24,C0197,Standing Desk,Furniture,Flacq,East,1,15000,0.0,11406.86,15000.0,11406.86,3593.14
ORD01584,2024-06-20,C0277,Office Lamp,Office,Mahebourg,South,2,1800,0.1,1339.86,3240.0,2679.72,560.28
ORD01585,2025-06-13,C0400,Mechanical Keyboard,Accessories,Port Louis,North,1,4200,0.0,2830.45,4200.0,2830.45,1369.55
ORD01586,2025-06-30,C0048,Tablet Air,Electronics,Quatre Bornes,West,1,18000,0.05,11863.71,17100.0,11863.71,5236.29
ORD01587,2025-01-13,C0025,Wireless Headphones,Accessories,Port Louis,North,1,6500,0.0,4881.14,6500.0,4881.14,1618.86
ORD01588,2025-03-25,C0015,Monitor 27,Electronics,Port Louis,North,1,12000,0.0,8974.62,12000.0,8974.62,3025.38
ORD01589,2025-11-20,C0458,Standing Desk,Furniture,Flacq,East,1,15000,0.0,9667.68,15000.0,9667.68,5332.32
ORD01590,2024-12-29,C0320,Standing Desk,Furniture,Pamplemousses,North,1,15000,0.0,8583.1,15000.0,8583.1,6416.9
ORD01591,2024-04-04,C0500,Smartphone X,Electronics,Curepipe,South,1,28000,0.0,19779.06,28000.0,19779.06,8220.94
ORD01592,2025-07-08,C0299,Gaming Mouse,Accessories,Flacq,East,2,2200,0.0,1572.58,4400.0,3145.16,1254.84
ORD01593,2024-04-08,C0336,USB-C Hub,Accessories,Port Louis,North,1,1800,0.15,1289.28,1530.0,1289.28,240.72
ORD01594,2024-08-18,C0263,Gaming Mouse,Accessories,Flacq,East,1,2200,0.1,1554.55,1980.0,1554.55,425.45
ORD01595,2024-08-09,C0079,Mechanical Keyboard,Accessories,Quatre Bornes,West,1,4200,0.0,2991.4,4200.0,2991.4,1208.6
ORD01596,2025-06-18,C0002,Standing Desk,Furniture,Port Louis,North,2,15000,0.1,10426.85,27000.0,20853.7,6146.3
ORD01597,2024-08-20,C0283,Laptop Pro 14,Electronics,Centre de Flacq,East,1,45000,0.0,28171.72,45000.0,28171.72,16828.28
ORD01598,2024-06-23,C0065,Office Lamp,Office,Mahebourg,South,1,1800,0.05,1127.73,1710.0,1127.73,582.27
ORD01599,2024-10-07,C0262,USB-C Hub,Accessories,Pamplemousses,North,1,1800,0.0,1121.72,1800.0,1121.72,678.28
ORD01600,2024-06-07,C0085,Gaming Mouse,Accessories,Pamplemousses,North,1,2200,0.1,1681.3,1980.0,1681.3,298.7
ORD01601,2024-09-01,C0238,Office Lamp,Office,Black River,West,2,1800,0.0,1360.33,3600.0,2720.66,879.34
ORD01602,2025-12-15,C0139,Wireless Headphones,Accessories,Port Louis,North,1,6500,0.0,4641.62,6500.0,4641.62,1858.38
ORD01603,2024-11-21,C0220,Gaming Mouse,Accessories,Pamplemousses,North,1,2200,0.0,1438.38,2200.0,1438.38,761.62
ORD01604,2025-03-17,C0001,Office Lamp,Office,Port Louis,North,1,1800,0.05,1333.7,1710.0,1333.7,376.3
ORD01605,2025-05-16,C0077,USB-C Hub,Accessories,Mahebourg,South,1,1800,0.1,1333.18,1620.0,1333.18,286.82
ORD01606,2024-08-04,C0415,Office Chair,Furniture,Centre de Flacq,East,3,8500,0.05,4791.01,24225.0,14373.03,9851.97
ORD01607,2025-10-07,C0401,Office Lamp,Office,Quatre Bornes,West,1,1800,0.1,1313.96,1620.0,1313.96,306.04
ORD01608,2024-01-28,C0286,Office Chair,Furniture,Pamplemousses,North,2,8500,0.1,5220.96,15300.0,10441.92,4858.08
ORD01609,2025-03-29,C0346,Monitor 27,Electronics,Port Louis,North,3,12000,0.0,9106.79,36000.0,27320.37,8679.63
ORD01610,2025-05-06,C0363,Laptop Pro 14,Electronics,Quatre Bornes,West,3,45000,0.0,32090.97,135000.0,96272.91,38727.09
ORD01611,2024-04-17,C0336,Office Chair,Furniture,Port Louis,North,1,8500,0.1,5171.17,7650.0,5171.17,2478.83
ORD01612,2024-12-23,C0149,USB-C Hub,Accessories,Port Louis,North,1,1800,0.0,1193.42,1800.0,1193.42,606.58
ORD01613,2024-05-25,C0281,Standing Desk,Furniture,Centre de Flacq,East,1,15000,0.0,8757.01,15000.0,8757.01,6242.99
ORD01614,2024-02-19,C0297,Wireless Headphones,Accessories,Black River,West,1,6500,0.0,4680.56,6500.0,4680.56,1819.44
ORD01615,2025-08-28,C0270,Laptop Pro 14,Electronics,Mahebourg,South,1,45000,0.0,34348.83,45000.0,34348.83,10651.17
ORD01616,2024-10-13,C0025,Laptop Pro 14,Electronics,Mahebourg,South,2,45000,0.0,33248.49,90000.0,66496.98,23503.02
ORD01617,2025-10-04,C0414,USB-C Hub,Accessories,Centre de Flacq,East,2,1800,0.0,1296.99,3600.0,2593.98,1006.02
ORD01618,2024-04-29,C0028,Standing Desk,Furniture,Port Louis,North,1,15000,0.0,9795.86,15000.0,9795.86,5204.14
ORD01619,2025-04-06,C0383,Office Lamp,Office,Mahebourg,South,1,1800,0.15,1219.74,1530.0,1219.74,310.26
ORD01620,2024-09-27,C0396,Tablet Air,Electronics,Port Louis,North,1,18000,0.0,13270.03,18000.0,13270.03,4729.97
ORD01621,2025-10-18,C0126,Mechanical Keyboard,Accessories,Black River,West,2,4200,0.1,2497.55,7560.0,4995.1,2564.9
ORD01622,2024-07-31,C0072,Office Chair,Furniture,Black River,West,2,8500,0.0,5938.72,17000.0,11877.44,5122.56
ORD01623,2025-05-06,C0224,Tablet Air,Electronics,Pamplemousses,North,1,18000,0.05,11980.93,17100.0,11980.93,5119.07
ORD01624,2025-05-18,C0351,Monitor 27,Electronics,Pamplemousses,North,1,12000,0.0,9285.42,12000.0,9285.42,2714.58
ORD01625,2025-12-22,C0020,Printer,Office,Pamplemousses,North,1,9500,0.0,6959.27,9500.0,6959.27,2540.73
ORD01626,2025-04-05,C0154,Wireless Headphones,Accessories,Pamplemousses,North,3,6500,0.1,4618.21,17550.0,13854.63,3695.37
ORD01627,2024-01-23,C0350,Mechanical Keyboard,Accessories,Curepipe,South,1,4200,0.0,2890.59,4200.0,2890.59,1309.41
ORD01628,2024-02-07,C0123,Printer,Office,Curepipe,South,2,9500,0.0,5873.12,19000.0,11746.24,7253.76
ORD01629,2025-11-15,C0443,Printer,Office,Black River,West,4,9500,0.05,6827.61,36100.0,27310.44,8789.56
ORD01630,2025-02-26,C0262,Office Chair,Furniture,Mahebourg,South,2,8500,0.1,5893.82,15300.0,11787.64,3512.36
ORD01631,2024-12-19,C0463,Printer,Office,Pamplemousses,North,1,9500,0.05,7289.91,9025.0,7289.91,1735.09
ORD01632,2025-06-20,C0074,Office Chair,Furniture,Pamplemousses,North,1,8500,0.1,5314.77,7650.0,5314.77,2335.23
ORD01633,2025-05-08,C0142,Mechanical Keyboard,Accessories,Port Louis,North,1,4200,0.0,2797.89,4200.0,2797.89,1402.11
ORD01634,2024-03-13,C0352,Mechanical Keyboard,Accessories,Pamplemousses,North,2,4200,0.1,2483.03,7560.0,4966.06,2593.94
ORD01635,2025-06-14,C0346,Standing Desk,Furniture,Mahebourg,South,2,15000,0.0,9843.11,30000.0,19686.22,10313.78
ORD01636,2024-03-21,C0007,Printer,Office,Curepipe,South,3,9500,0.05,6858.81,27075.0,20576.43,6498.57
ORD01637,2025-10-30,C0042,Laptop Pro 14,Electronics,Curepipe,South,2,45000,0.0,34449.11,90000.0,68898.22,21101.78
ORD01638,2024-01-13,C0254,Tablet Air,Electronics,Mahebourg,South,1,18000,0.0,10470.2,18000.0,10470.2,7529.8
ORD01639,2025-04-19,C0113,Smartphone X,Electronics,Pamplemousses,North,1,28000,0.0,15625.82,28000.0,15625.82,12374.18
ORD01640,2025-07-22,C0373,Office Lamp,Office,Curepipe,South,2,1800,0.05,1355.03,3420.0,2710.06,709.94
ORD01641,2025-12-20,C0335,Office Chair,Furniture,Port Louis,North,2,8500,0.0,6040.53,17000.0,12081.06,4918.94
ORD01642,2024-06-15,C0028,Standing Desk,Furniture,Curepipe,South,1,15000,0.1,9022.48,13500.0,9022.48,4477.52
ORD01643,2025-10-07,C0190,Printer,Office,Black River,West,1,9500,0.1,7114.49,8550.0,7114.49,1435.51
ORD01644,2024-01-12,C0402,Gaming Mouse,Accessories,Centre de Flacq,East,1,2200,0.05,1641.86,2090.0,1641.86,448.14
ORD01645,2024-06-28,C0375,Office Lamp,Office,Mahebourg,South,1,1800,0.0,1387.26,1800.0,1387.26,412.74
ORD01646,2025-02-24,C0314,Printer,Office,Black River,West,1,9500,0.0,5904.8,9500.0,5904.8,3595.2
ORD01647,2024-09-11,C0372,Monitor 27,Electronics,Quatre Bornes,West,1,12000,0.0,7801.67,12000.0,7801.67,4198.33
ORD01648,2025-08-21,C0348,Wireless Headphones,Accessories,Flacq,East,1,6500,0.0,4858.15,6500.0,4858.15,1641.85
ORD01649,2024-08-10,C0429,Standing Desk,Furniture,Black River,West,3,15000,0.0,9047.07,45000.0,27141.21,17858.79
ORD01650,2024-02-10,C0294,Mechanical Keyboard,Accessories,Flacq,East,1,4200,0.05,3126.67,3990.0,3126.67,863.33
ORD01651,2025-09-01,C0048,Standing Desk,Furniture,Curepipe,South,3,15000,0.15,11361.34,38250.0,34084.02,4165.98
ORD01652,2024-07-16,C0045,Office Lamp,Office,Quatre Bornes,West,4,1800,0.0,1219.29,7200.0,4877.16,2322.84
ORD01653,2024-10-19,C0262,Gaming Mouse,Accessories,Curepipe,South,2,2200,0.1,1280.6,3960.0,2561.2,1398.8
ORD01654,2025-08-02,C0220,USB-C Hub,Accessories,Flacq,East,1,1800,0.1,1279.88,1620.0,1279.88,340.12
ORD01655,2024-10-12,C0382,USB-C Hub,Accessories,Centre de Flacq,East,1,1800,0.0,1076.27,1800.0,1076.27,723.73
ORD01656,2025-12-05,C0270,Smartphone X,Electronics,Quatre Bornes,West,1,28000,0.15,15555.66,23800.0,15555.66,8244.34
ORD01657,2025-02-16,C0185,Printer,Office,Quatre Bornes,West,3,9500,0.05,6975.2,27075.0,20925.6,6149.4
ORD01658,2025-12-28,C0264,Smartphone X,Electronics,Pamplemousses,North,1,28000,0.0,17272.39,28000.0,17272.39,10727.61
ORD01659,2025-04-16,C0064,Office Chair,Furniture,Quatre Bornes,West,2,8500,0.1,5701.77,15300.0,11403.54,3896.46
ORD01660,2025-06-07,C0249,Gaming Mouse,Accessories,Mahebourg,South,1,2200,0.05,1638.87,2090.0,1638.87,451.13
ORD01661,2024-04-14,C0001,Monitor 27,Electronics,Quatre Bornes,West,2,12000,0.0,7757.93,24000.0,15515.86,8484.14
ORD01662,2025-12-12,C0345,Office Lamp,Office,Pamplemousses,North,1,1800,0.05,1184.7,1710.0,1184.7,525.3
ORD01663,2025-11-20,C0252,Smartphone X,Electronics,Quatre Bornes,West,1,28000,0.0,21162.18,28000.0,21162.18,6837.82
ORD01664,2024-12-22,C0494,Wireless Headphones,Accessories,Centre de Flacq,East,1,6500,0.0,4667.3,6500.0,4667.3,1832.7
ORD01665,2024-12-11,C0071,Gaming Mouse,Accessories,Flacq,East,1,2200,0.05,1423.88,2090.0,1423.88,666.12
ORD01666,2025-11-18,C0472,Monitor 27,Electronics,Pamplemousses,North,1,12000,0.0,7307.68,12000.0,7307.68,4692.32
ORD01667,2024-03-21,C0423,Standing Desk,Furniture,Port Louis,North,2,15000,0.1,10368.86,27000.0,20737.72,6262.28
ORD01668,2024-10-22,C0465,Monitor 27,Electronics,Port Louis,North,3,12000,0.0,8619.34,36000.0,25858.02,10141.98
ORD01669,2024-12-07,C0316,Laptop Pro 14,Electronics,Mahebourg,South,2,45000,0.0,35016.1,90000.0,70032.2,19967.8
ORD01670,2025-12-06,C0311,Office Chair,Furniture,Pamplemousses,North,2,8500,0.0,4738.46,17000.0,9476.92,7523.08
ORD01671,2025-02-15,C0318,USB-C Hub,Accessories,Pamplemousses,North,1,1800,0.0,1099.16,1800.0,1099.16,700.84
ORD01672,2024-02-17,C0498,Office Chair,Furniture,Curepipe,South,1,8500,0.05,4858.59,8075.0,4858.59,3216.41
ORD01673,2025-03-06,C0270,Mechanical Keyboard,Accessories,Curepipe,South,1,4200,0.1,2544.33,3780.0,2544.33,1235.67
ORD01674,2024-07-24,C0074,Smartphone X,Electronics,Black River,West,2,28000,0.0,18677.98,56000.0,37355.96,18644.04
ORD01675,2024-01-10,C0071,Office Lamp,Office,Centre de Flacq,East,2,1800,0.0,1396.1,3600.0,2792.2,807.8
ORD01676,2025-10-10,C0269,Office Lamp,Office,Pamplemousses,North,1,1800,0.05,1344.62,1710.0,1344.62,365.38
ORD01677,2025-10-12,C0352,Gaming Mouse,Accessories,Port Louis,North,1,2200,0.05,1232.51,2090.0,1232.51,857.49
ORD01678,2024-11-07,C0249,Mechanical Keyboard,Accessories,Curepipe,South,2,4200,0.1,2745.74,7560.0,5491.48,2068.52
ORD01679,2024-02-11,C0437,Wireless Headphones,Accessories,Centre de Flacq,East,2,6500,0.0,4541.57,13000.0,9083.14,3916.86
ORD01680,2025-06-14,C0177,Standing Desk,Furniture,Curepipe,South,3,15000,0.15,10802.14,38250.0,32406.42,5843.58
ORD01681,2025-10-20,C0224,Laptop Pro 14,Electronics,Port Louis,North,1,45000,0.1,27076.81,40500.0,27076.81,13423.19
ORD01682,2024-08-27,C0189,Office Lamp,Office,Flacq,East,2,1800,0.0,1266.53,3600.0,2533.06,1066.94
ORD01683,2024-09-28,C0009,USB-C Hub,Accessories,Pamplemousses,North,1,1800,0.0,1189.45,1800.0,1189.45,610.55
ORD01684,2025-04-03,C0458,USB-C Hub,Accessories,Mahebourg,South,1,1800,0.0,1361.56,1800.0,1361.56,438.44
ORD01685,2024-06-05,C0122,Gaming Mouse,Accessories,Quatre Bornes,West,2,2200,0.05,1309.27,4180.0,2618.54,1561.46
ORD01686,2024-11-13,C0240,Gaming Mouse,Accessories,Pamplemousses,North,1,2200,0.0,1633.64,2200.0,1633.64,566.36
ORD01687,2025-06-06,C0422,Office Chair,Furniture,Quatre Bornes,West,1,8500,0.0,5403.04,8500.0,5403.04,3096.96
ORD01688,2024-07-12,C0439,USB-C Hub,Accessories,Quatre Bornes,West,1,1800,0.0,1095.41,1800.0,1095.41,704.59
ORD01689,2025-12-15,C0018,Gaming Mouse,Accessories,Flacq,East,1,2200,0.0,1459.99,2200.0,1459.99,740.01
ORD01690,2024-11-02,C0059,Monitor 27,Electronics,Black River,West,2,12000,0.0,6670.75,24000.0,13341.5,10658.5
ORD01691,2024-10-27,C0373,Tablet Air,Electronics,Quatre Bornes,West,1,18000,0.0,11404.44,18000.0,11404.44,6595.56
ORD01692,2025-05-12,C0436,Monitor 27,Electronics,Mahebourg,South,1,12000,0.1,8396.43,10800.0,8396.43,2403.57
ORD01693,2024-12-25,C0263,Laptop Pro 14,Electronics,Mahebourg,South,1,45000,0.0,33602.5,45000.0,33602.5,11397.5
ORD01694,2024-05-14,C0261,Smartphone X,Electronics,Black River,West,1,28000,0.1,16072.81,25200.0,16072.81,9127.19
ORD01695,2025-12-04,C0278,Laptop Pro 14,Electronics,Port Louis,North,2,45000,0.0,30512.56,90000.0,61025.12,28974.88
ORD01696,2025-11-04,C0210,Monitor 27,Electronics,Mahebourg,South,2,12000,0.0,8854.28,24000.0,17708.56,6291.44
ORD01697,2025-05-13,C0465,Standing Desk,Furniture,Pamplemousses,North,1,15000,0.0,10396.48,15000.0,10396.48,4603.52
ORD01698,2024-05-14,C0454,Gaming Mouse,Accessories,Pamplemousses,North,1,2200,0.0,1485.14,2200.0,1485.14,714.86
ORD01699,2025-10-05,C0172,Tablet Air,Electronics,Pamplemousses,North,1,18000,0.05,12026.52,17100.0,12026.52,5073.48
ORD01700,2025-07-16,C0158,Laptop Pro 14,Electronics,Pamplemousses,North,2,45000,0.0,33604.28,90000.0,67208.56,22791.44
ORD01701,2025-09-01,C0338,Standing Desk,Furniture,Black River,West,1,15000,0.0,8478.28,15000.0,8478.28,6521.72
ORD01702,2024-03-11,C0260,Monitor 27,Electronics,Mahebourg,South,1,12000,0.05,7965.53,11400.0,7965.53,3434.47
ORD01703,2024-01-05,C0013,Standing Desk,Furniture,Port Louis,North,3,15000,0.0,8871.06,45000.0,26613.18,18386.82
ORD01704,2025-10-15,C0252,Smartphone X,Electronics,Quatre Bornes,West,1,28000,0.0,15787.82,28000.0,15787.82,12212.18
ORD01705,2024-02-19,C0333,Smartphone X,Electronics,Flacq,East,1,28000,0.0,15563.39,28000.0,15563.39,12436.61
ORD01706,2025-10-21,C0445,Office Chair,Furniture,Port Louis,North,1,8500,0.05,6381.61,8075.0,6381.61,1693.39
ORD01707,2025-04-12,C0341,Standing Desk,Furniture,Mahebourg,South,2,15000,0.0,8912.54,30000.0,17825.08,12174.92
ORD01708,2024-08-07,C0331,USB-C Hub,Accessories,Black River,West,1,1800,0.0,1389.92,1800.0,1389.92,410.08
ORD01709,2025-11-19,C0031,Smartphone X,Electronics,Quatre Bornes,West,1,28000,0.1,21722.05,25200.0,21722.05,3477.95
ORD01710,2024-12-13,C0129,Monitor 27,Electronics,Pamplemousses,North,1,12000,0.0,9210.49,12000.0,9210.49,2789.51
ORD01711,2025-12-09,C0276,Smartphone X,Electronics,Centre de Flacq,East,2,28000,0.0,18772.45,56000.0,37544.9,18455.1
ORD01712,2025-03-25,C0470,USB-C Hub,Accessories,Mahebourg,South,3,1800,0.0,1288.78,5400.0,3866.34,1533.66
ORD01713,2025-06-17,C0379,Standing Desk,Furniture,Curepipe,South,3,15000,0.0,11333.64,45000.0,34000.92,10999.08
ORD01714,2024-11-03,C0332,USB-C Hub,Accessories,Mahebourg,South,1,1800,0.05,1222.3,1710.0,1222.3,487.7
ORD01715,2025-07-26,C0409,Standing Desk,Furniture,Curepipe,South,3,15000,0.0,10221.21,45000.0,30663.63,14336.37
ORD01716,2024-03-09,C0263,Printer,Office,Quatre Bornes,West,2,9500,0.0,6528.1,19000.0,13056.2,5943.8
ORD01717,2025-01-05,C0490,Office Chair,Furniture,Flacq,East,1,8500,0.0,4944.59,8500.0,4944.59,3555.41
ORD01718,2025-02-06,C0387,Printer,Office,Curepipe,South,3,9500,0.05,7141.07,27075.0,21423.21,5651.79
ORD01719,2024-05-25,C0266,USB-C Hub,Accessories,Mahebourg,South,2,1800,0.15,1095.02,3060.0,2190.04,869.96
ORD01720,2025-10-22,C0132,USB-C Hub,Accessories,Black River,West,1,1800,0.1,1010.92,1620.0,1010.92,609.08
ORD01721,2025-01-06,C0097,Gaming Mouse,Accessories,Port Louis,North,1,2200,0.1,1445.77,1980.0,1445.77,534.23
ORD01722,2024-07-16,C0406,Laptop Pro 14,Electronics,Centre de Flacq,East,1,45000,0.0,32288.07,45000.0,32288.07,12711.93
ORD01723,2024-11-28,C0052,Office Lamp,Office,Black River,West,3,1800,0.05,1227.81,5130.0,3683.43,1446.57
ORD01724,2025-05-26,C0321,Monitor 27,Electronics,Black River,West,1,12000,0.05,6711.17,11400.0,6711.17,4688.83
ORD01725,2024-11-30,C0496,Smartphone X,Electronics,Port Louis,North,2,28000,0.0,20976.02,56000.0,41952.04,14047.96
ORD01726,2025-01-16,C0465,Standing Desk,Furniture,Flacq,East,1,15000,0.05,10854.68,14250.0,10854.68,3395.32
ORD01727,2024-12-13,C0358,Gaming Mouse,Accessories,Black River,West,2,2200,0.0,1251.42,4400.0,2502.84,1897.16
ORD01728,2025-03-25,C0270,Gaming Mouse,Accessories,Mahebourg,South,3,2200,0.0,1233.05,6600.0,3699.15,2900.85
ORD01729,2025-06-10,C0492,Tablet Air,Electronics,Mahebourg,South,1,18000,0.0,13291.34,18000.0,13291.34,4708.66
ORD01730,2025-02-22,C0488,Standing Desk,Furniture,Mahebourg,South,1,15000,0.05,9602.5,14250.0,9602.5,4647.5
ORD01731,2024-09-15,C0253,Office Chair,Furniture,Centre de Flacq,East,1,8500,0.15,6228.35,7225.0,6228.35,996.65
ORD01732,2024-05-21,C0179,Tablet Air,Electronics,Curepipe,South,3,18000,0.05,9945.74,51300.0,29837.22,21462.78
ORD01733,2025-07-28,C0483,Wireless Headphones,Accessories,Black River,West,1,6500,0.0,5024.13,6500.0,5024.13,1475.87
ORD01734,2024-07-25,C0379,Tablet Air,Electronics,Curepipe,South,1,18000,0.1,12050.49,16200.0,12050.49,4149.51
ORD01735,2024-10-15,C0352,Office Lamp,Office,Port Louis,North,1,1800,0.1,1374.28,1620.0,1374.28,245.72
ORD01736,2025-02-03,C0060,Standing Desk,Furniture,Quatre Bornes,West,2,15000,0.0,9530.17,30000.0,19060.34,10939.66
ORD01737,2025-03-10,C0390,Gaming Mouse,Accessories,Pamplemousses,North,2,2200,0.0,1436.66,4400.0,2873.32,1526.68
ORD01738,2025-07-30,C0148,Printer,Office,Black River,West,1,9500,0.05,6455.59,9025.0,6455.59,2569.41
ORD01739,2025-02-08,C0151,USB-C Hub,Accessories,Curepipe,South,2,1800,0.15,1307.54,3060.0,2615.08,444.92
ORD01740,2025-09-16,C0499,Gaming Mouse,Accessories,Pamplemousses,North,1,2200,0.0,1290.94,2200.0,1290.94,909.06
ORD01741,2024-01-22,C0275,Gaming Mouse,Accessories,Quatre Bornes,West,1,2200,0.05,1429.37,2090.0,1429.37,660.63
ORD01742,2024-07-25,C0271,Smartphone X,Electronics,Port Louis,North,2,28000,0.05,17024.14,53200.0,34048.28,19151.72
ORD01743,2024-04-19,C0213,USB-C Hub,Accessories,Black River,West,1,1800,0.0,1015.54,1800.0,1015.54,784.46
ORD01744,2024-02-20,C0010,USB-C Hub,Accessories,Mahebourg,South,2,1800,0.05,1380.66,3420.0,2761.32,658.68
ORD01745,2025-05-08,C0403,Printer,Office,Black River,West,4,9500,0.05,5292.27,36100.0,21169.08,14930.92
ORD01746,2025-02-18,C0367,Office Chair,Furniture,Quatre Bornes,West,1,8500,0.05,6610.82,8075.0,6610.82,1464.18
ORD01747,2025-10-31,C0132,Monitor 27,Electronics,Quatre Bornes,West,2,12000,0.1,7570.51,21600.0,15141.02,6458.98
ORD01748,2025-02-24,C0024,Mechanical Keyboard,Accessories,Centre de Flacq,East,1,4200,0.05,3066.99,3990.0,3066.99,923.01
ORD01749,2025-11-17,C0031,Gaming Mouse,Accessories,Mahebourg,South,1,2200,0.05,1666.24,2090.0,1666.24,423.76
ORD01750,2025-12-10,C0162,Office Lamp,Office,Quatre Bornes,West,1,1800,0.0,1284.1,1800.0,1284.1,515.9
ORD01751,2025-03-12,C0382,Printer,Office,Quatre Bornes,West,1,9500,0.0,6158.92,9500.0,6158.92,3341.08
ORD01752,2024-08-10,C0055,Smartphone X,Electronics,Port Louis,North,1,28000,0.0,19885.76,28000.0,19885.76,8114.24
ORD01753,2025-03-17,C0177,Mechanical Keyboard,Accessories,Flacq,East,1,4200,0.0,3078.91,4200.0,3078.91,1121.09
ORD01754,2025-03-24,C0214,Tablet Air,Electronics,Port Louis,North,1,18000,0.0,11815.83,18000.0,11815.83,6184.17
ORD01755,2025-08-16,C0476,Tablet Air,Electronics,Centre de Flacq,East,1,18000,0.05,11321.48,17100.0,11321.48,5778.52
ORD01756,2025-12-17,C0305,Gaming Mouse,Accessories,Quatre Bornes,West,1,2200,0.0,1641.22,2200.0,1641.22,558.78
ORD01757,2025-12-15,C0001,Laptop Pro 14,Electronics,Flacq,East,3,45000,0.0,34607.87,135000.0,103823.61,31176.39
ORD01758,2024-08-04,C0492,Standing Desk,Furniture,Curepipe,South,1,15000,0.0,9294.05,15000.0,9294.05,5705.95
ORD01759,2024-02-05,C0122,Gaming Mouse,Accessories,Quatre Bornes,West,3,2200,0.0,1285.85,6600.0,3857.55,2742.45
ORD01760,2024-05-23,C0207,Office Chair,Furniture,Centre de Flacq,East,1,8500,0.0,5225.63,8500.0,5225.63,3274.37
ORD01761,2025-06-02,C0360,Smartphone X,Electronics,Black River,West,1,28000,0.15,15453.04,23800.0,15453.04,8346.96
ORD01762,2024-10-14,C0150,Wireless Headphones,Accessories,Port Louis,North,1,6500,0.0,4632.15,6500.0,4632.15,1867.85
ORD01763,2025-07-18,C0489,Gaming Mouse,Accessories,Mahebourg,South,2,2200,0.0,1215.67,4400.0,2431.34,1968.66
ORD01764,2024-05-16,C0386,Mechanical Keyboard,Accessories,Port Louis,North,1,4200,0.0,2500.95,4200.0,2500.95,1699.05
ORD01765,2025-05-12,C0430,Wireless Headphones,Accessories,Centre de Flacq,East,1,6500,0.1,5051.57,5850.0,5051.57,798.43
ORD01766,2024-05-28,C0146,Gaming Mouse,Accessories,Black River,West,1,2200,0.15,1688.09,1870.0,1688.09,181.91
ORD01767,2024-02-04,C0031,Gaming Mouse,Accessories,Flacq,East,1,2200,0.05,1645.46,2090.0,1645.46,444.54
ORD01768,2025-12-04,C0078,Smartphone X,Electronics,Port Louis,North,1,28000,0.0,16138.28,28000.0,16138.28,11861.72
ORD01769,2025-12-18,C0145,Laptop Pro 14,Electronics,Port Louis,North,1,45000,0.1,32303.15,40500.0,32303.15,8196.85
ORD01770,2025-10-29,C0266,Smartphone X,Electronics,Centre de Flacq,East,1,28000,0.1,17998.69,25200.0,17998.69,7201.31
ORD01771,2024-12-25,C0268,Office Lamp,Office,Mahebourg,South,2,1800,0.0,1037.79,3600.0,2075.58,1524.42
ORD01772,2024-01-30,C0079,Mechanical Keyboard,Accessories,Quatre Bornes,West,2,4200,0.0,3241.55,8400.0,6483.1,1916.9
ORD01773,2025-11-21,C0456,Office Lamp,Office,Centre de Flacq,East,1,1800,0.05,1390.74,1710.0,1390.74,319.26
ORD01774,2024-11-09,C0431,Wireless Headphones,Accessories,Black River,West,2,6500,0.0,3939.92,13000.0,7879.84,5120.16
ORD01775,2024-02-07,C0294,Laptop Pro 14,Electronics,Mahebourg,South,1,45000,0.1,34406.16,40500.0,34406.16,6093.84
ORD01776,2024-10-24,C0268,Office Lamp,Office,Mahebourg,South,1,1800,0.0,1355.55,1800.0,1355.55,444.45
ORD01777,2025-09-19,C0058,Smartphone X,Electronics,Black River,West,1,28000,0.0,15519.45,28000.0,15519.45,12480.55
ORD01778,2025-07-18,C0066,Wireless Headphones,Accessories,Curepipe,South,1,6500,0.0,5041.36,6500.0,5041.36,1458.64
ORD01779,2025-04-02,C0343,Mechanical Keyboard,Accessories,Flacq,East,1,4200,0.0,3018.1,4200.0,3018.1,1181.9
ORD01780,2024-05-27,C0411,Monitor 27,Electronics,Mahebourg,South,4,12000,0.0,8904.06,48000.0,35616.24,12383.76
ORD01781,2024-05-22,C0446,Office Chair,Furniture,Flacq,East,1,8500,0.0,5454.34,8500.0,5454.34,3045.66
ORD01782,2024-08-17,C0363,Laptop Pro 14,Electronics,Port Louis,North,1,45000,0.0,34329.38,45000.0,34329.38,10670.62
ORD01783,2025-01-12,C0386,Gaming Mouse,Accessories,Port Louis,North,1,2200,0.1,1478.22,1980.0,1478.22,501.78
ORD01784,2025-09-22,C0124,Wireless Headphones,Accessories,Flacq,East,2,6500,0.0,4246.22,13000.0,8492.44,4507.56
ORD01785,2025-08-18,C0319,Smartphone X,Electronics,Quatre Bornes,West,3,28000,0.05,21111.68,79800.0,63335.04,16464.96
ORD01786,2025-03-07,C0209,Printer,Office,Quatre Bornes,West,1,9500,0.0,7322.11,9500.0,7322.11,2177.89
ORD01787,2024-05-31,C0330,Monitor 27,Electronics,Flacq,East,2,12000,0.0,8880.76,24000.0,17761.52,6238.48
ORD01788,2024-02-01,C0028,Gaming Mouse,Accessories,Port Louis,North,1,2200,0.05,1394.33,2090.0,1394.33,695.67
ORD01789,2024-09-26,C0137,Laptop Pro 14,Electronics,Curepipe,South,1,45000,0.0,31240.88,45000.0,31240.88,13759.12
ORD01790,2024-06-04,C0432,Gaming Mouse,Accessories,Flacq,East,1,2200,0.05,1317.46,2090.0,1317.46,772.54
ORD01791,2024-07-21,C0372,Office Lamp,Office,Port Louis,North,4,1800,0.0,1281.03,7200.0,5124.12,2075.88
ORD01792,2025-08-05,C0117,Office Lamp,Office,Quatre Bornes,West,1,1800,0.0,1098.9,1800.0,1098.9,701.1
ORD01793,2024-11-26,C0340,Tablet Air,Electronics,Mahebourg,South,2,18000,0.0,12274.64,36000.0,24549.28,11450.72
ORD01794,2025-05-20,C0332,Monitor 27,Electronics,Quatre Bornes,West,1,12000,0.05,8107.03,11400.0,8107.03,3292.97
ORD01795,2025-06-25,C0363,Smartphone X,Electronics,Port Louis,North,1,28000,0.15,17385.81,23800.0,17385.81,6414.19
ORD01796,2025-01-06,C0250,Mechanical Keyboard,Accessories,Centre de Flacq,East,1,4200,0.0,3226.67,4200.0,3226.67,973.33
ORD01797,2024-10-05,C0380,Smartphone X,Electronics,Pamplemousses,North,2,28000,0.0,20165.83,56000.0,40331.66,15668.34
ORD01798,2025-08-05,C0496,Gaming Mouse,Accessories,Port Louis,North,2,2200,0.05,1219.05,4180.0,2438.1,1741.9
ORD01799,2024-01-31,C0015,Smartphone X,Electronics,Port Louis,North,2,28000,0.0,20798.9,56000.0,41597.8,14402.2
ORD01800,2025-12-21,C0246,Mechanical Keyboard,Accessories,Black River,West,3,4200,0.0,2689.6,12600.0,8068.8,4531.2
ORD01801,2025-05-04,C0292,Office Chair,Furniture,Black River,West,1,8500,0.05,6303.04,8075.0,6303.04,1771.96
ORD01802,2024-11-22,C0339,Office Lamp,Office,Quatre Bornes,West,1,1800,0.0,1200.81,1800.0,1200.81,599.19
ORD01803,2024-07-14,C0270,Office Chair,Furniture,Curepipe,South,1,8500,0.05,6262.93,8075.0,6262.93,1812.07
ORD01804,2025-09-15,C0111,Gaming Mouse,Accessories,Flacq,East,2,2200,0.1,1271.88,3960.0,2543.76,1416.24
ORD01805,2024-05-28,C0042,USB-C Hub,Accessories,Curepipe,South,1,1800,0.0,1035.94,1800.0,1035.94,764.06
ORD01806,2025-05-06,C0211,Gaming Mouse,Accessories,Port Louis,North,2,2200,0.0,1576.45,4400.0,3152.9,1247.1
ORD01807,2024-02-08,C0374,Tablet Air,Electronics,Pamplemousses,North,1,18000,0.1,12267.59,16200.0,12267.59,3932.41
ORD01808,2025-06-09,C0495,USB-C Hub,Accessories,Mahebourg,South,2,1800,0.05,1254.78,3420.0,2509.56,910.44
ORD01809,2025-01-17,C0150,Wireless Headphones,Accessories,Curepipe,South,1,6500,0.0,5012.39,6500.0,5012.39,1487.61
ORD01810,2024-09-27,C0326,Wireless Headphones,Accessories,Pamplemousses,North,1,6500,0.0,4622.55,6500.0,4622.55,1877.45
ORD01811,2025-11-25,C0484,Standing Desk,Furniture,Quatre Bornes,West,1,15000,0.0,10676.4,15000.0,10676.4,4323.6
ORD01812,2025-10-28,C0476,Mechanical Keyboard,Accessories,Flacq,East,1,4200,0.0,3119.91,4200.0,3119.91,1080.09
ORD01813,2025-02-19,C0118,Monitor 27,Electronics,Black River,West,1,12000,0.0,9163.5,12000.0,9163.5,2836.5
ORD01814,2025-02-18,C0461,Monitor 27,Electronics,Port Louis,North,1,12000,0.0,6918.94,12000.0,6918.94,5081.06
ORD01815,2025-10-11,C0490,Laptop Pro 14,Electronics,Black River,West,1,45000,0.0,34364.6,45000.0,34364.6,10635.4
ORD01816,2025-04-08,C0294,Mechanical Keyboard,Accessories,Flacq,East,1,4200,0.0,2902.85,4200.0,2902.85,1297.15
ORD01817,2025-04-20,C0235,Laptop Pro 14,Electronics,Curepipe,South,4,45000,0.1,29252.05,162000.0,117008.2,44991.8
ORD01818,2025-12-28,C0313,Office Chair,Furniture,Port Louis,North,1,8500,0.05,5234.49,8075.0,5234.49,2840.51
ORD01819,2024-11-25,C0081,Smartphone X,Electronics,Curepipe,South,2,28000,0.0,15750.12,56000.0,31500.24,24499.76
ORD01820,2024-09-22,C0425,Office Lamp,Office,Curepipe,South,2,1800,0.15,1250.67,3060.0,2501.34,558.66
ORD01821,2025-01-14,C0433,Wireless Headphones,Accessories,Curepipe,South,2,6500,0.05,3606.64,12350.0,7213.28,5136.72
ORD01822,2024-07-23,C0187,Monitor 27,Electronics,Port Louis,North,3,12000,0.0,7206.65,36000.0,21619.95,14380.05
ORD01823,2024-12-02,C0350,Monitor 27,Electronics,Centre de Flacq,East,1,12000,0.1,7147.46,10800.0,7147.46,3652.54
ORD01824,2024-03-24,C0190,Monitor 27,Electronics,Port Louis,North,1,12000,0.05,6870.81,11400.0,6870.81,4529.19
ORD01825,2024-08-23,C0359,Gaming Mouse,Accessories,Flacq,East,2,2200,0.1,1342.13,3960.0,2684.26,1275.74
ORD01826,2024-01-29,C0113,Office Chair,Furniture,Mahebourg,South,3,8500,0.0,4932.92,25500.0,14798.76,10701.24
ORD01827,2025-03-30,C0466,Office Chair,Furniture,Port Louis,North,1,8500,0.05,6531.26,8075.0,6531.26,1543.74
ORD01828,2025-02-10,C0331,Wireless Headphones,Accessories,Pamplemousses,North,1,6500,0.0,4413.77,6500.0,4413.77,2086.23
ORD01829,2025-11-27,C0204,Office Chair,Furniture,Port Louis,North,1,8500,0.0,6176.58,8500.0,6176.58,2323.42
ORD01830,2025-05-20,C0283,Wireless Headphones,Accessories,Quatre Bornes,West,1,6500,0.05,4188.69,6175.0,4188.69,1986.31
ORD01831,2024-10-13,C0213,Mechanical Keyboard,Accessories,Flacq,East,1,4200,0.0,2703.5,4200.0,2703.5,1496.5
ORD01832,2025-04-13,C0333,Wireless Headphones,Accessories,Quatre Bornes,West,1,6500,0.1,4820.92,5850.0,4820.92,1029.08
ORD01833,2025-12-23,C0015,Tablet Air,Electronics,Centre de Flacq,East,4,18000,0.0,10571.81,72000.0,42287.24,29712.76
ORD01834,2024-02-19,C0449,Laptop Pro 14,Electronics,Port Louis,North,1,45000,0.1,32375.36,40500.0,32375.36,8124.64
ORD01835,2025-03-30,C0452,Smartphone X,Electronics,Black River,West,1,28000,0.0,21481.02,28000.0,21481.02,6518.98
ORD01836,2024-12-30,C0145,Printer,Office,Port Louis,North,1,9500,0.0,6610.4,9500.0,6610.4,2889.6
ORD01837,2024-09-30,C0494,Office Lamp,Office,Port Louis,North,1,1800,0.0,1035.69,1800.0,1035.69,764.31
ORD01838,2025-06-29,C0214,USB-C Hub,Accessories,Pamplemousses,North,1,1800,0.0,1056.28,1800.0,1056.28,743.72
ORD01839,2024-12-29,C0229,Monitor 27,Electronics,Port Louis,North,4,12000,0.05,8565.65,45600.0,34262.6,11337.4
ORD01840,2025-10-25,C0241,Office Lamp,Office,Centre de Flacq,East,2,1800,0.0,1165.14,3600.0,2330.28,1269.72
ORD01841,2025-10-18,C0011,Office Chair,Furniture,Flacq,East,1,8500,0.0,6158.95,8500.0,6158.95,2341.05
ORD01842,2024-04-15,C0174,Wireless Headphones,Accessories,Flacq,East,2,6500,0.0,3990.34,13000.0,7980.68,5019.32
ORD01843,2024-08-03,C0070,Tablet Air,Electronics,Black River,West,1,18000,0.05,12807.52,17100.0,12807.52,4292.48
ORD01844,2025-01-13,C0424,Office Lamp,Office,Mahebourg,South,1,1800,0.0,1203.44,1800.0,1203.44,596.56
ORD01845,2024-07-31,C0112,Wireless Headphones,Accessories,Black River,West,1,6500,0.0,4452.02,6500.0,4452.02,2047.98
ORD01846,2024-03-27,C0022,Gaming Mouse,Accessories,Port Louis,North,1,2200,0.0,1333.13,2200.0,1333.13,866.87
ORD01847,2025-11-09,C0350,Smartphone X,Electronics,Pamplemousses,North,1,28000,0.15,20803.75,23800.0,20803.75,2996.25
ORD01848,2025-10-27,C0074,Laptop Pro 14,Electronics,Quatre Bornes,West,2,45000,0.0,25761.23,90000.0,51522.46,38477.54
ORD01849,2025-02-19,C0355,Monitor 27,Electronics,Curepipe,South,4,12000,0.0,9092.28,48000.0,36369.12,11630.88
ORD01850,2024-05-13,C0378,Standing Desk,Furniture,Curepipe,South,1,15000,0.1,11288.58,13500.0,11288.58,2211.42
ORD01851,2025-11-22,C0376,Standing Desk,Furniture,Flacq,East,1,15000,0.0,10983.15,15000.0,10983.15,4016.85
ORD01852,2024-03-29,C0152,Smartphone X,Electronics,Quatre Bornes,West,2,28000,0.1,20483.09,50400.0,40966.18,9433.82
ORD01853,2024-09-16,C0433,Smartphone X,Electronics,Quatre Bornes,West,2,28000,0.05,18326.4,53200.0,36652.8,16547.2
ORD01854,2025-07-23,C0337,Office Chair,Furniture,Flacq,East,3,8500,0.1,5509.15,22950.0,16527.45,6422.55
ORD01855,2025-04-26,C0009,Monitor 27,Electronics,Black River,West,1,12000,0.0,6600.44,12000.0,6600.44,5399.56
ORD01856,2025-04-15,C0088,Wireless Headphones,Accessories,Black River,West,1,6500,0.05,4471.56,6175.0,4471.56,1703.44
ORD01857,2025-04-07,C0452,Office Chair,Furniture,Curepipe,South,2,8500,0.0,5575.33,17000.0,11150.66,5849.34
ORD01858,2025-05-30,C0125,USB-C Hub,Accessories,Flacq,East,2,1800,0.05,1208.07,3420.0,2416.14,1003.86
ORD01859,2025-11-14,C0376,Tablet Air,Electronics,Curepipe,South,4,18000,0.05,10841.91,68400.0,43367.64,25032.36
ORD01860,2024-06-06,C0274,Gaming Mouse,Accessories,Curepipe,South,2,2200,0.1,1521.58,3960.0,3043.16,916.84
ORD01861,2024-04-17,C0181,Office Lamp,Office,Port Louis,North,1,1800,0.05,1274.11,1710.0,1274.11,435.89
ORD01862,2024-01-25,C0311,USB-C Hub,Accessories,Pamplemousses,North,1,1800,0.0,1344.65,1800.0,1344.65,455.35
ORD01863,2024-09-30,C0325,Standing Desk,Furniture,Flacq,East,2,15000,0.0,9558.58,30000.0,19117.16,10882.84
ORD01864,2024-12-21,C0481,USB-C Hub,Accessories,Curepipe,South,1,1800,0.0,1043.38,1800.0,1043.38,756.62
ORD01865,2025-09-28,C0428,Wireless Headphones,Accessories,Black River,West,2,6500,0.0,3982.31,13000.0,7964.62,5035.38
ORD01866,2025-09-07,C0068,Printer,Office,Centre de Flacq,East,1,9500,0.05,7043.41,9025.0,7043.41,1981.59
ORD01867,2024-09-02,C0033,Smartphone X,Electronics,Centre de Flacq,East,1,28000,0.0,16283.66,28000.0,16283.66,11716.34
ORD01868,2024-03-08,C0053,Standing Desk,Furniture,Quatre Bornes,West,1,15000,0.0,10384.43,15000.0,10384.43,4615.57
ORD01869,2024-11-25,C0145,Smartphone X,Electronics,Pamplemousses,North,2,28000,0.0,20819.51,56000.0,41639.02,14360.98
ORD01870,2024-07-16,C0276,Gaming Mouse,Accessories,Pamplemousses,North,1,2200,0.0,1211.9,2200.0,1211.9,988.1
ORD01871,2024-09-02,C0004,Office Chair,Furniture,Mahebourg,South,1,8500,0.0,6189.58,8500.0,6189.58,2310.42
ORD01872,2025-10-06,C0440,Smartphone X,Electronics,Flacq,East,1,28000,0.15,15429.91,23800.0,15429.91,8370.09
ORD01873,2024-11-15,C0389,Mechanical Keyboard,Accessories,Mahebourg,South,1,4200,0.05,2387.31,3990.0,2387.31,1602.69
ORD01874,2025-12-05,C0069,Standing Desk,Furniture,Quatre Bornes,West,3,15000,0.0,11250.85,45000.0,33752.55,11247.45
ORD01875,2025-08-29,C0137,Laptop Pro 14,Electronics,Quatre Bornes,West,1,45000,0.1,33522.78,40500.0,33522.78,6977.22
ORD01876,2024-01-01,C0040,Office Chair,Furniture,Centre de Flacq,East,2,8500,0.0,4813.44,17000.0,9626.88,7373.12
ORD01877,2025-03-22,C0066,Gaming Mouse,Accessories,Flacq,East,4,2200,0.0,1240.59,8800.0,4962.36,3837.64
ORD01878,2025-04-24,C0428,Tablet Air,Electronics,Mahebourg,South,1,18000,0.15,10024.87,15300.0,10024.87,5275.13
ORD01879,2025-06-10,C0194,Printer,Office,Pamplemousses,North,1,9500,0.1,6442.52,8550.0,6442.52,2107.48
ORD01880,2025-10-08,C0416,Office Chair,Furniture,Flacq,East,2,8500,0.0,6095.19,17000.0,12190.38,4809.62
ORD01881,2025-07-08,C0274,Tablet Air,Electronics,Mahebourg,South,2,18000,0.0,11049.94,36000.0,22099.88,13900.12
ORD01882,2025-12-02,C0411,Office Chair,Furniture,Quatre Bornes,West,1,8500,0.0,5117.42,8500.0,5117.42,3382.58
ORD01883,2025-11-08,C0369,Gaming Mouse,Accessories,Centre de Flacq,East,1,2200,0.0,1305.94,2200.0,1305.94,894.06
ORD01884,2025-11-13,C0383,Standing Desk,Furniture,Mahebourg,South,2,15000,0.0,9850.04,30000.0,19700.08,10299.92
ORD01885,2025-09-18,C0360,Tablet Air,Electronics,Port Louis,North,3,18000,0.05,12640.47,51300.0,37921.41,13378.59
ORD01886,2024-11-24,C0024,USB-C Hub,Accessories,Centre de Flacq,East,1,1800,0.05,1133.51,1710.0,1133.51,576.49
ORD01887,2024-09-14,C0045,Tablet Air,Electronics,Black River,West,1,18000,0.0,10945.58,18000.0,10945.58,7054.42
ORD01888,2024-08-21,C0036,Gaming Mouse,Accessories,Black River,West,1,2200,0.0,1651.76,2200.0,1651.76,548.24
ORD01889,2025-04-18,C0307,Smartphone X,Electronics,Flacq,East,1,28000,0.15,20534.22,23800.0,20534.22,3265.78
ORD01890,2025-08-13,C0054,Laptop Pro 14,Electronics,Black River,West,1,45000,0.15,34625.51,38250.0,34625.51,3624.49
ORD01891,2025-11-17,C0072,Office Chair,Furniture,Black River,West,2,8500,0.0,5350.3,17000.0,10700.6,6299.4
ORD01892,2024-08-06,C0225,Printer,Office,Mahebourg,South,2,9500,0.0,7024.24,19000.0,14048.48,4951.52
ORD01893,2025-09-06,C0056,Wireless Headphones,Accessories,Curepipe,South,1,6500,0.15,4577.04,5525.0,4577.04,947.96
ORD01894,2025-12-02,C0491,Monitor 27,Electronics,Centre de Flacq,East,1,12000,0.0,6914.78,12000.0,6914.78,5085.22
ORD01895,2024-05-02,C0140,Laptop Pro 14,Electronics,Black River,West,1,45000,0.0,30829.16,45000.0,30829.16,14170.84
ORD01896,2025-08-16,C0072,Laptop Pro 14,Electronics,Quatre Bornes,West,1,45000,0.0,34660.41,45000.0,34660.41,10339.59
ORD01897,2025-06-12,C0246,Laptop Pro 14,Electronics,Centre de Flacq,East,1,45000,0.1,25504.69,40500.0,25504.69,14995.31
ORD01898,2024-10-09,C0370,Smartphone X,Electronics,Pamplemousses,North,1,28000,0.0,16391.59,28000.0,16391.59,11608.41
ORD01899,2024-05-10,C0473,Wireless Headphones,Accessories,Pamplemousses,North,1,6500,0.1,4701.05,5850.0,4701.05,1148.95
ORD01900,2025-03-09,C0499,Standing Desk,Furniture,Mahebourg,South,4,15000,0.05,10599.93,57000.0,42399.72,14600.28
ORD01901,2024-08-05,C0115,Laptop Pro 14,Electronics,Flacq,East,1,45000,0.0,33964.75,45000.0,33964.75,11035.25
ORD01902,2025-03-12,C0180,Tablet Air,Electronics,Curepipe,South,2,18000,0.05,12442.14,34200.0,24884.28,9315.72
ORD01903,2025-10-24,C0004,USB-C Hub,Accessories,Quatre Bornes,West,1,1800,0.0,1389.68,1800.0,1389.68,410.32
ORD01904,2024-06-13,C0005,USB-C Hub,Accessories,Pamplemousses,North,3,1800,0.0,1062.71,5400.0,3188.13,2211.87
ORD01905,2025-10-29,C0307,Office Chair,Furniture,Quatre Bornes,West,2,8500,0.1,6422.68,15300.0,12845.36,2454.64
ORD01906,2025-09-19,C0061,USB-C Hub,Accessories,Flacq,East,4,1800,0.15,1252.9,6120.0,5011.6,1108.4
ORD01907,2025-07-15,C0454,Laptop Pro 14,Electronics,Pamplemousses,North,1,45000,0.0,26498.86,45000.0,26498.86,18501.14
ORD01908,2024-12-03,C0296,Tablet Air,Electronics,Pamplemousses,North,1,18000,0.0,11831.81,18000.0,11831.81,6168.19
ORD01909,2025-12-21,C0345,Office Lamp,Office,Quatre Bornes,West,1,1800,0.0,1123.55,1800.0,1123.55,676.45
ORD01910,2024-12-14,C0263,Mechanical Keyboard,Accessories,Pamplemousses,North,1,4200,0.05,2347.82,3990.0,2347.82,1642.18
ORD01911,2025-04-28,C0129,Monitor 27,Electronics,Pamplemousses,North,1,12000,0.1,8009.57,10800.0,8009.57,2790.43
ORD01912,2025-05-25,C0277,Standing Desk,Furniture,Flacq,East,2,15000,0.05,8983.56,28500.0,17967.12,10532.88
ORD01913,2025-10-31,C0428,Mechanical Keyboard,Accessories,Black River,West,1,4200,0.05,2825.37,3990.0,2825.37,1164.63
ORD01914,2025-12-29,C0065,USB-C Hub,Accessories,Quatre Bornes,West,1,1800,0.05,1174.84,1710.0,1174.84,535.16
ORD01915,2024-11-16,C0393,Smartphone X,Electronics,Port Louis,North,1,28000,0.05,16479.49,26600.0,16479.49,10120.51
ORD01916,2024-04-04,C0075,Mechanical Keyboard,Accessories,Flacq,East,1,4200,0.05,2891.02,3990.0,2891.02,1098.98
ORD01917,2025-01-10,C0167,Smartphone X,Electronics,Curepipe,South,4,28000,0.0,18090.99,112000.0,72363.96,39636.04
ORD01918,2024-09-16,C0202,Monitor 27,Electronics,Centre de Flacq,East,1,12000,0.0,9050.61,12000.0,9050.61,2949.39
ORD01919,2025-09-25,C0219,USB-C Hub,Accessories,Centre de Flacq,East,1,1800,0.15,1280.61,1530.0,1280.61,249.39
ORD01920,2025-10-20,C0486,Standing Desk,Furniture,Quatre Bornes,West,1,15000,0.0,9247.07,15000.0,9247.07,5752.93
ORD01921,2025-03-03,C0278,Monitor 27,Electronics,Pamplemousses,North,1,12000,0.05,6647.34,11400.0,6647.34,4752.66
ORD01922,2024-04-15,C0074,Gaming Mouse,Accessories,Black River,West,1,2200,0.0,1412.09,2200.0,1412.09,787.91
ORD01923,2024-01-05,C0343,Monitor 27,Electronics,Black River,West,3,12000,0.1,6622.63,32400.0,19867.89,12532.11
ORD01924,2024-08-11,C0343,Tablet Air,Electronics,Pamplemousses,North,1,18000,0.1,10705.77,16200.0,10705.77,5494.23
ORD01925,2024-04-06,C0063,Mechanical Keyboard,Accessories,Black River,West,3,4200,0.0,2411.99,12600.0,7235.97,5364.03
ORD01926,2024-08-13,C0255,Monitor 27,Electronics,Quatre Bornes,West,1,12000,0.1,9209.21,10800.0,9209.21,1590.79
ORD01927,2025-07-24,C0375,Printer,Office,Port Louis,North,2,9500,0.0,5649.01,19000.0,11298.02,7701.98
ORD01928,2024-05-18,C0467,Monitor 27,Electronics,Black River,West,1,12000,0.0,7183.94,12000.0,7183.94,4816.06
ORD01929,2024-10-14,C0404,Standing Desk,Furniture,Black River,West,2,15000,0.0,9119.42,30000.0,18238.84,11761.16
ORD01930,2024-05-06,C0488,Smartphone X,Electronics,Pamplemousses,North,2,28000,0.0,17213.21,56000.0,34426.42,21573.58
ORD01931,2024-08-06,C0479,Tablet Air,Electronics,Port Louis,North,1,18000,0.0,13674.66,18000.0,13674.66,4325.34
ORD01932,2025-04-18,C0490,Mechanical Keyboard,Accessories,Port Louis,North,1,4200,0.1,2612.31,3780.0,2612.31,1167.69
ORD01933,2024-04-30,C0028,Smartphone X,Electronics,Mahebourg,South,1,28000,0.0,20266.77,28000.0,20266.77,7733.23
ORD01934,2024-12-21,C0460,Laptop Pro 14,Electronics,Black River,West,2,45000,0.1,31616.79,81000.0,63233.58,17766.42
ORD01935,2025-02-28,C0290,Office Lamp,Office,Quatre Bornes,West,1,1800,0.0,1211.71,1800.0,1211.71,588.29
ORD01936,2024-02-17,C0252,Office Chair,Furniture,Flacq,East,1,8500,0.0,6627.46,8500.0,6627.46,1872.54
ORD01937,2025-07-07,C0036,Office Chair,Furniture,Port Louis,North,4,8500,0.05,6395.61,32300.0,25582.44,6717.56
ORD01938,2024-05-05,C0049,Laptop Pro 14,Electronics,Black River,West,1,45000,0.0,30681.87,45000.0,30681.87,14318.13
ORD01939,2025-10-19,C0417,Gaming Mouse,Accessories,Curepipe,South,1,2200,0.0,1553.59,2200.0,1553.59,646.41
ORD01940,2024-01-10,C0114,Office Chair,Furniture,Curepipe,South,1,8500,0.05,6602.58,8075.0,6602.58,1472.42
ORD01941,2025-06-16,C0232,Monitor 27,Electronics,Black River,West,1,12000,0.15,7934.06,10200.0,7934.06,2265.94
ORD01942,2024-08-29,C0415,Smartphone X,Electronics,Curepipe,South,1,28000,0.0,16389.66,28000.0,16389.66,11610.34
ORD01943,2024-01-16,C0020,Laptop Pro 14,Electronics,Pamplemousses,North,2,45000,0.0,29094.38,90000.0,58188.76,31811.24
ORD01944,2025-03-25,C0164,Mechanical Keyboard,Accessories,Black River,West,1,4200,0.05,2850.73,3990.0,2850.73,1139.27
ORD01945,2025-01-16,C0123,Smartphone X,Electronics,Pamplemousses,North,2,28000,0.15,21367.3,47600.0,42734.6,4865.4
ORD01946,2025-03-15,C0263,Mechanical Keyboard,Accessories,Flacq,East,1,4200,0.05,2646.84,3990.0,2646.84,1343.16
ORD01947,2024-11-27,C0246,Printer,Office,Flacq,East,1,9500,0.1,6705.91,8550.0,6705.91,1844.09
ORD01948,2025-10-05,C0022,Mechanical Keyboard,Accessories,Curepipe,South,1,4200,0.0,3111.91,4200.0,3111.91,1088.09
ORD01949,2025-02-05,C0227,Wireless Headphones,Accessories,Pamplemousses,North,2,6500,0.0,4163.19,13000.0,8326.38,4673.62
ORD01950,2024-01-26,C0246,Smartphone X,Electronics,Port Louis,North,2,28000,0.0,17563.29,56000.0,35126.58,20873.42
ORD01951,2025-07-21,C0492,Monitor 27,Electronics,Pamplemousses,North,2,12000,0.0,8712.78,24000.0,17425.56,6574.44
ORD01952,2025-03-02,C0439,Office Lamp,Office,Quatre Bornes,West,1,1800,0.05,1145.56,1710.0,1145.56,564.44
ORD01953,2024-12-15,C0158,Mechanical Keyboard,Accessories,Flacq,East,1,4200,0.1,2620.43,3780.0,2620.43,1159.57
ORD01954,2024-09-05,C0085,Office Chair,Furniture,Port Louis,North,4,8500,0.05,4814.59,32300.0,19258.36,13041.64
ORD01955,2025-11-25,C0100,Mechanical Keyboard,Accessories,Flacq,East,1,4200,0.0,3175.76,4200.0,3175.76,1024.24
ORD01956,2025-11-14,C0041,Gaming Mouse,Accessories,Pamplemousses,North,1,2200,0.0,1307.1,2200.0,1307.1,892.9
ORD01957,2025-11-15,C0335,Wireless Headphones,Accessories,Pamplemousses,North,1,6500,0.05,4653.1,6175.0,4653.1,1521.9
ORD01958,2024-07-30,C0350,Printer,Office,Port Louis,North,1,9500,0.1,5700.74,8550.0,5700.74,2849.26
ORD01959,2024-10-08,C0328,Gaming Mouse,Accessories,Port Louis,North,2,2200,0.05,1645.73,4180.0,3291.46,888.54
ORD01960,2025-12-13,C0489,Wireless Headphones,Accessories,Curepipe,South,1,6500,0.0,4596.03,6500.0,4596.03,1903.97
ORD01961,2025-01-15,C0387,Tablet Air,Electronics,Black River,West,2,18000,0.0,12707.68,36000.0,25415.36,10584.64
ORD01962,2025-10-29,C0142,USB-C Hub,Accessories,Centre de Flacq,East,1,1800,0.1,1044.18,1620.0,1044.18,575.82
ORD01963,2025-11-27,C0301,Standing Desk,Furniture,Mahebourg,South,1,15000,0.05,9439.87,14250.0,9439.87,4810.13
ORD01964,2024-06-03,C0224,Gaming Mouse,Accessories,Centre de Flacq,East,1,2200,0.0,1402.94,2200.0,1402.94,797.06
ORD01965,2024-06-28,C0171,Gaming Mouse,Accessories,Quatre Bornes,West,1,2200,0.05,1689.65,2090.0,1689.65,400.35
ORD01966,2025-08-06,C0486,USB-C Hub,Accessories,Curepipe,South,1,1800,0.0,1103.92,1800.0,1103.92,696.08
ORD01967,2024-02-17,C0004,Office Lamp,Office,Black River,West,1,1800,0.0,1228.36,1800.0,1228.36,571.64
ORD01968,2024-02-11,C0027,Laptop Pro 14,Electronics,Curepipe,South,1,45000,0.1,32795.4,40500.0,32795.4,7704.6
ORD01969,2024-02-12,C0424,Standing Desk,Furniture,Pamplemousses,North,2,15000,0.05,11652.95,28500.0,23305.9,5194.1
ORD01970,2024-09-02,C0265,Office Chair,Furniture,Quatre Bornes,West,2,8500,0.05,5931.84,16150.0,11863.68,4286.32
ORD01971,2025-10-21,C0069,USB-C Hub,Accessories,Centre de Flacq,East,1,1800,0.0,1188.32,1800.0,1188.32,611.68
ORD01972,2024-08-17,C0293,Printer,Office,Pamplemousses,North,1,9500,0.0,5433.99,9500.0,5433.99,4066.01
ORD01973,2024-08-10,C0196,Office Chair,Furniture,Black River,West,2,8500,0.05,6585.11,16150.0,13170.22,2979.78
ORD01974,2025-08-30,C0488,Gaming Mouse,Accessories,Quatre Bornes,West,1,2200,0.0,1560.86,2200.0,1560.86,639.14
ORD01975,2024-06-08,C0396,Standing Desk,Furniture,Port Louis,North,1,15000,0.1,11182.06,13500.0,11182.06,2317.94
ORD01976,2025-11-21,C0167,USB-C Hub,Accessories,Quatre Bornes,West,1,1800,0.0,1287.61,1800.0,1287.61,512.39
ORD01977,2025-01-26,C0362,Mechanical Keyboard,Accessories,Curepipe,South,1,4200,0.1,3042.66,3780.0,3042.66,737.34
ORD01978,2025-09-23,C0254,Smartphone X,Electronics,Port Louis,North,1,28000,0.05,15732.7,26600.0,15732.7,10867.3
ORD01979,2025-10-03,C0317,Standing Desk,Furniture,Black River,West,2,15000,0.05,9098.1,28500.0,18196.2,10303.8
ORD01980,2024-06-11,C0022,Mechanical Keyboard,Accessories,Flacq,East,1,4200,0.1,2927.87,3780.0,2927.87,852.13
ORD01981,2025-10-28,C0249,Office Lamp,Office,Centre de Flacq,East,1,1800,0.05,1203.19,1710.0,1203.19,506.81
ORD01982,2025-06-04,C0016,Wireless Headphones,Accessories,Flacq,East,1,6500,0.0,4670.72,6500.0,4670.72,1829.28
ORD01983,2024-03-15,C0003,USB-C Hub,Accessories,Quatre Bornes,West,1,1800,0.05,1297.51,1710.0,1297.51,412.49
ORD01984,2025-12-31,C0221,Mechanical Keyboard,Accessories,Mahebourg,South,1,4200,0.05,2731.77,3990.0,2731.77,1258.23
ORD01985,2024-12-27,C0204,Tablet Air,Electronics,Quatre Bornes,West,1,18000,0.0,10245.18,18000.0,10245.18,7754.82
ORD01986,2024-01-25,C0117,Wireless Headphones,Accessories,Flacq,East,1,6500,0.0,4333.51,6500.0,4333.51,2166.49
ORD01987,2025-12-07,C0471,Office Lamp,Office,Port Louis,North,1,1800,0.0,1152.01,1800.0,1152.01,647.99
ORD01988,2024-04-14,C0235,Tablet Air,Electronics,Pamplemousses,North,1,18000,0.05,13721.95,17100.0,13721.95,3378.05
ORD01989,2024-09-19,C0200,Laptop Pro 14,Electronics,Flacq,East,1,45000,0.1,27322.35,40500.0,27322.35,13177.65
ORD01990,2025-11-16,C0163,Laptop Pro 14,Electronics,Mahebourg,South,1,45000,0.1,33334.43,40500.0,33334.43,7165.57
ORD01991,2025-09-22,C0226,Laptop Pro 14,Electronics,Centre de Flacq,East,2,45000,0.05,31657.19,85500.0,63314.38,22185.62
ORD01992,2024-12-25,C0436,Tablet Air,Electronics,Mahebourg,South,1,18000,0.0,11694.09,18000.0,11694.09,6305.91
ORD01993,2024-12-09,C0273,Laptop Pro 14,Electronics,Black River,West,1,45000,0.0,33267.85,45000.0,33267.85,11732.15
ORD01994,2024-07-05,C0234,Mechanical Keyboard,Accessories,Centre de Flacq,East,1,4200,0.0,2501.66,4200.0,2501.66,1698.34
ORD01995,2025-10-31,C0196,Standing Desk,Furniture,Quatre Bornes,West,2,15000,0.1,8719.8,27000.0,17439.6,9560.4
ORD01996,2024-01-21,C0290,Tablet Air,Electronics,Curepipe,South,2,18000,0.0,12761.04,36000.0,25522.08,10477.92
ORD01997,2024-09-18,C0374,Gaming Mouse,Accessories,Black River,West,1,2200,0.0,1308.4,2200.0,1308.4,891.6
ORD01998,2025-10-02,C0017,Office Chair,Furniture,Port Louis,North,1,8500,0.0,5517.03,8500.0,5517.03,2982.97
ORD01999,2025-11-15,C0123,Standing Desk,Furniture,Centre de Flacq,East,1,15000,0.05,11341.88,14250.0,11341.88,2908.12
ORD02000,2024-02-23,C0189,Standing Desk,Furniture,Curepipe,South,1,15000,0.0,9618.29,15000.0,9618.29,5381.71
ORD02001,2024-10-19,C0394,Gaming Mouse,Accessories,Quatre Bornes,West,4,2200,0.0,1311.36,8800.0,5245.44,3554.56
ORD02002,2024-08-11,C0214,Wireless Headphones,Accessories,Flacq,East,2,6500,0.15,4050.67,11050.0,8101.34,2948.66
ORD02003,2024-11-01,C0095,USB-C Hub,Accessories,Black River,West,1,1800,0.0,1144.55,1800.0,1144.55,655.45
ORD02004,2025-07-09,C0074,Tablet Air,Electronics,Centre de Flacq,East,2,18000,0.15,11797.88,30600.0,23595.76,7004.24
ORD02005,2024-02-18,C0385,Wireless Headphones,Accessories,Flacq,East,1,6500,0.0,3991.35,6500.0,3991.35,2508.65
ORD02006,2024-06-07,C0107,Laptop Pro 14,Electronics,Pamplemousses,North,2,45000,0.05,26060.92,85500.0,52121.84,33378.16
ORD02007,2025-07-28,C0406,Office Chair,Furniture,Mahebourg,South,1,8500,0.0,5100.18,8500.0,5100.18,3399.82
ORD02008,2025-07-26,C0277,USB-C Hub,Accessories,Quatre Bornes,West,1,1800,0.0,1312.5,1800.0,1312.5,487.5
ORD02009,2025-06-16,C0346,Printer,Office,Flacq,East,2,9500,0.1,6036.02,17100.0,12072.04,5027.96
ORD02010,2025-04-20,C0498,Gaming Mouse,Accessories,Quatre Bornes,West,1,2200,0.05,1486.54,2090.0,1486.54,603.46
ORD02011,2025-05-30,C0127,Monitor 27,Electronics,Mahebourg,South,2,12000,0.15,6798.41,20400.0,13596.82,6803.18
ORD02012,2024-07-20,C0498,Standing Desk,Furniture,Pamplemousses,North,1,15000,0.0,10187.77,15000.0,10187.77,4812.23
ORD02013,2024-11-06,C0003,Office Lamp,Office,Centre de Flacq,East,1,1800,0.0,1350.96,1800.0,1350.96,449.04
ORD02014,2024-07-25,C0137,Gaming Mouse,Accessories,Curepipe,South,1,2200,0.1,1284.2,1980.0,1284.2,695.8
ORD02015,2025-01-23,C0368,Monitor 27,Electronics,Black River,West,1,12000,0.05,7499.33,11400.0,7499.33,3900.67
ORD02016,2024-03-16,C0479,USB-C Hub,Accessories,Pamplemousses,North,2,1800,0.0,1337.28,3600.0,2674.56,925.44
ORD02017,2025-10-20,C0044,Mechanical Keyboard,Accessories,Mahebourg,South,2,4200,0.1,2550.06,7560.0,5100.12,2459.88
ORD02018,2025-07-11,C0119,Printer,Office,Mahebourg,South,1,9500,0.05,7151.02,9025.0,7151.02,1873.98
ORD02019,2025-10-29,C0426,Office Lamp,Office,Mahebourg,South,2,1800,0.05,1013.44,3420.0,2026.88,1393.12
ORD02020,2025-01-15,C0361,Office Lamp,Office,Quatre Bornes,West,1,1800,0.05,1099.85,1710.0,1099.85,610.15
ORD02021,2024-02-20,C0021,Standing Desk,Furniture,Mahebourg,South,1,15000,0.0,11180.51,15000.0,11180.51,3819.49
ORD02022,2024-04-17,C0308,Office Chair,Furniture,Port Louis,North,2,8500,0.15,6421.09,14450.0,12842.18,1607.82
ORD02023,2024-04-11,C0302,Gaming Mouse,Accessories,Black River,West,1,2200,0.1,1310.93,1980.0,1310.93,669.07
ORD02024,2024-01-02,C0361,Tablet Air,Electronics,Pamplemousses,North,4,18000,0.1,13814.59,64800.0,55258.36,9541.64
ORD02025,2025-06-17,C0277,Office Lamp,Office,Black River,West,1,1800,0.05,1056.59,1710.0,1056.59,653.41
ORD02026,2024-09-16,C0382,Smartphone X,Electronics,Pamplemousses,North,1,28000,0.0,18257.29,28000.0,18257.29,9742.71
ORD02027,2025-02-12,C0163,Wireless Headphones,Accessories,Port Louis,North,2,6500,0.0,4039.45,13000.0,8078.9,4921.1
ORD02028,2025-12-14,C0490,Tablet Air,Electronics,Mahebourg,South,3,18000,0.1,10543.0,48600.0,31629.0,16971.0
ORD02029,2024-09-16,C0202,Monitor 27,Electronics,Black River,West,4,12000,0.0,9215.52,48000.0,36862.08,11137.92
ORD02030,2025-01-10,C0392,Mechanical Keyboard,Accessories,Pamplemousses,North,4,4200,0.15,2465.47,14280.0,9861.88,4418.12
ORD02031,2024-05-22,C0494,Wireless Headphones,Accessories,Port Louis,North,1,6500,0.0,4055.52,6500.0,4055.52,2444.48
ORD02032,2024-10-01,C0107,Wireless Headphones,Accessories,Black River,West,4,6500,0.05,4870.98,24700.0,19483.92,5216.08
ORD02033,2025-09-13,C0343,Mechanical Keyboard,Accessories,Flacq,East,1,4200,0.0,3164.35,4200.0,3164.35,1035.65
ORD02034,2025-07-20,C0355,Mechanical Keyboard,Accessories,Curepipe,South,1,4200,0.0,2561.54,4200.0,2561.54,1638.46
ORD02035,2025-09-15,C0030,Laptop Pro 14,Electronics,Mahebourg,South,1,45000,0.0,34850.07,45000.0,34850.07,10149.93
ORD02036,2025-01-26,C0174,Laptop Pro 14,Electronics,Pamplemousses,North,1,45000,0.05,34906.75,42750.0,34906.75,7843.25
ORD02037,2024-01-26,C0364,Printer,Office,Black River,West,1,9500,0.0,6036.06,9500.0,6036.06,3463.94
ORD02038,2025-01-01,C0461,Wireless Headphones,Accessories,Curepipe,South,1,6500,0.0,3822.88,6500.0,3822.88,2677.12
ORD02039,2025-10-25,C0028,Gaming Mouse,Accessories,Black River,West,1,2200,0.05,1493.6,2090.0,1493.6,596.4
ORD02040,2024-05-15,C0228,Standing Desk,Furniture,Flacq,East,2,15000,0.0,10127.62,30000.0,20255.24,9744.76
ORD02041,2025-05-23,C0204,Smartphone X,Electronics,Centre de Flacq,East,2,28000,0.1,21482.5,50400.0,42965.0,7435.0
ORD02042,2024-09-06,C0390,Printer,Office,Pamplemousses,North,1,9500,0.0,6881.4,9500.0,6881.4,2618.6
ORD02043,2025-02-10,C0312,Wireless Headphones,Accessories,Pamplemousses,North,1,6500,0.0,4930.58,6500.0,4930.58,1569.42
ORD02044,2024-01-02,C0084,Standing Desk,Furniture,Pamplemousses,North,1,15000,0.0,9728.84,15000.0,9728.84,5271.16
ORD02045,2025-03-12,C0301,USB-C Hub,Accessories,Black River,West,2,1800,0.0,1322.1,3600.0,2644.2,955.8
ORD02046,2024-03-17,C0269,USB-C Hub,Accessories,Pamplemousses,North,1,1800,0.0,1230.86,1800.0,1230.86,569.14
ORD02047,2024-07-19,C0355,Standing Desk,Furniture,Pamplemousses,North,2,15000,0.1,8756.45,27000.0,17512.9,9487.1
ORD02048,2025-07-31,C0152,Laptop Pro 14,Electronics,Quatre Bornes,West,1,45000,0.0,33721.24,45000.0,33721.24,11278.76
ORD02049,2024-05-19,C0225,USB-C Hub,Accessories,Pamplemousses,North,1,1800,0.0,1098.97,1800.0,1098.97,701.03
ORD02050,2025-08-02,C0065,Tablet Air,Electronics,Quatre Bornes,West,2,18000,0.0,13845.61,36000.0,27691.22,8308.78
ORD02051,2024-05-13,C0377,Printer,Office,Mahebourg,South,1,9500,0.05,7288.37,9025.0,7288.37,1736.63
ORD02052,2025-08-21,C0394,Tablet Air,Electronics,Centre de Flacq,East,1,18000,0.0,11351.69,18000.0,11351.69,6648.31
ORD02053,2025-05-12,C0184,Standing Desk,Furniture,Mahebourg,South,1,15000,0.05,10676.66,14250.0,10676.66,3573.34
ORD02054,2024-01-07,C0450,Gaming Mouse,Accessories,Port Louis,North,2,2200,0.0,1669.43,4400.0,3338.86,1061.14
ORD02055,2025-08-26,C0382,Office Chair,Furniture,Centre de Flacq,East,1,8500,0.0,6320.51,8500.0,6320.51,2179.49
ORD02056,2024-06-05,C0038,Tablet Air,Electronics,Flacq,East,1,18000,0.0,11848.04,18000.0,11848.04,6151.96
ORD02057,2024-11-13,C0086,Standing Desk,Furniture,Port Louis,North,1,15000,0.0,11179.52,15000.0,11179.52,3820.48
ORD02058,2024-06-25,C0125,Printer,Office,Black River,West,1,9500,0.0,6092.28,9500.0,6092.28,3407.72
ORD02059,2024-03-05,C0381,Smartphone X,Electronics,Black River,West,1,28000,0.05,17695.17,26600.0,17695.17,8904.83
ORD02060,2025-09-16,C0374,Laptop Pro 14,Electronics,Port Louis,North,1,45000,0.0,30358.35,45000.0,30358.35,14641.65
ORD02061,2025-10-31,C0268,Wireless Headphones,Accessories,Centre de Flacq,East,2,6500,0.0,3858.7,13000.0,7717.4,5282.6
ORD02062,2024-05-17,C0401,Printer,Office,Pamplemousses,North,1,9500,0.05,7059.59,9025.0,7059.59,1965.41
ORD02063,2024-06-04,C0225,USB-C Hub,Accessories,Pamplemousses,North,2,1800,0.0,1150.67,3600.0,2301.34,1298.66
ORD02064,2025-08-02,C0298,Office Lamp,Office,Centre de Flacq,East,1,1800,0.1,1239.72,1620.0,1239.72,380.28
ORD02065,2025-06-25,C0306,Smartphone X,Electronics,Pamplemousses,North,3,28000,0.0,19867.01,84000.0,59601.03,24398.97
ORD02066,2025-08-10,C0261,Tablet Air,Electronics,Quatre Bornes,West,1,18000,0.0,11550.35,18000.0,11550.35,6449.65
ORD02067,2024-05-02,C0215,Laptop Pro 14,Electronics,Curepipe,South,1,45000,0.0,28016.18,45000.0,28016.18,16983.82
ORD02068,2025-01-01,C0479,Office Lamp,Office,Black River,West,2,1800,0.0,1382.37,3600.0,2764.74,835.26
ORD02069,2025-01-06,C0102,Tablet Air,Electronics,Pamplemousses,North,1,18000,0.0,11091.57,18000.0,11091.57,6908.43
ORD02070,2024-04-08,C0216,USB-C Hub,Accessories,Port Louis,North,3,1800,0.1,1059.51,4860.0,3178.53,1681.47
ORD02071,2025-06-27,C0124,USB-C Hub,Accessories,Pamplemousses,North,2,1800,0.1,1238.91,3240.0,2477.82,762.18
ORD02072,2024-09-25,C0148,Printer,Office,Black River,West,1,9500,0.0,6202.33,9500.0,6202.33,3297.67
ORD02073,2024-03-18,C0051,Standing Desk,Furniture,Black River,West,1,15000,0.05,9783.96,14250.0,9783.96,4466.04
ORD02074,2025-01-18,C0120,USB-C Hub,Accessories,Centre de Flacq,East,2,1800,0.1,1147.09,3240.0,2294.18,945.82
ORD02075,2025-08-14,C0112,Monitor 27,Electronics,Mahebourg,South,1,12000,0.05,9035.84,11400.0,9035.84,2364.16
ORD02076,2024-06-23,C0213,Wireless Headphones,Accessories,Pamplemousses,North,1,6500,0.0,3604.95,6500.0,3604.95,2895.05
ORD02077,2024-09-09,C0386,Gaming Mouse,Accessories,Flacq,East,1,2200,0.0,1262.27,2200.0,1262.27,937.73
ORD02078,2024-05-16,C0089,Smartphone X,Electronics,Curepipe,South,1,28000,0.05,17583.34,26600.0,17583.34,9016.66
ORD02079,2025-12-30,C0306,USB-C Hub,Accessories,Mahebourg,South,1,1800,0.0,1112.54,1800.0,1112.54,687.46
ORD02080,2025-03-31,C0122,Tablet Air,Electronics,Port Louis,North,1,18000,0.1,11625.01,16200.0,11625.01,4574.99
ORD02081,2024-03-17,C0230,Monitor 27,Electronics,Quatre Bornes,West,1,12000,0.0,8898.68,12000.0,8898.68,3101.32
ORD02082,2024-06-16,C0352,Office Lamp,Office,Mahebourg,South,1,1800,0.0,1213.54,1800.0,1213.54,586.46
ORD02083,2024-02-18,C0159,Smartphone X,Electronics,Mahebourg,South,1,28000,0.1,19548.91,25200.0,19548.91,5651.09
ORD02084,2024-04-30,C0474,Office Chair,Furniture,Flacq,East,2,8500,0.05,5124.32,16150.0,10248.64,5901.36
ORD02085,2025-03-04,C0230,Wireless Headphones,Accessories,Mahebourg,South,1,6500,0.05,3820.57,6175.0,3820.57,2354.43
ORD02086,2025-05-20,C0274,Office Chair,Furniture,Quatre Bornes,West,2,8500,0.0,4709.34,17000.0,9418.68,7581.32
ORD02087,2024-06-25,C0421,Monitor 27,Electronics,Curepipe,South,2,12000,0.15,8351.09,20400.0,16702.18,3697.82
ORD02088,2024-10-31,C0141,USB-C Hub,Accessories,Pamplemousses,North,1,1800,0.0,1139.28,1800.0,1139.28,660.72
ORD02089,2024-11-03,C0199,Printer,Office,Black River,West,2,9500,0.05,6024.68,18050.0,12049.36,6000.64
ORD02090,2024-06-09,C0425,Tablet Air,Electronics,Black River,West,1,18000,0.05,11435.49,17100.0,11435.49,5664.51
ORD02091,2024-01-12,C0098,Office Lamp,Office,Quatre Bornes,West,1,1800,0.0,1100.35,1800.0,1100.35,699.65
ORD02092,2024-12-02,C0453,Tablet Air,Electronics,Black River,West,2,18000,0.0,10790.07,36000.0,21580.14,14419.86
ORD02093,2024-04-06,C0474,Gaming Mouse,Accessories,Pamplemousses,North,1,2200,0.0,1695.62,2200.0,1695.62,504.38
ORD02094,2025-11-11,C0498,Office Lamp,Office,Quatre Bornes,West,2,1800,0.0,1285.88,3600.0,2571.76,1028.24
ORD02095,2025-01-07,C0232,Smartphone X,Electronics,Black River,West,1,28000,0.05,19007.89,26600.0,19007.89,7592.11
ORD02096,2025-08-23,C0424,Gaming Mouse,Accessories,Black River,West,1,2200,0.0,1406.34,2200.0,1406.34,793.66
ORD02097,2025-02-17,C0446,Tablet Air,Electronics,Quatre Bornes,West,2,18000,0.0,11460.93,36000.0,22921.86,13078.14
ORD02098,2024-02-01,C0044,Gaming Mouse,Accessories,Quatre Bornes,West,2,2200,0.0,1614.67,4400.0,3229.34,1170.66
ORD02099,2024-02-01,C0070,Office Chair,Furniture,Pamplemousses,North,1,8500,0.05,4803.23,8075.0,4803.23,3271.77
ORD02100,2025-09-22,C0382,Wireless Headphones,Accessories,Mahebourg,South,1,6500,0.05,3616.1,6175.0,3616.1,2558.9
ORD02101,2024-08-26,C0217,Standing Desk,Furniture,Quatre Bornes,West,1,15000,0.0,11159.87,15000.0,11159.87,3840.13
ORD02102,2025-11-04,C0280,Printer,Office,Mahebourg,South,1,9500,0.0,5954.44,9500.0,5954.44,3545.56
ORD02103,2024-03-05,C0072,Office Lamp,Office,Port Louis,North,2,1800,0.0,1348.02,3600.0,2696.04,903.96
ORD02104,2025-08-29,C0255,Mechanical Keyboard,Accessories,Pamplemousses,North,1,4200,0.05,3267.8,3990.0,3267.8,722.2
ORD02105,2024-03-03,C0297,Tablet Air,Electronics,Centre de Flacq,East,3,18000,0.0,12638.88,54000.0,37916.64,16083.36
ORD02106,2024-09-01,C0399,Monitor 27,Electronics,Black River,West,1,12000,0.05,8849.03,11400.0,8849.03,2550.97
ORD02107,2024-05-07,C0110,Office Chair,Furniture,Centre de Flacq,East,1,8500,0.0,5939.74,8500.0,5939.74,2560.26
ORD02108,2024-03-06,C0019,Office Lamp,Office,Flacq,East,1,1800,0.05,1194.91,1710.0,1194.91,515.09
ORD02109,2024-03-31,C0019,Office Chair,Furniture,Flacq,East,1,8500,0.0,5587.97,8500.0,5587.97,2912.03
ORD02110,2025-06-21,C0423,Tablet Air,Electronics,Black River,West,4,18000,0.1,12677.69,64800.0,50710.76,14089.24
ORD02111,2024-04-09,C0025,Tablet Air,Electronics,Pamplemousses,North,1,18000,0.0,14003.37,18000.0,14003.37,3996.63
ORD02112,2024-03-29,C0111,Gaming Mouse,Accessories,Mahebourg,South,1,2200,0.0,1399.68,2200.0,1399.68,800.32
ORD02113,2024-10-03,C0257,USB-C Hub,Accessories,Black River,West,1,1800,0.1,1011.81,1620.0,1011.81,608.19
ORD02114,2025-11-27,C0451,Wireless Headphones,Accessories,Port Louis,North,1,6500,0.05,4859.74,6175.0,4859.74,1315.26
ORD02115,2024-02-25,C0485,Smartphone X,Electronics,Pamplemousses,North,2,28000,0.1,15739.1,50400.0,31478.2,18921.8
ORD02116,2024-06-08,C0462,Office Lamp,Office,Flacq,East,1,1800,0.0,1231.84,1800.0,1231.84,568.16
ORD02117,2024-04-26,C0148,Office Chair,Furniture,Flacq,East,1,8500,0.0,5566.25,8500.0,5566.25,2933.75
ORD02118,2024-06-14,C0188,Tablet Air,Electronics,Black River,West,1,18000,0.0,12605.75,18000.0,12605.75,5394.25
ORD02119,2025-09-26,C0349,Tablet Air,Electronics,Centre de Flacq,East,4,18000,0.0,12542.36,72000.0,50169.44,21830.56
ORD02120,2025-05-09,C0297,Smartphone X,Electronics,Mahebourg,South,4,28000,0.0,18009.94,112000.0,72039.76,39960.24
ORD02121,2025-11-11,C0479,Office Chair,Furniture,Port Louis,North,3,8500,0.1,6576.4,22950.0,19729.2,3220.8
ORD02122,2024-07-11,C0051,Mechanical Keyboard,Accessories,Mahebourg,South,1,4200,0.0,2360.41,4200.0,2360.41,1839.59
ORD02123,2024-10-20,C0237,Monitor 27,Electronics,Centre de Flacq,East,3,12000,0.0,8652.09,36000.0,25956.27,10043.73
ORD02124,2024-10-13,C0243,Smartphone X,Electronics,Centre de Flacq,East,1,28000,0.1,17320.78,25200.0,17320.78,7879.22
ORD02125,2024-09-24,C0438,Laptop Pro 14,Electronics,Mahebourg,South,1,45000,0.0,24934.08,45000.0,24934.08,20065.92
ORD02126,2025-02-26,C0456,USB-C Hub,Accessories,Curepipe,South,2,1800,0.05,1177.93,3420.0,2355.86,1064.14
ORD02127,2025-12-30,C0021,Office Lamp,Office,Centre de Flacq,East,4,1800,0.0,1039.84,7200.0,4159.36,3040.64
ORD02128,2025-03-07,C0093,Wireless Headphones,Accessories,Black River,West,1,6500,0.05,3970.72,6175.0,3970.72,2204.28
ORD02129,2024-05-12,C0252,Mechanical Keyboard,Accessories,Flacq,East,1,4200,0.05,2932.05,3990.0,2932.05,1057.95
ORD02130,2025-03-21,C0096,Tablet Air,Electronics,Centre de Flacq,East,1,18000,0.05,11760.86,17100.0,11760.86,5339.14
ORD02131,2024-06-13,C0314,Monitor 27,Electronics,Port Louis,North,1,12000,0.05,8596.47,11400.0,8596.47,2803.53
ORD02132,2024-10-05,C0426,Office Chair,Furniture,Port Louis,North,1,8500,0.05,6019.6,8075.0,6019.6,2055.4
ORD02133,2025-04-02,C0398,USB-C Hub,Accessories,Black River,West,1,1800,0.1,1346.69,1620.0,1346.69,273.31
ORD02134,2024-07-17,C0156,Laptop Pro 14,Electronics,Port Louis,North,2,45000,0.05,26080.45,85500.0,52160.9,33339.1
ORD02135,2025-05-07,C0295,USB-C Hub,Accessories,Port Louis,North,1,1800,0.05,1011.63,1710.0,1011.63,698.37
ORD02136,2024-09-25,C0154,USB-C Hub,Accessories,Quatre Bornes,West,1,1800,0.15,1110.46,1530.0,1110.46,419.54
ORD02137,2025-04-07,C0187,Laptop Pro 14,Electronics,Mahebourg,South,2,45000,0.0,31285.75,90000.0,62571.5,27428.5
ORD02138,2025-11-01,C0197,Gaming Mouse,Accessories,Quatre Bornes,West,1,2200,0.0,1688.68,2200.0,1688.68,511.32
ORD02139,2025-04-20,C0343,Mechanical Keyboard,Accessories,Flacq,East,1,4200,0.0,2850.81,4200.0,2850.81,1349.19
ORD02140,2024-08-01,C0321,Printer,Office,Black River,West,1,9500,0.05,5491.69,9025.0,5491.69,3533.31
ORD02141,2024-02-28,C0058,Printer,Office,Pamplemousses,North,2,9500,0.0,5410.0,19000.0,10820.0,8180.0
ORD02142,2025-11-19,C0165,Mechanical Keyboard,Accessories,Centre de Flacq,East,1,4200,0.0,2712.5,4200.0,2712.5,1487.5
ORD02143,2025-09-29,C0081,Standing Desk,Furniture,Flacq,East,3,15000,0.05,9113.21,42750.0,27339.63,15410.37
ORD02144,2024-06-18,C0418,Printer,Office,Pamplemousses,North,2,9500,0.0,7128.51,19000.0,14257.02,4742.98
ORD02145,2024-11-12,C0428,Laptop Pro 14,Electronics,Curepipe,South,3,45000,0.05,28519.04,128250.0,85557.12,42692.88
ORD02146,2025-12-04,C0257,Printer,Office,Black River,West,1,9500,0.0,5768.84,9500.0,5768.84,3731.16
ORD02147,2024-02-12,C0167,Smartphone X,Electronics,Port Louis,North,1,28000,0.1,16584.62,25200.0,16584.62,8615.38
ORD02148,2024-05-04,C0031,Monitor 27,Electronics,Quatre Bornes,West,1,12000,0.0,7378.71,12000.0,7378.71,4621.29
ORD02149,2025-12-09,C0178,Gaming Mouse,Accessories,Mahebourg,South,2,2200,0.0,1478.76,4400.0,2957.52,1442.48
ORD02150,2024-09-15,C0435,Printer,Office,Quatre Bornes,West,3,9500,0.0,6467.76,28500.0,19403.28,9096.72
ORD02151,2024-09-29,C0432,Mechanical Keyboard,Accessories,Flacq,East,1,4200,0.0,2581.47,4200.0,2581.47,1618.53
ORD02152,2025-09-06,C0266,Monitor 27,Electronics,Port Louis,North,1,12000,0.05,8513.86,11400.0,8513.86,2886.14
ORD02153,2024-08-10,C0114,Monitor 27,Electronics,Pamplemousses,North,2,12000,0.1,8951.91,21600.0,17903.82,3696.18
ORD02154,2024-09-08,C0310,Smartphone X,Electronics,Centre de Flacq,East,2,28000,0.1,15474.88,50400.0,30949.76,19450.24
ORD02155,2024-09-11,C0043,Monitor 27,Electronics,Mahebourg,South,1,12000,0.0,7349.23,12000.0,7349.23,4650.77
ORD02156,2025-11-08,C0287,Tablet Air,Electronics,Pamplemousses,North,1,18000,0.0,13417.98,18000.0,13417.98,4582.02
ORD02157,2024-07-04,C0009,Tablet Air,Electronics,Pamplemousses,North,2,18000,0.0,10626.62,36000.0,21253.24,14746.76
ORD02158,2025-02-23,C0366,Gaming Mouse,Accessories,Black River,West,1,2200,0.0,1458.17,2200.0,1458.17,741.83
ORD02159,2024-08-14,C0081,Wireless Headphones,Accessories,Port Louis,North,1,6500,0.0,4602.96,6500.0,4602.96,1897.04
ORD02160,2024-02-15,C0121,Office Chair,Furniture,Mahebourg,South,3,8500,0.1,5581.24,22950.0,16743.72,6206.28
ORD02161,2024-01-03,C0197,Laptop Pro 14,Electronics,Port Louis,North,1,45000,0.0,32277.19,45000.0,32277.19,12722.81
ORD02162,2024-02-27,C0330,Tablet Air,Electronics,Pamplemousses,North,1,18000,0.0,12315.34,18000.0,12315.34,5684.66
ORD02163,2024-04-30,C0318,Monitor 27,Electronics,Port Louis,North,2,12000,0.0,9017.44,24000.0,18034.88,5965.12
ORD02164,2025-03-02,C0221,Standing Desk,Furniture,Quatre Bornes,West,2,15000,0.0,9392.97,30000.0,18785.94,11214.06
ORD02165,2025-05-20,C0246,Printer,Office,Pamplemousses,North,1,9500,0.05,6356.48,9025.0,6356.48,2668.52
ORD02166,2024-02-07,C0424,Gaming Mouse,Accessories,Curepipe,South,1,2200,0.1,1343.57,1980.0,1343.57,636.43
ORD02167,2024-08-01,C0362,Office Lamp,Office,Curepipe,South,1,1800,0.05,1315.4,1710.0,1315.4,394.6
ORD02168,2025-11-24,C0221,Mechanical Keyboard,Accessories,Port Louis,North,1,4200,0.0,2735.17,4200.0,2735.17,1464.83
ORD02169,2025-01-03,C0112,Wireless Headphones,Accessories,Flacq,East,1,6500,0.05,4467.12,6175.0,4467.12,1707.88
ORD02170,2025-12-04,C0221,Office Lamp,Office,Curepipe,South,1,1800,0.0,1288.24,1800.0,1288.24,511.76
ORD02171,2025-01-14,C0065,Smartphone X,Electronics,Curepipe,South,1,28000,0.05,15708.64,26600.0,15708.64,10891.36
ORD02172,2024-07-08,C0422,Office Chair,Furniture,Flacq,East,1,8500,0.0,5700.77,8500.0,5700.77,2799.23
ORD02173,2025-01-22,C0418,Gaming Mouse,Accessories,Curepipe,South,3,2200,0.0,1262.5,6600.0,3787.5,2812.5
ORD02174,2025-09-16,C0108,USB-C Hub,Accessories,Flacq,East,1,1800,0.15,1294.29,1530.0,1294.29,235.71
ORD02175,2024-10-10,C0169,USB-C Hub,Accessories,Centre de Flacq,East,2,1800,0.0,1278.33,3600.0,2556.66,1043.34
ORD02176,2024-04-12,C0077,Printer,Office,Black River,West,1,9500,0.0,7229.13,9500.0,7229.13,2270.87
ORD02177,2025-07-24,C0141,Printer,Office,Pamplemousses,North,1,9500,0.05,6848.13,9025.0,6848.13,2176.87
ORD02178,2025-08-05,C0060,Wireless Headphones,Accessories,Curepipe,South,2,6500,0.15,4701.32,11050.0,9402.64,1647.36
ORD02179,2025-06-28,C0085,Standing Desk,Furniture,Quatre Bornes,West,2,15000,0.0,9636.62,30000.0,19273.24,10726.76
ORD02180,2025-08-23,C0012,Printer,Office,Curepipe,South,1,9500,0.1,5301.44,8550.0,5301.44,3248.56
ORD02181,2024-06-08,C0419,Tablet Air,Electronics,Centre de Flacq,East,2,18000,0.05,10011.72,34200.0,20023.44,14176.56
ORD02182,2025-01-13,C0367,Wireless Headphones,Accessories,Curepipe,South,2,6500,0.05,4165.33,12350.0,8330.66,4019.34
ORD02183,2025-04-25,C0031,USB-C Hub,Accessories,Pamplemousses,North,1,1800,0.0,1336.55,1800.0,1336.55,463.45
ORD02184,2024-05-14,C0092,Standing Desk,Furniture,Port Louis,North,1,15000,0.0,8517.33,15000.0,8517.33,6482.67
ORD02185,2025-02-02,C0010,Tablet Air,Electronics,Curepipe,South,1,18000,0.1,11961.46,16200.0,11961.46,4238.54
ORD02186,2024-09-20,C0378,USB-C Hub,Accessories,Black River,West,1,1800,0.05,1191.59,1710.0,1191.59,518.41
ORD02187,2024-04-06,C0149,Office Chair,Furniture,Black River,West,1,8500,0.0,6594.05,8500.0,6594.05,1905.95
ORD02188,2024-04-20,C0011,Mechanical Keyboard,Accessories,Flacq,East,1,4200,0.0,2864.22,4200.0,2864.22,1335.78
ORD02189,2025-08-05,C0243,Smartphone X,Electronics,Black River,West,2,28000,0.0,17658.52,56000.0,35317.04,20682.96
ORD02190,2025-11-08,C0161,USB-C Hub,Accessories,Flacq,East,2,1800,0.0,1016.65,3600.0,2033.3,1566.7
ORD02191,2025-03-28,C0325,USB-C Hub,Accessories,Black River,West,1,1800,0.0,1235.89,1800.0,1235.89,564.11
ORD02192,2024-10-28,C0379,Laptop Pro 14,Electronics,Curepipe,South,1,45000,0.0,31237.93,45000.0,31237.93,13762.07
ORD02193,2024-03-13,C0446,Wireless Headphones,Accessories,Port Louis,North,1,6500,0.0,4937.35,6500.0,4937.35,1562.65
ORD02194,2024-05-15,C0015,Laptop Pro 14,Electronics,Pamplemousses,North,1,45000,0.0,33518.62,45000.0,33518.62,11481.38
ORD02195,2024-05-05,C0467,Smartphone X,Electronics,Centre de Flacq,East,2,28000,0.0,21140.25,56000.0,42280.5,13719.5
ORD02196,2025-09-19,C0449,Printer,Office,Curepipe,South,1,9500,0.0,6198.97,9500.0,6198.97,3301.03
ORD02197,2025-11-24,C0209,Office Lamp,Office,Curepipe,South,2,1800,0.05,990.1,3420.0,1980.2,1439.8
ORD02198,2025-09-14,C0065,Tablet Air,Electronics,Curepipe,South,1,18000,0.05,11730.13,17100.0,11730.13,5369.87
ORD02199,2024-01-24,C0068,USB-C Hub,Accessories,Port Louis,North,1,1800,0.0,1299.57,1800.0,1299.57,500.43
ORD02200,2025-02-04,C0424,Office Lamp,Office,Port Louis,North,2,1800,0.05,1121.13,3420.0,2242.26,1177.74
ORD02201,2025-05-06,C0386,Office Lamp,Office,Curepipe,South,2,1800,0.15,1170.07,3060.0,2340.14,719.86
ORD02202,2025-08-12,C0343,Wireless Headphones,Accessories,Mahebourg,South,1,6500,0.0,4658.83,6500.0,4658.83,1841.17
ORD02203,2025-01-21,C0182,Gaming Mouse,Accessories,Flacq,East,2,2200,0.05,1304.58,4180.0,2609.16,1570.84
ORD02204,2024-06-14,C0033,Mechanical Keyboard,Accessories,Port Louis,North,1,4200,0.0,2479.45,4200.0,2479.45,1720.55
ORD02205,2024-10-25,C0487,Gaming Mouse,Accessories,Port Louis,North,1,2200,0.0,1705.57,2200.0,1705.57,494.43
ORD02206,2025-12-30,C0206,Gaming Mouse,Accessories,Curepipe,South,1,2200,0.05,1473.68,2090.0,1473.68,616.32
ORD02207,2025-08-12,C0038,USB-C Hub,Accessories,Pamplemousses,North,1,1800,0.0,1052.71,1800.0,1052.71,747.29
ORD02208,2024-08-15,C0294,Smartphone X,Electronics,Black River,West,1,28000,0.0,18685.86,28000.0,18685.86,9314.14
ORD02209,2025-05-24,C0211,Gaming Mouse,Accessories,Flacq,East,4,2200,0.0,1678.83,8800.0,6715.32,2084.68
ORD02210,2024-06-27,C0499,Office Chair,Furniture,Curepipe,South,2,8500,0.1,6396.54,15300.0,12793.08,2506.92
ORD02211,2024-12-19,C0145,Laptop Pro 14,Electronics,Quatre Bornes,West,1,45000,0.0,32125.46,45000.0,32125.46,12874.54
ORD02212,2025-10-19,C0069,Laptop Pro 14,Electronics,Curepipe,South,1,45000,0.1,26513.98,40500.0,26513.98,13986.02
ORD02213,2024-02-25,C0144,Office Chair,Furniture,Black River,West,2,8500,0.15,5097.92,14450.0,10195.84,4254.16
ORD02214,2024-03-17,C0040,Standing Desk,Furniture,Curepipe,South,1,15000,0.15,10327.75,12750.0,10327.75,2422.25
ORD02215,2024-08-17,C0365,Office Chair,Furniture,Mahebourg,South,1,8500,0.0,6570.51,8500.0,6570.51,1929.49
ORD02216,2024-10-02,C0483,Office Chair,Furniture,Flacq,East,1,8500,0.0,6265.09,8500.0,6265.09,2234.91
ORD02217,2024-12-20,C0017,Laptop Pro 14,Electronics,Centre de Flacq,East,2,45000,0.05,29596.14,85500.0,59192.28,26307.72
ORD02218,2024-05-19,C0179,USB-C Hub,Accessories,Quatre Bornes,West,1,1800,0.0,1100.31,1800.0,1100.31,699.69
ORD02219,2025-09-28,C0147,Office Chair,Furniture,Centre de Flacq,East,3,8500,0.0,6397.85,25500.0,19193.55,6306.45
ORD02220,2024-04-20,C0465,Tablet Air,Electronics,Pamplemousses,North,1,18000,0.0,11922.47,18000.0,11922.47,6077.53
ORD02221,2024-03-01,C0195,Office Chair,Furniture,Quatre Bornes,West,1,8500,0.0,5729.59,8500.0,5729.59,2770.41
ORD02222,2025-06-29,C0155,Mechanical Keyboard,Accessories,Port Louis,North,1,4200,0.0,2990.93,4200.0,2990.93,1209.07
ORD02223,2024-06-13,C0040,Monitor 27,Electronics,Quatre Bornes,West,4,12000,0.1,7350.41,43200.0,29401.64,13798.36
ORD02224,2025-05-07,C0199,Office Lamp,Office,Mahebourg,South,2,1800,0.0,1304.09,3600.0,2608.18,991.82
ORD02225,2024-07-14,C0058,Office Chair,Furniture,Port Louis,North,1,8500,0.0,6416.03,8500.0,6416.03,2083.97
ORD02226,2025-04-21,C0376,Standing Desk,Furniture,Quatre Bornes,West,1,15000,0.05,9207.51,14250.0,9207.51,5042.49
ORD02227,2025-02-12,C0251,Printer,Office,Curepipe,South,1,9500,0.05,5717.26,9025.0,5717.26,3307.74
ORD02228,2024-01-07,C0381,Laptop Pro 14,Electronics,Port Louis,North,1,45000,0.0,29121.34,45000.0,29121.34,15878.66
ORD02229,2024-01-01,C0465,Printer,Office,Port Louis,North,1,9500,0.05,5765.35,9025.0,5765.35,3259.65
ORD02230,2025-05-14,C0335,Monitor 27,Electronics,Flacq,East,2,12000,0.0,8502.58,24000.0,17005.16,6994.84
ORD02231,2025-04-09,C0343,Office Lamp,Office,Quatre Bornes,West,2,1800,0.0,1087.67,3600.0,2175.34,1424.66
ORD02232,2025-02-13,C0050,Tablet Air,Electronics,Pamplemousses,North,1,18000,0.0,12780.39,18000.0,12780.39,5219.61
ORD02233,2024-11-09,C0269,Mechanical Keyboard,Accessories,Port Louis,North,1,4200,0.0,2729.22,4200.0,2729.22,1470.78
ORD02234,2024-03-20,C0485,Mechanical Keyboard,Accessories,Pamplemousses,North,1,4200,0.0,2528.85,4200.0,2528.85,1671.15
ORD02235,2025-08-07,C0116,Standing Desk,Furniture,Centre de Flacq,East,1,15000,0.05,11474.09,14250.0,11474.09,2775.91
ORD02236,2024-03-14,C0499,Wireless Headphones,Accessories,Port Louis,North,1,6500,0.05,4445.64,6175.0,4445.64,1729.36
ORD02237,2024-08-09,C0498,Standing Desk,Furniture,Black River,West,1,15000,0.05,10109.42,14250.0,10109.42,4140.58
ORD02238,2024-03-25,C0038,Monitor 27,Electronics,Flacq,East,2,12000,0.1,8767.76,21600.0,17535.52,4064.48
ORD02239,2024-04-25,C0228,Wireless Headphones,Accessories,Mahebourg,South,4,6500,0.1,4636.2,23400.0,18544.8,4855.2
ORD02240,2024-03-28,C0018,Smartphone X,Electronics,Centre de Flacq,East,1,28000,0.1,19884.47,25200.0,19884.47,5315.53
ORD02241,2024-03-11,C0306,Printer,Office,Black River,West,1,9500,0.1,5791.75,8550.0,5791.75,2758.25
ORD02242,2024-07-22,C0036,Tablet Air,Electronics,Black River,West,3,18000,0.05,12630.73,51300.0,37892.19,13407.81
ORD02243,2024-02-16,C0421,Tablet Air,Electronics,Mahebourg,South,2,18000,0.0,13837.05,36000.0,27674.1,8325.9
ORD02244,2024-04-05,C0179,Office Chair,Furniture,Port Louis,North,2,8500,0.0,4861.63,17000.0,9723.26,7276.74
ORD02245,2025-03-18,C0495,Mechanical Keyboard,Accessories,Curepipe,South,3,4200,0.05,2598.01,11970.0,7794.03,4175.97
ORD02246,2024-12-09,C0296,Printer,Office,Flacq,East,3,9500,0.0,6832.33,28500.0,20496.99,8003.01
ORD02247,2024-11-02,C0108,Office Chair,Furniture,Black River,West,1,8500,0.05,4883.4,8075.0,4883.4,3191.6
ORD02248,2025-02-11,C0465,Office Chair,Furniture,Centre de Flacq,East,1,8500,0.0,5515.29,8500.0,5515.29,2984.71
ORD02249,2024-09-14,C0028,Printer,Office,Black River,West,1,9500,0.0,6563.68,9500.0,6563.68,2936.32
ORD02250,2024-08-25,C0051,Office Lamp,Office,Mahebourg,South,1,1800,0.05,1173.53,1710.0,1173.53,536.47
ORD02251,2024-04-21,C0494,Gaming Mouse,Accessories,Centre de Flacq,East,3,2200,0.0,1691.25,6600.0,5073.75,1526.25
ORD02252,2025-06-10,C0307,USB-C Hub,Accessories,Centre de Flacq,East,1,1800,0.05,1282.66,1710.0,1282.66,427.34
ORD02253,2025-11-08,C0371,Standing Desk,Furniture,Curepipe,South,4,15000,0.1,8322.73,54000.0,33290.92,20709.08
ORD02254,2024-07-24,C0153,Printer,Office,Black River,West,2,9500,0.0,6656.68,19000.0,13313.36,5686.64
ORD02255,2025-12-08,C0357,Wireless Headphones,Accessories,Curepipe,South,1,6500,0.1,4096.3,5850.0,4096.3,1753.7
ORD02256,2024-11-18,C0405,Standing Desk,Furniture,Black River,West,1,15000,0.15,11309.21,12750.0,11309.21,1440.79
ORD02257,2024-03-05,C0366,Office Lamp,Office,Curepipe,South,1,1800,0.0,1037.33,1800.0,1037.33,762.67
ORD02258,2024-03-22,C0475,Standing Desk,Furniture,Black River,West,2,15000,0.0,8388.4,30000.0,16776.8,13223.2
ORD02259,2025-12-25,C0419,Gaming Mouse,Accessories,Quatre Bornes,West,1,2200,0.0,1659.88,2200.0,1659.88,540.12
ORD02260,2025-04-16,C0271,Office Lamp,Office,Pamplemousses,North,1,1800,0.0,1368.73,1800.0,1368.73,431.27
ORD02261,2025-02-24,C0180,Gaming Mouse,Accessories,Pamplemousses,North,1,2200,0.05,1216.88,2090.0,1216.88,873.12
ORD02262,2025-06-18,C0040,Monitor 27,Electronics,Port Louis,North,1,12000,0.1,7178.88,10800.0,7178.88,3621.12
ORD02263,2025-08-19,C0261,Mechanical Keyboard,Accessories,Black River,West,1,4200,0.0,3001.34,4200.0,3001.34,1198.66
ORD02264,2025-02-13,C0479,Office Chair,Furniture,Black River,West,1,8500,0.0,4782.62,8500.0,4782.62,3717.38
ORD02265,2024-01-08,C0177,Office Chair,Furniture,Quatre Bornes,West,1,8500,0.15,5305.48,7225.0,5305.48,1919.52
ORD02266,2024-01-11,C0331,Smartphone X,Electronics,Pamplemousses,North,1,28000,0.1,16822.11,25200.0,16822.11,8377.89
ORD02267,2024-11-18,C0044,Wireless Headphones,Accessories,Black River,West,1,6500,0.05,4037.27,6175.0,4037.27,2137.73
ORD02268,2025-04-14,C0267,Mechanical Keyboard,Accessories,Curepipe,South,1,4200,0.05,2759.77,3990.0,2759.77,1230.23
ORD02269,2025-10-12,C0331,Office Chair,Furniture,Flacq,East,1,8500,0.05,6186.13,8075.0,6186.13,1888.87
ORD02270,2024-07-23,C0135,Gaming Mouse,Accessories,Flacq,East,1,2200,0.1,1540.78,1980.0,1540.78,439.22
ORD02271,2025-10-15,C0443,Mechanical Keyboard,Accessories,Curepipe,South,1,4200,0.0,2966.56,4200.0,2966.56,1233.44
ORD02272,2025-08-04,C0460,Wireless Headphones,Accessories,Port Louis,North,3,6500,0.15,4555.94,16575.0,13667.82,2907.18
ORD02273,2024-09-22,C0152,Mechanical Keyboard,Accessories,Centre de Flacq,East,1,4200,0.0,2698.06,4200.0,2698.06,1501.94
ORD02274,2024-07-31,C0396,USB-C Hub,Accessories,Quatre Bornes,West,2,1800,0.0,1051.72,3600.0,2103.44,1496.56
ORD02275,2025-08-05,C0413,Mechanical Keyboard,Accessories,Port Louis,North,1,4200,0.05,3163.74,3990.0,3163.74,826.26
ORD02276,2025-04-20,C0274,Standing Desk,Furniture,Curepipe,South,1,15000,0.0,8700.52,15000.0,8700.52,6299.48
ORD02277,2024-05-18,C0313,Mechanical Keyboard,Accessories,Flacq,East,2,4200,0.0,2718.67,8400.0,5437.34,2962.66
ORD02278,2024-05-13,C0099,Printer,Office,Pamplemousses,North,4,9500,0.1,6439.21,34200.0,25756.84,8443.16
ORD02279,2024-07-25,C0099,Printer,Office,Black River,West,4,9500,0.0,7390.15,38000.0,29560.6,8439.4
ORD02280,2024-08-12,C0048,Monitor 27,Electronics,Pamplemousses,North,1,12000,0.05,8954.07,11400.0,8954.07,2445.93
ORD02281,2024-10-05,C0098,Office Chair,Furniture,Flacq,East,2,8500,0.0,6319.76,17000.0,12639.52,4360.48
ORD02282,2024-09-24,C0328,Wireless Headphones,Accessories,Centre de Flacq,East,2,6500,0.0,4144.82,13000.0,8289.64,4710.36
ORD02283,2025-04-08,C0317,Tablet Air,Electronics,Curepipe,South,1,18000,0.0,13579.37,18000.0,13579.37,4420.63
ORD02284,2025-02-20,C0294,Monitor 27,Electronics,Port Louis,North,1,12000,0.05,7466.85,11400.0,7466.85,3933.15
ORD02285,2025-12-19,C0242,Gaming Mouse,Accessories,Port Louis,North,1,2200,0.0,1348.24,2200.0,1348.24,851.76
ORD02286,2024-12-31,C0112,Laptop Pro 14,Electronics,Centre de Flacq,East,1,45000,0.05,32594.66,42750.0,32594.66,10155.34
ORD02287,2024-08-01,C0159,Gaming Mouse,Accessories,Black River,West,2,2200,0.05,1626.12,4180.0,3252.24,927.76
ORD02288,2025-01-23,C0293,Monitor 27,Electronics,Port Louis,North,1,12000,0.05,7913.19,11400.0,7913.19,3486.81
ORD02289,2024-11-29,C0227,Office Lamp,Office,Centre de Flacq,East,1,1800,0.0,1115.17,1800.0,1115.17,684.83
ORD02290,2024-02-13,C0356,Mechanical Keyboard,Accessories,Port Louis,North,1,4200,0.0,2505.73,4200.0,2505.73,1694.27
ORD02291,2024-03-23,C0490,USB-C Hub,Accessories,Mahebourg,South,2,1800,0.0,1317.78,3600.0,2635.56,964.44
ORD02292,2025-04-08,C0203,Smartphone X,Electronics,Port Louis,North,2,28000,0.0,18004.85,56000.0,36009.7,19990.3
ORD02293,2024-03-15,C0440,Office Chair,Furniture,Pamplemousses,North,1,8500,0.0,5995.85,8500.0,5995.85,2504.15
ORD02294,2025-11-21,C0078,Office Chair,Furniture,Pamplemousses,North,2,8500,0.1,5896.48,15300.0,11792.96,3507.04
ORD02295,2024-07-07,C0142,Smartphone X,Electronics,Port Louis,North,3,28000,0.0,19089.39,84000.0,57268.17,26731.83
ORD02296,2025-08-07,C0410,Laptop Pro 14,Electronics,Flacq,East,1,45000,0.0,29631.61,45000.0,29631.61,15368.39
ORD02297,2024-10-26,C0162,Printer,Office,Pamplemousses,North,1,9500,0.05,5896.44,9025.0,5896.44,3128.56
ORD02298,2024-10-28,C0048,Printer,Office,Curepipe,South,1,9500,0.0,6565.48,9500.0,6565.48,2934.52
ORD02299,2024-09-06,C0023,Gaming Mouse,Accessories,Curepipe,South,1,2200,0.05,1287.34,2090.0,1287.34,802.66
ORD02300,2025-08-28,C0110,Gaming Mouse,Accessories,Centre de Flacq,East,1,2200,0.05,1483.97,2090.0,1483.97,606.03
ORD02301,2025-08-03,C0237,Mechanical Keyboard,Accessories,Port Louis,North,2,4200,0.0,3170.75,8400.0,6341.5,2058.5
ORD02302,2024-10-03,C0275,Office Lamp,Office,Black River,West,2,1800,0.1,1363.43,3240.0,2726.86,513.14
ORD02303,2025-07-29,C0399,Monitor 27,Electronics,Quatre Bornes,West,1,12000,0.0,8082.69,12000.0,8082.69,3917.31
ORD02304,2024-11-21,C0441,USB-C Hub,Accessories,Port Louis,North,2,1800,0.0,1226.25,3600.0,2452.5,1147.5
ORD02305,2024-05-05,C0496,Mechanical Keyboard,Accessories,Pamplemousses,North,3,4200,0.0,2753.13,12600.0,8259.39,4340.61
ORD02306,2025-08-29,C0199,Wireless Headphones,Accessories,Pamplemousses,North,2,6500,0.1,4280.76,11700.0,8561.52,3138.48
ORD02307,2025-12-29,C0466,Smartphone X,Electronics,Centre de Flacq,East,1,28000,0.0,20931.4,28000.0,20931.4,7068.6
ORD02308,2025-01-05,C0461,Standing Desk,Furniture,Flacq,East,1,15000,0.0,11503.2,15000.0,11503.2,3496.8
ORD02309,2024-05-17,C0308,Gaming Mouse,Accessories,Curepipe,South,1,2200,0.0,1571.51,2200.0,1571.51,628.49
ORD02310,2024-10-05,C0442,Wireless Headphones,Accessories,Port Louis,North,1,6500,0.15,4158.56,5525.0,4158.56,1366.44
ORD02311,2024-03-27,C0472,Mechanical Keyboard,Accessories,Port Louis,North,1,4200,0.05,2857.49,3990.0,2857.49,1132.51
ORD02312,2024-11-28,C0118,Gaming Mouse,Accessories,Port Louis,North,1,2200,0.0,1551.95,2200.0,1551.95,648.05
ORD02313,2024-09-26,C0424,Smartphone X,Electronics,Port Louis,North,4,28000,0.0,21233.32,112000.0,84933.28,27066.72
ORD02314,2025-07-15,C0438,Wireless Headphones,Accessories,Pamplemousses,North,1,6500,0.0,4035.38,6500.0,4035.38,2464.62
ORD02315,2025-07-14,C0069,USB-C Hub,Accessories,Mahebourg,South,1,1800,0.05,1250.9,1710.0,1250.9,459.1
ORD02316,2024-06-25,C0414,Office Chair,Furniture,Curepipe,South,1,8500,0.0,6062.66,8500.0,6062.66,2437.34
ORD02317,2025-08-09,C0368,Printer,Office,Quatre Bornes,West,1,9500,0.1,6679.24,8550.0,6679.24,1870.76
ORD02318,2024-02-21,C0195,Smartphone X,Electronics,Port Louis,North,2,28000,0.1,17432.13,50400.0,34864.26,15535.74
ORD02319,2025-03-18,C0022,Monitor 27,Electronics,Curepipe,South,2,12000,0.05,7141.34,22800.0,14282.68,8517.32
ORD02320,2025-01-05,C0163,Gaming Mouse,Accessories,Quatre Bornes,West,2,2200,0.05,1636.23,4180.0,3272.46,907.54
ORD02321,2025-11-10,C0242,Gaming Mouse,Accessories,Centre de Flacq,East,2,2200,0.05,1231.68,4180.0,2463.36,1716.64
ORD02322,2025-08-05,C0028,Office Lamp,Office,Curepipe,South,1,1800,0.0,1093.64,1800.0,1093.64,706.36
ORD02323,2025-02-20,C0097,Wireless Headphones,Accessories,Port Louis,North,1,6500,0.0,4670.14,6500.0,4670.14,1829.86
ORD02324,2024-04-29,C0346,Wireless Headphones,Accessories,Curepipe,South,1,6500,0.1,4313.51,5850.0,4313.51,1536.49
ORD02325,2024-08-07,C0440,Tablet Air,Electronics,Black River,West,1,18000,0.0,12237.33,18000.0,12237.33,5762.67
ORD02326,2024-12-17,C0358,Office Lamp,Office,Pamplemousses,North,1,1800,0.0,993.2,1800.0,993.2,806.8
ORD02327,2025-01-30,C0034,Mechanical Keyboard,Accessories,Port Louis,North,1,4200,0.0,3001.16,4200.0,3001.16,1198.84
ORD02328,2024-02-03,C0335,Mechanical Keyboard,Accessories,Mahebourg,South,1,4200,0.0,2558.81,4200.0,2558.81,1641.19
ORD02329,2025-08-05,C0320,Office Chair,Furniture,Flacq,East,1,8500,0.0,6201.41,8500.0,6201.41,2298.59
ORD02330,2024-07-30,C0008,Office Lamp,Office,Flacq,East,2,1800,0.1,1371.31,3240.0,2742.62,497.38
ORD02331,2025-08-12,C0470,USB-C Hub,Accessories,Flacq,East,1,1800,0.0,1169.14,1800.0,1169.14,630.86
ORD02332,2025-10-30,C0356,Smartphone X,Electronics,Mahebourg,South,3,28000,0.05,21277.53,79800.0,63832.59,15967.41
ORD02333,2024-10-03,C0112,Office Lamp,Office,Centre de Flacq,East,1,1800,0.0,1384.2,1800.0,1384.2,415.8
ORD02334,2024-08-26,C0205,Laptop Pro 14,Electronics,Centre de Flacq,East,1,45000,0.0,29429.17,45000.0,29429.17,15570.83
ORD02335,2025-05-06,C0024,Wireless Headphones,Accessories,Flacq,East,2,6500,0.0,4459.06,13000.0,8918.12,4081.88
ORD02336,2024-04-20,C0440,Mechanical Keyboard,Accessories,Quatre Bornes,West,1,4200,0.0,2796.1,4200.0,2796.1,1403.9
ORD02337,2024-12-04,C0427,Gaming Mouse,Accessories,Port Louis,North,2,2200,0.0,1378.11,4400.0,2756.22,1643.78
ORD02338,2024-05-01,C0218,Office Chair,Furniture,Flacq,East,1,8500,0.0,4993.37,8500.0,4993.37,3506.63
ORD02339,2024-12-19,C0086,Gaming Mouse,Accessories,Centre de Flacq,East,1,2200,0.0,1378.16,2200.0,1378.16,821.84
ORD02340,2024-01-21,C0203,Printer,Office,Mahebourg,South,1,9500,0.1,5596.67,8550.0,5596.67,2953.33
ORD02341,2024-08-16,C0097,Laptop Pro 14,Electronics,Black River,West,1,45000,0.0,30431.89,45000.0,30431.89,14568.11
ORD02342,2024-02-15,C0482,Printer,Office,Curepipe,South,1,9500,0.0,6965.21,9500.0,6965.21,2534.79
ORD02343,2025-05-25,C0067,Wireless Headphones,Accessories,Curepipe,South,1,6500,0.0,3902.9,6500.0,3902.9,2597.1
ORD02344,2025-12-23,C0198,Gaming Mouse,Accessories,Flacq,East,2,2200,0.05,1711.26,4180.0,3422.52,757.48
ORD02345,2025-01-14,C0161,Laptop Pro 14,Electronics,Pamplemousses,North,2,45000,0.1,31323.29,81000.0,62646.58,18353.42
ORD02346,2024-02-10,C0193,Laptop Pro 14,Electronics,Centre de Flacq,East,3,45000,0.0,30369.93,135000.0,91109.79,43890.21
ORD02347,2024-08-26,C0355,USB-C Hub,Accessories,Pamplemousses,North,1,1800,0.05,1382.27,1710.0,1382.27,327.73
ORD02348,2025-12-31,C0161,Laptop Pro 14,Electronics,Quatre Bornes,West,2,45000,0.0,29633.57,90000.0,59267.14,30732.86
ORD02349,2024-08-20,C0086,Office Chair,Furniture,Mahebourg,South,1,8500,0.0,5929.5,8500.0,5929.5,2570.5
ORD02350,2024-10-17,C0055,Smartphone X,Electronics,Flacq,East,1,28000,0.0,18592.06,28000.0,18592.06,9407.94
ORD02351,2024-09-08,C0067,Tablet Air,Electronics,Pamplemousses,North,1,18000,0.05,10479.76,17100.0,10479.76,6620.24
ORD02352,2024-07-17,C0469,USB-C Hub,Accessories,Port Louis,North,1,1800,0.0,1028.12,1800.0,1028.12,771.88
ORD02353,2025-08-26,C0196,Laptop Pro 14,Electronics,Pamplemousses,North,1,45000,0.0,34532.42,45000.0,34532.42,10467.58
ORD02354,2025-08-21,C0146,Office Chair,Furniture,Pamplemousses,North,1,8500,0.0,5027.48,8500.0,5027.48,3472.52
ORD02355,2024-01-16,C0340,Monitor 27,Electronics,Port Louis,North,1,12000,0.0,6928.87,12000.0,6928.87,5071.13
ORD02356,2025-05-24,C0056,Wireless Headphones,Accessories,Pamplemousses,North,1,6500,0.05,4087.4,6175.0,4087.4,2087.6
ORD02357,2024-02-04,C0133,Gaming Mouse,Accessories,Pamplemousses,North,1,2200,0.0,1363.56,2200.0,1363.56,836.44
ORD02358,2025-07-29,C0023,Printer,Office,Black River,West,4,9500,0.0,5581.42,38000.0,22325.68,15674.32
ORD02359,2025-10-14,C0139,Smartphone X,Electronics,Port Louis,North,1,28000,0.0,18994.43,28000.0,18994.43,9005.57
ORD02360,2025-02-25,C0054,Tablet Air,Electronics,Port Louis,North,1,18000,0.0,13715.43,18000.0,13715.43,4284.57
ORD02361,2025-08-27,C0203,Gaming Mouse,Accessories,Black River,West,1,2200,0.0,1416.66,2200.0,1416.66,783.34
ORD02362,2025-12-08,C0161,Laptop Pro 14,Electronics,Mahebourg,South,1,45000,0.15,26893.62,38250.0,26893.62,11356.38
ORD02363,2024-07-18,C0071,Standing Desk,Furniture,Flacq,East,2,15000,0.15,9499.75,25500.0,18999.5,6500.5
ORD02364,2025-08-11,C0364,Printer,Office,Flacq,East,1,9500,0.1,6777.81,8550.0,6777.81,1772.19
ORD02365,2024-08-26,C0146,Printer,Office,Flacq,East,2,9500,0.0,5301.88,19000.0,10603.76,8396.24
ORD02366,2024-10-08,C0460,Monitor 27,Electronics,Pamplemousses,North,2,12000,0.15,7182.28,20400.0,14364.56,6035.44
ORD02367,2024-10-23,C0159,Laptop Pro 14,Electronics,Flacq,East,1,45000,0.0,28201.28,45000.0,28201.28,16798.72
ORD02368,2024-05-15,C0499,Smartphone X,Electronics,Centre de Flacq,East,1,28000,0.0,20236.59,28000.0,20236.59,7763.41
ORD02369,2024-11-19,C0039,Mechanical Keyboard,Accessories,Quatre Bornes,West,1,4200,0.15,2776.07,3570.0,2776.07,793.93
ORD02370,2025-10-01,C0292,USB-C Hub,Accessories,Quatre Bornes,West,1,1800,0.0,1206.81,1800.0,1206.81,593.19
ORD02371,2024-08-11,C0066,Office Lamp,Office,Port Louis,North,2,1800,0.0,994.37,3600.0,1988.74,1611.26
ORD02372,2025-08-14,C0382,Smartphone X,Electronics,Curepipe,South,1,28000,0.05,21705.75,26600.0,21705.75,4894.25
ORD02373,2024-05-03,C0036,Monitor 27,Electronics,Pamplemousses,North,1,12000,0.1,9119.49,10800.0,9119.49,1680.51
ORD02374,2025-08-21,C0443,Mechanical Keyboard,Accessories,Mahebourg,South,1,4200,0.0,2495.45,4200.0,2495.45,1704.55
ORD02375,2024-06-12,C0221,Office Chair,Furniture,Curepipe,South,2,8500,0.0,4848.05,17000.0,9696.1,7303.9
ORD02376,2025-10-12,C0394,Laptop Pro 14,Electronics,Curepipe,South,1,45000,0.0,30333.06,45000.0,30333.06,14666.94
ORD02377,2024-01-31,C0009,USB-C Hub,Accessories,Pamplemousses,North,2,1800,0.05,1158.03,3420.0,2316.06,1103.94
ORD02378,2024-03-11,C0416,Office Lamp,Office,Mahebourg,South,1,1800,0.1,995.72,1620.0,995.72,624.28
ORD02379,2025-04-11,C0122,Office Chair,Furniture,Curepipe,South,3,8500,0.0,4877.43,25500.0,14632.29,10867.71
ORD02380,2025-04-27,C0482,Mechanical Keyboard,Accessories,Curepipe,South,1,4200,0.0,3270.2,4200.0,3270.2,929.8
ORD02381,2025-01-13,C0465,Office Chair,Furniture,Quatre Bornes,West,1,8500,0.1,5184.92,7650.0,5184.92,2465.08
ORD02382,2024-04-16,C0181,Tablet Air,Electronics,Pamplemousses,North,1,18000,0.0,13037.48,18000.0,13037.48,4962.52
ORD02383,2024-06-22,C0005,Printer,Office,Quatre Bornes,West,3,9500,0.05,5505.49,27075.0,16516.47,10558.53
ORD02384,2025-07-27,C0270,USB-C Hub,Accessories,Flacq,East,3,1800,0.0,1054.38,5400.0,3163.14,2236.86
ORD02385,2025-11-13,C0438,Mechanical Keyboard,Accessories,Port Louis,North,1,4200,0.05,2659.84,3990.0,2659.84,1330.16
ORD02386,2024-04-07,C0010,Laptop Pro 14,Electronics,Mahebourg,South,1,45000,0.05,28436.04,42750.0,28436.04,14313.96
ORD02387,2024-05-28,C0446,Printer,Office,Quatre Bornes,West,1,9500,0.0,5415.58,9500.0,5415.58,4084.42
ORD02388,2025-10-02,C0438,Office Chair,Furniture,Mahebourg,South,4,8500,0.0,5942.27,34000.0,23769.08,10230.92
ORD02389,2025-05-30,C0111,Wireless Headphones,Accessories,Black River,West,2,6500,0.0,5014.96,13000.0,10029.92,2970.08
ORD02390,2025-11-17,C0453,Wireless Headphones,Accessories,Black River,West,1,6500,0.0,4552.49,6500.0,4552.49,1947.51
ORD02391,2024-08-27,C0111,Smartphone X,Electronics,Black River,West,1,28000,0.15,19899.8,23800.0,19899.8,3900.2
ORD02392,2025-04-09,C0412,Tablet Air,Electronics,Pamplemousses,North,1,18000,0.0,11587.19,18000.0,11587.19,6412.81
ORD02393,2025-06-02,C0220,Laptop Pro 14,Electronics,Centre de Flacq,East,1,45000,0.1,34903.75,40500.0,34903.75,5596.25
ORD02394,2025-01-25,C0437,Monitor 27,Electronics,Mahebourg,South,1,12000,0.0,8363.3,12000.0,8363.3,3636.7
ORD02395,2025-06-28,C0495,Smartphone X,Electronics,Black River,West,2,28000,0.0,17128.36,56000.0,34256.72,21743.28
ORD02396,2024-12-14,C0142,USB-C Hub,Accessories,Pamplemousses,North,1,1800,0.0,991.4,1800.0,991.4,808.6
ORD02397,2024-04-12,C0141,Tablet Air,Electronics,Pamplemousses,North,1,18000,0.0,10226.07,18000.0,10226.07,7773.93
ORD02398,2025-09-09,C0057,Mechanical Keyboard,Accessories,Black River,West,1,4200,0.0,2914.02,4200.0,2914.02,1285.98
ORD02399,2024-11-30,C0270,Wireless Headphones,Accessories,Black River,West,1,6500,0.0,4835.45,6500.0,4835.45,1664.55
ORD02400,2025-04-09,C0466,Gaming Mouse,Accessories,Black River,West,1,2200,0.0,1304.52,2200.0,1304.52,895.48
ORD02401,2024-10-30,C0164,Monitor 27,Electronics,Port Louis,North,1,12000,0.0,9155.74,12000.0,9155.74,2844.26
ORD02402,2025-08-09,C0305,Monitor 27,Electronics,Black River,West,2,12000,0.05,9090.96,22800.0,18181.92,4618.08
ORD02403,2025-08-25,C0157,Standing Desk,Furniture,Centre de Flacq,East,1,15000,0.05,10051.76,14250.0,10051.76,4198.24
ORD02404,2025-07-18,C0173,Wireless Headphones,Accessories,Pamplemousses,North,1,6500,0.0,4774.32,6500.0,4774.32,1725.68
ORD02405,2025-02-09,C0161,Laptop Pro 14,Electronics,Port Louis,North,1,45000,0.05,31506.67,42750.0,31506.67,11243.33
ORD02406,2024-07-04,C0385,Printer,Office,Centre de Flacq,East,1,9500,0.0,6859.14,9500.0,6859.14,2640.86
ORD02407,2024-07-20,C0006,Standing Desk,Furniture,Black River,West,1,15000,0.0,8400.14,15000.0,8400.14,6599.86
ORD02408,2025-01-11,C0295,Smartphone X,Electronics,Pamplemousses,North,2,28000,0.05,18268.38,53200.0,36536.76,16663.24
ORD02409,2025-09-19,C0398,Office Lamp,Office,Flacq,East,1,1800,0.05,1367.59,1710.0,1367.59,342.41
ORD02410,2025-08-15,C0272,Office Chair,Furniture,Pamplemousses,North,1,8500,0.1,5441.01,7650.0,5441.01,2208.99
ORD02411,2024-05-23,C0238,Standing Desk,Furniture,Curepipe,South,2,15000,0.0,10650.59,30000.0,21301.18,8698.82
ORD02412,2025-11-08,C0340,Monitor 27,Electronics,Centre de Flacq,East,1,12000,0.15,9220.17,10200.0,9220.17,979.83
ORD02413,2024-07-12,C0423,USB-C Hub,Accessories,Pamplemousses,North,1,1800,0.05,1058.9,1710.0,1058.9,651.1
ORD02414,2025-04-01,C0104,USB-C Hub,Accessories,Port Louis,North,3,1800,0.05,1308.2,5130.0,3924.6,1205.4
ORD02415,2024-09-03,C0375,USB-C Hub,Accessories,Quatre Bornes,West,2,1800,0.05,1296.7,3420.0,2593.4,826.6
ORD02416,2025-11-07,C0226,USB-C Hub,Accessories,Pamplemousses,North,1,1800,0.0,1200.55,1800.0,1200.55,599.45
ORD02417,2024-11-03,C0434,Printer,Office,Mahebourg,South,2,9500,0.0,5420.08,19000.0,10840.16,8159.84
ORD02418,2024-09-05,C0242,Smartphone X,Electronics,Pamplemousses,North,1,28000,0.0,17528.08,28000.0,17528.08,10471.92
ORD02419,2024-03-12,C0365,Monitor 27,Electronics,Flacq,East,1,12000,0.05,8312.49,11400.0,8312.49,3087.51
ORD02420,2024-09-20,C0438,Gaming Mouse,Accessories,Port Louis,North,1,2200,0.1,1328.83,1980.0,1328.83,651.17
ORD02421,2025-02-06,C0023,USB-C Hub,Accessories,Centre de Flacq,East,1,1800,0.05,1085.8,1710.0,1085.8,624.2
ORD02422,2025-07-27,C0268,Standing Desk,Furniture,Black River,West,1,15000,0.0,10456.77,15000.0,10456.77,4543.23
ORD02423,2024-04-22,C0009,USB-C Hub,Accessories,Pamplemousses,North,1,1800,0.0,1242.18,1800.0,1242.18,557.82
ORD02424,2025-11-30,C0114,Smartphone X,Electronics,Flacq,East,3,28000,0.05,16874.92,79800.0,50624.76,29175.24
ORD02425,2025-07-28,C0276,Mechanical Keyboard,Accessories,Pamplemousses,North,2,4200,0.1,3071.96,7560.0,6143.92,1416.08
ORD02426,2025-07-02,C0120,Mechanical Keyboard,Accessories,Pamplemousses,North,1,4200,0.0,3198.69,4200.0,3198.69,1001.31
ORD02427,2024-10-04,C0265,Wireless Headphones,Accessories,Pamplemousses,North,2,6500,0.05,4577.73,12350.0,9155.46,3194.54
ORD02428,2024-01-22,C0463,Standing Desk,Furniture,Pamplemousses,North,1,15000,0.0,10895.02,15000.0,10895.02,4104.98
ORD02429,2025-02-20,C0391,Office Lamp,Office,Mahebourg,South,1,1800,0.0,1296.06,1800.0,1296.06,503.94
ORD02430,2024-02-13,C0220,Mechanical Keyboard,Accessories,Pamplemousses,North,1,4200,0.0,3207.25,4200.0,3207.25,992.75
ORD02431,2025-07-11,C0151,Monitor 27,Electronics,Port Louis,North,3,12000,0.05,8626.96,34200.0,25880.88,8319.12
ORD02432,2024-04-20,C0083,Tablet Air,Electronics,Quatre Bornes,West,2,18000,0.15,10314.05,30600.0,20628.1,9971.9
ORD02433,2024-11-29,C0333,USB-C Hub,Accessories,Mahebourg,South,3,1800,0.0,1252.42,5400.0,3757.26,1642.74
ORD02434,2024-11-05,C0044,Gaming Mouse,Accessories,Quatre Bornes,West,1,2200,0.0,1216.45,2200.0,1216.45,983.55
ORD02435,2025-01-20,C0001,Monitor 27,Electronics,Flacq,East,1,12000,0.0,6957.49,12000.0,6957.49,5042.51
ORD02436,2024-05-09,C0141,USB-C Hub,Accessories,Centre de Flacq,East,1,1800,0.15,1235.98,1530.0,1235.98,294.02
ORD02437,2024-09-12,C0405,Standing Desk,Furniture,Mahebourg,South,1,15000,0.05,9895.47,14250.0,9895.47,4354.53
ORD02438,2025-03-14,C0419,Mechanical Keyboard,Accessories,Centre de Flacq,East,1,4200,0.1,2608.36,3780.0,2608.36,1171.64
ORD02439,2024-12-12,C0434,USB-C Hub,Accessories,Centre de Flacq,East,1,1800,0.0,1338.83,1800.0,1338.83,461.17
ORD02440,2025-05-15,C0358,Wireless Headphones,Accessories,Black River,West,2,6500,0.0,4509.09,13000.0,9018.18,3981.82
ORD02441,2024-02-25,C0351,Monitor 27,Electronics,Mahebourg,South,1,12000,0.0,7136.46,12000.0,7136.46,4863.54
ORD02442,2025-05-22,C0496,Tablet Air,Electronics,Centre de Flacq,East,2,18000,0.05,11806.51,34200.0,23613.02,10586.98
ORD02443,2025-02-28,C0211,Laptop Pro 14,Electronics,Port Louis,North,3,45000,0.1,33243.47,121500.0,99730.41,21769.59
ORD02444,2025-07-18,C0338,Laptop Pro 14,Electronics,Port Louis,North,1,45000,0.05,27234.4,42750.0,27234.4,15515.6
ORD02445,2024-08-25,C0173,Office Chair,Furniture,Port Louis,North,4,8500,0.0,5410.8,34000.0,21643.2,12356.8
ORD02446,2024-07-11,C0286,Standing Desk,Furniture,Pamplemousses,North,1,15000,0.05,11070.7,14250.0,11070.7,3179.3
ORD02447,2024-03-20,C0054,Office Chair,Furniture,Pamplemousses,North,1,8500,0.05,6014.23,8075.0,6014.23,2060.77
ORD02448,2025-03-21,C0322,Gaming Mouse,Accessories,Quatre Bornes,West,2,2200,0.0,1506.84,4400.0,3013.68,1386.32
ORD02449,2024-09-22,C0039,Tablet Air,Electronics,Mahebourg,South,1,18000,0.0,13981.23,18000.0,13981.23,4018.77
ORD02450,2024-06-24,C0337,Standing Desk,Furniture,Flacq,East,1,15000,0.05,10145.96,14250.0,10145.96,4104.04
ORD02451,2024-03-16,C0054,Printer,Office,Centre de Flacq,East,1,9500,0.05,5491.22,9025.0,5491.22,3533.78
ORD02452,2024-02-24,C0176,Printer,Office,Port Louis,North,2,9500,0.0,7276.08,19000.0,14552.16,4447.84
ORD02453,2025-07-19,C0392,Laptop Pro 14,Electronics,Black River,West,3,45000,0.0,29526.48,135000.0,88579.44,46420.56
ORD02454,2024-07-15,C0116,Gaming Mouse,Accessories,Port Louis,North,2,2200,0.05,1470.04,4180.0,2940.08,1239.92
ORD02455,2025-07-26,C0409,USB-C Hub,Accessories,Centre de Flacq,East,2,1800,0.0,1019.36,3600.0,2038.72,1561.28
ORD02456,2025-01-17,C0239,Printer,Office,Port Louis,North,1,9500,0.0,6804.83,9500.0,6804.83,2695.17
ORD02457,2024-10-28,C0185,USB-C Hub,Accessories,Pamplemousses,North,2,1800,0.1,1145.73,3240.0,2291.46,948.54
ORD02458,2025-09-17,C0142,Smartphone X,Electronics,Mahebourg,South,2,28000,0.1,17645.51,50400.0,35291.02,15108.98
ORD02459,2024-04-20,C0216,Printer,Office,Centre de Flacq,East,1,9500,0.0,5434.02,9500.0,5434.02,4065.98
ORD02460,2025-03-08,C0451,Printer,Office,Mahebourg,South,1,9500,0.0,7212.21,9500.0,7212.21,2287.79
ORD02461,2025-02-23,C0446,Printer,Office,Centre de Flacq,East,1,9500,0.0,5458.82,9500.0,5458.82,4041.18
ORD02462,2024-06-18,C0110,Wireless Headphones,Accessories,Centre de Flacq,East,1,6500,0.0,4519.81,6500.0,4519.81,1980.19
ORD02463,2024-05-12,C0127,Mechanical Keyboard,Accessories,Centre de Flacq,East,1,4200,0.0,2528.76,4200.0,2528.76,1671.24
ORD02464,2025-06-25,C0304,Tablet Air,Electronics,Quatre Bornes,West,3,18000,0.05,10037.43,51300.0,30112.29,21187.71
ORD02465,2025-06-24,C0156,Smartphone X,Electronics,Pamplemousses,North,1,28000,0.0,19559.82,28000.0,19559.82,8440.18
ORD02466,2025-10-10,C0185,USB-C Hub,Accessories,Pamplemousses,North,1,1800,0.1,1217.07,1620.0,1217.07,402.93
ORD02467,2025-11-22,C0305,Tablet Air,Electronics,Quatre Bornes,West,1,18000,0.1,12782.07,16200.0,12782.07,3417.93
ORD02468,2024-12-22,C0031,USB-C Hub,Accessories,Flacq,East,2,1800,0.0,1279.65,3600.0,2559.3,1040.7
ORD02469,2025-12-02,C0301,Monitor 27,Electronics,Centre de Flacq,East,1,12000,0.05,8621.41,11400.0,8621.41,2778.59
ORD02470,2024-04-20,C0097,Laptop Pro 14,Electronics,Centre de Flacq,East,2,45000,0.05,28703.4,85500.0,57406.8,28093.2
ORD02471,2024-08-27,C0123,Standing Desk,Furniture,Pamplemousses,North,2,15000,0.05,8538.64,28500.0,17077.28,11422.72
ORD02472,2025-02-23,C0330,Gaming Mouse,Accessories,Pamplemousses,North,1,2200,0.0,1579.77,2200.0,1579.77,620.23
ORD02473,2025-04-13,C0461,Tablet Air,Electronics,Port Louis,North,1,18000,0.1,11951.25,16200.0,11951.25,4248.75
ORD02474,2025-02-14,C0233,Gaming Mouse,Accessories,Pamplemousses,North,1,2200,0.05,1381.62,2090.0,1381.62,708.38
ORD02475,2025-09-29,C0194,Laptop Pro 14,Electronics,Port Louis,North,1,45000,0.05,29863.18,42750.0,29863.18,12886.82
ORD02476,2024-04-12,C0461,Wireless Headphones,Accessories,Port Louis,North,1,6500,0.0,4023.42,6500.0,4023.42,2476.58
ORD02477,2024-10-26,C0113,USB-C Hub,Accessories,Curepipe,South,1,1800,0.0,1319.98,1800.0,1319.98,480.02
ORD02478,2024-12-05,C0251,Office Lamp,Office,Pamplemousses,North,1,1800,0.0,1009.62,1800.0,1009.62,790.38
ORD02479,2025-06-09,C0330,Office Lamp,Office,Black River,West,1,1800,0.1,1124.38,1620.0,1124.38,495.62
ORD02480,2024-05-23,C0359,Monitor 27,Electronics,Centre de Flacq,East,1,12000,0.1,8800.75,10800.0,8800.75,1999.25
ORD02481,2025-03-24,C0033,Laptop Pro 14,Electronics,Port Louis,North,1,45000,0.0,26126.59,45000.0,26126.59,18873.41
ORD02482,2024-10-11,C0088,Standing Desk,Furniture,Curepipe,South,2,15000,0.05,9205.2,28500.0,18410.4,10089.6
ORD02483,2025-09-01,C0282,Office Lamp,Office,Centre de Flacq,East,1,1800,0.0,1124.57,1800.0,1124.57,675.43
ORD02484,2025-06-13,C0466,Wireless Headphones,Accessories,Pamplemousses,North,1,6500,0.0,4971.26,6500.0,4971.26,1528.74
ORD02485,2025-07-30,C0223,Wireless Headphones,Accessories,Pamplemousses,North,1,6500,0.0,4083.06,6500.0,4083.06,2416.94
ORD02486,2025-10-29,C0024,Office Chair,Furniture,Curepipe,South,1,8500,0.1,6197.26,7650.0,6197.26,1452.74
ORD02487,2024-10-19,C0096,Standing Desk,Furniture,Black River,West,1,15000,0.0,11283.66,15000.0,11283.66,3716.34
ORD02488,2025-02-12,C0362,Monitor 27,Electronics,Quatre Bornes,West,1,12000,0.0,7502.19,12000.0,7502.19,4497.81
ORD02489,2025-08-01,C0226,Laptop Pro 14,Electronics,Port Louis,North,4,45000,0.0,30608.05,180000.0,122432.2,57567.8
ORD02490,2025-01-05,C0038,Gaming Mouse,Accessories,Flacq,East,1,2200,0.0,1341.25,2200.0,1341.25,858.75
ORD02491,2025-03-29,C0431,Mechanical Keyboard,Accessories,Pamplemousses,North,1,4200,0.05,3226.0,3990.0,3226.0,764.0
ORD02492,2025-01-30,C0194,Office Lamp,Office,Curepipe,South,1,1800,0.1,1304.59,1620.0,1304.59,315.41
ORD02493,2024-03-08,C0094,Monitor 27,Electronics,Mahebourg,South,1,12000,0.05,8183.76,11400.0,8183.76,3216.24
ORD02494,2024-09-09,C0315,Office Lamp,Office,Flacq,East,1,1800,0.0,1147.81,1800.0,1147.81,652.19
ORD02495,2024-08-01,C0037,USB-C Hub,Accessories,Black River,West,3,1800,0.0,1280.1,5400.0,3840.3,1559.7
ORD02496,2024-11-23,C0293,Mechanical Keyboard,Accessories,Mahebourg,South,1,4200,0.0,2945.12,4200.0,2945.12,1254.88
ORD02497,2025-11-19,C0398,Mechanical Keyboard,Accessories,Quatre Bornes,West,4,4200,0.0,3028.88,16800.0,12115.52,4684.48
ORD02498,2025-01-27,C0323,Office Lamp,Office,Mahebourg,South,3,1800,0.0,1227.09,5400.0,3681.27,1718.73
ORD02499,2024-09-05,C0206,Wireless Headphones,Accessories,Flacq,East,1,6500,0.0,4281.03,6500.0,4281.03,2218.97
ORD02500,2024-04-10,C0350,Smartphone X,Electronics,Quatre Bornes,West,1,28000,0.05,17489.81,26600.0,17489.81,9110.19
ORD02501,2025-08-17,C0061,Office Chair,Furniture,Mahebourg,South,4,8500,0.0,5740.04,34000.0,22960.16,11039.84
ORD02502,2024-04-14,C0312,Mechanical Keyboard,Accessories,Quatre Bornes,West,1,4200,0.05,2416.69,3990.0,2416.69,1573.31
ORD02503,2025-10-07,C0389,Smartphone X,Electronics,Black River,West,2,28000,0.05,17032.34,53200.0,34064.68,19135.32
ORD02504,2025-02-11,C0290,Office Chair,Furniture,Curepipe,South,1,8500,0.1,6179.31,7650.0,6179.31,1470.69
ORD02505,2024-07-26,C0349,Mechanical Keyboard,Accessories,Black River,West,1,4200,0.0,2454.92,4200.0,2454.92,1745.08
ORD02506,2024-09-11,C0011,Monitor 27,Electronics,Port Louis,North,1,12000,0.0,8519.45,12000.0,8519.45,3480.55
ORD02507,2025-10-21,C0065,USB-C Hub,Accessories,Centre de Flacq,East,1,1800,0.05,1303.62,1710.0,1303.62,406.38
ORD02508,2024-01-01,C0241,Office Lamp,Office,Quatre Bornes,West,4,1800,0.0,1000.13,7200.0,4000.52,3199.48
ORD02509,2024-02-01,C0355,USB-C Hub,Accessories,Pamplemousses,North,1,1800,0.0,1275.04,1800.0,1275.04,524.96
ORD02510,2024-12-19,C0498,Office Lamp,Office,Port Louis,North,1,1800,0.0,1226.77,1800.0,1226.77,573.23
ORD02511,2024-02-17,C0363,Gaming Mouse,Accessories,Black River,West,1,2200,0.0,1248.66,2200.0,1248.66,951.34
ORD02512,2025-06-16,C0080,Office Lamp,Office,Port Louis,North,1,1800,0.0,1400.16,1800.0,1400.16,399.84
ORD02513,2024-07-09,C0042,Smartphone X,Electronics,Quatre Bornes,West,2,28000,0.05,21493.36,53200.0,42986.72,10213.28
ORD02514,2024-02-16,C0365,Mechanical Keyboard,Accessories,Centre de Flacq,East,1,4200,0.1,3256.49,3780.0,3256.49,523.51
ORD02515,2025-11-29,C0497,Office Chair,Furniture,Port Louis,North,1,8500,0.0,5734.94,8500.0,5734.94,2765.06
ORD02516,2024-01-29,C0435,Standing Desk,Furniture,Centre de Flacq,East,2,15000,0.05,10749.12,28500.0,21498.24,7001.76
ORD02517,2024-08-21,C0365,Standing Desk,Furniture,Pamplemousses,North,1,15000,0.0,9557.63,15000.0,9557.63,5442.37
ORD02518,2025-04-09,C0180,Office Lamp,Office,Pamplemousses,North,2,1800,0.0,1365.13,3600.0,2730.26,869.74
ORD02519,2024-07-02,C0247,Wireless Headphones,Accessories,Centre de Flacq,East,1,6500,0.05,3884.74,6175.0,3884.74,2290.26
ORD02520,2025-10-24,C0487,USB-C Hub,Accessories,Black River,West,1,1800,0.0,1168.66,1800.0,1168.66,631.34
ORD02521,2025-06-09,C0352,Laptop Pro 14,Electronics,Black River,West,1,45000,0.0,24875.4,45000.0,24875.4,20124.6
ORD02522,2025-10-27,C0147,Monitor 27,Electronics,Quatre Bornes,West,1,12000,0.1,9293.3,10800.0,9293.3,1506.7
ORD02523,2024-06-30,C0134,Office Lamp,Office,Centre de Flacq,East,1,1800,0.0,1115.11,1800.0,1115.11,684.89
ORD02524,2025-08-21,C0042,Wireless Headphones,Accessories,Quatre Bornes,West,1,6500,0.05,4155.33,6175.0,4155.33,2019.67
ORD02525,2025-10-12,C0277,Printer,Office,Black River,West,1,9500,0.1,6402.06,8550.0,6402.06,2147.94
ORD02526,2024-10-03,C0112,USB-C Hub,Accessories,Pamplemousses,North,2,1800,0.05,1283.59,3420.0,2567.18,852.82
ORD02527,2024-08-15,C0070,Monitor 27,Electronics,Quatre Bornes,West,1,12000,0.0,6696.8,12000.0,6696.8,5303.2
ORD02528,2024-04-17,C0064,Gaming Mouse,Accessories,Port Louis,North,1,2200,0.1,1549.53,1980.0,1549.53,430.47
ORD02529,2025-07-07,C0481,Gaming Mouse,Accessories,Flacq,East,4,2200,0.05,1665.83,8360.0,6663.32,1696.68
ORD02530,2024-01-01,C0328,Printer,Office,Port Louis,North,1,9500,0.1,5812.05,8550.0,5812.05,2737.95
ORD02531,2025-09-19,C0489,Standing Desk,Furniture,Black River,West,3,15000,0.0,10628.03,45000.0,31884.09,13115.91
ORD02532,2025-07-06,C0319,Mechanical Keyboard,Accessories,Quatre Bornes,West,1,4200,0.0,2624.94,4200.0,2624.94,1575.06
ORD02533,2024-12-08,C0326,Mechanical Keyboard,Accessories,Pamplemousses,North,4,4200,0.1,3140.78,15120.0,12563.12,2556.88
ORD02534,2024-07-27,C0026,Mechanical Keyboard,Accessories,Pamplemousses,North,1,4200,0.15,2544.08,3570.0,2544.08,1025.92
ORD02535,2024-09-08,C0468,Smartphone X,Electronics,Black River,West,3,28000,0.05,17549.59,79800.0,52648.77,27151.23
ORD02536,2024-03-10,C0274,USB-C Hub,Accessories,Pamplemousses,North,1,1800,0.1,1388.24,1620.0,1388.24,231.76
ORD02537,2025-11-27,C0273,Gaming Mouse,Accessories,Curepipe,South,1,2200,0.0,1407.4,2200.0,1407.4,792.6
ORD02538,2025-07-16,C0453,USB-C Hub,Accessories,Flacq,East,1,1800,0.0,1030.11,1800.0,1030.11,769.89
ORD02539,2025-08-16,C0211,Office Chair,Furniture,Pamplemousses,North,2,8500,0.0,4714.59,17000.0,9429.18,7570.82
ORD02540,2024-06-27,C0035,Wireless Headphones,Accessories,Curepipe,South,2,6500,0.05,4193.36,12350.0,8386.72,3963.28
ORD02541,2024-01-30,C0224,Standing Desk,Furniture,Flacq,East,2,15000,0.1,9445.03,27000.0,18890.06,8109.94
ORD02542,2024-01-25,C0267,Mechanical Keyboard,Accessories,Quatre Bornes,West,2,4200,0.0,2815.58,8400.0,5631.16,2768.84
ORD02543,2025-04-06,C0168,Office Lamp,Office,Centre de Flacq,East,2,1800,0.05,1232.76,3420.0,2465.52,954.48
ORD02544,2025-07-14,C0111,Wireless Headphones,Accessories,Quatre Bornes,West,2,6500,0.0,4796.54,13000.0,9593.08,3406.92
ORD02545,2025-06-27,C0179,Laptop Pro 14,Electronics,Mahebourg,South,3,45000,0.0,31541.02,135000.0,94623.06,40376.94
ORD02546,2024-08-09,C0314,Office Chair,Furniture,Centre de Flacq,East,1,8500,0.05,5830.53,8075.0,5830.53,2244.47
ORD02547,2025-12-27,C0368,Office Chair,Furniture,Curepipe,South,2,8500,0.1,5286.93,15300.0,10573.86,4726.14
ORD02548,2025-07-27,C0252,Gaming Mouse,Accessories,Centre de Flacq,East,1,2200,0.0,1216.49,2200.0,1216.49,983.51
ORD02549,2024-02-05,C0326,Wireless Headphones,Accessories,Quatre Bornes,West,1,6500,0.15,4133.46,5525.0,4133.46,1391.54
ORD02550,2025-07-20,C0129,Gaming Mouse,Accessories,Mahebourg,South,3,2200,0.0,1532.29,6600.0,4596.87,2003.13
ORD02551,2025-04-28,C0128,Mechanical Keyboard,Accessories,Quatre Bornes,West,1,4200,0.1,3049.15,3780.0,3049.15,730.85
ORD02552,2025-05-18,C0210,Laptop Pro 14,Electronics,Port Louis,North,1,45000,0.0,28007.73,45000.0,28007.73,16992.27
ORD02553,2025-01-04,C0413,USB-C Hub,Accessories,Centre de Flacq,East,1,1800,0.0,1302.78,1800.0,1302.78,497.22
ORD02554,2024-06-11,C0255,Office Lamp,Office,Black River,West,3,1800,0.0,1101.63,5400.0,3304.89,2095.11
ORD02555,2024-12-23,C0245,Office Lamp,Office,Curepipe,South,1,1800,0.05,1381.8,1710.0,1381.8,328.2
ORD02556,2024-12-18,C0435,Mechanical Keyboard,Accessories,Black River,West,1,4200,0.0,2628.95,4200.0,2628.95,1571.05
ORD02557,2025-06-21,C0041,USB-C Hub,Accessories,Quatre Bornes,West,1,1800,0.0,1306.11,1800.0,1306.11,493.89
ORD02558,2025-10-06,C0184,Smartphone X,Electronics,Port Louis,North,1,28000,0.0,16258.73,28000.0,16258.73,11741.27
ORD02559,2025-05-04,C0006,Office Lamp,Office,Centre de Flacq,East,1,1800,0.0,1254.37,1800.0,1254.37,545.63
ORD02560,2024-01-15,C0184,Gaming Mouse,Accessories,Pamplemousses,North,1,2200,0.0,1272.15,2200.0,1272.15,927.85
ORD02561,2024-08-31,C0022,Wireless Headphones,Accessories,Pamplemousses,North,1,6500,0.0,4622.89,6500.0,4622.89,1877.11
ORD02562,2025-05-23,C0022,Printer,Office,Mahebourg,South,2,9500,0.0,6021.59,19000.0,12043.18,6956.82
ORD02563,2024-07-02,C0357,USB-C Hub,Accessories,Flacq,East,2,1800,0.05,1223.46,3420.0,2446.92,973.08
ORD02564,2024-01-01,C0436,Monitor 27,Electronics,Black River,West,2,12000,0.1,7978.29,21600.0,15956.58,5643.42
ORD02565,2024-07-28,C0257,Monitor 27,Electronics,Pamplemousses,North,1,12000,0.0,8082.68,12000.0,8082.68,3917.32
ORD02566,2024-02-26,C0458,Smartphone X,Electronics,Port Louis,North,2,28000,0.0,17336.0,56000.0,34672.0,21328.0
ORD02567,2025-11-12,C0458,Mechanical Keyboard,Accessories,Centre de Flacq,East,1,4200,0.0,2378.5,4200.0,2378.5,1821.5
ORD02568,2024-07-20,C0052,Standing Desk,Furniture,Quatre Bornes,West,1,15000,0.0,9793.88,15000.0,9793.88,5206.12
ORD02569,2025-10-13,C0069,Mechanical Keyboard,Accessories,Curepipe,South,1,4200,0.05,2795.09,3990.0,2795.09,1194.91
ORD02570,2024-10-25,C0060,Wireless Headphones,Accessories,Black River,West,2,6500,0.0,4582.43,13000.0,9164.86,3835.14
ORD02571,2024-08-16,C0357,Office Lamp,Office,Quatre Bornes,West,2,1800,0.0,1018.34,3600.0,2036.68,1563.32
ORD02572,2025-12-12,C0390,Office Lamp,Office,Port Louis,North,1,1800,0.0,1308.16,1800.0,1308.16,491.84
ORD02573,2025-11-28,C0390,Tablet Air,Electronics,Port Louis,North,1,18000,0.1,11906.19,16200.0,11906.19,4293.81
ORD02574,2024-08-05,C0347,Printer,Office,Mahebourg,South,1,9500,0.0,6054.74,9500.0,6054.74,3445.26
ORD02575,2025-01-04,C0122,Office Lamp,Office,Port Louis,North,1,1800,0.0,1245.63,1800.0,1245.63,554.37
ORD02576,2025-08-29,C0295,Office Lamp,Office,Centre de Flacq,East,1,1800,0.0,1112.59,1800.0,1112.59,687.41
ORD02577,2025-10-17,C0340,Mechanical Keyboard,Accessories,Curepipe,South,1,4200,0.0,2540.9,4200.0,2540.9,1659.1
ORD02578,2025-04-23,C0100,Laptop Pro 14,Electronics,Centre de Flacq,East,1,45000,0.0,33855.59,45000.0,33855.59,11144.41
ORD02579,2024-06-23,C0470,Office Chair,Furniture,Curepipe,South,1,8500,0.0,6482.59,8500.0,6482.59,2017.41
ORD02580,2024-07-11,C0268,Standing Desk,Furniture,Port Louis,North,2,15000,0.1,10130.91,27000.0,20261.82,6738.18
ORD02581,2025-07-24,C0228,Mechanical Keyboard,Accessories,Centre de Flacq,East,3,4200,0.1,3164.05,11340.0,9492.15,1847.85
ORD02582,2025-04-29,C0439,Mechanical Keyboard,Accessories,Flacq,East,2,4200,0.05,2326.9,7980.0,4653.8,3326.2
ORD02583,2024-11-22,C0248,Office Chair,Furniture,Curepipe,South,1,8500,0.0,5148.46,8500.0,5148.46,3351.54
ORD02584,2025-01-14,C0240,USB-C Hub,Accessories,Centre de Flacq,East,1,1800,0.0,1027.85,1800.0,1027.85,772.15
ORD02585,2025-11-09,C0392,USB-C Hub,Accessories,Curepipe,South,3,1800,0.1,1129.15,4860.0,3387.45,1472.55
ORD02586,2025-11-26,C0096,Office Lamp,Office,Mahebourg,South,1,1800,0.0,1305.95,1800.0,1305.95,494.05
ORD02587,2024-04-15,C0003,Laptop Pro 14,Electronics,Mahebourg,South,3,45000,0.0,31042.68,135000.0,93128.04,41871.96
ORD02588,2025-10-15,C0409,Mechanical Keyboard,Accessories,Pamplemousses,North,3,4200,0.0,2523.84,12600.0,7571.52,5028.48
ORD02589,2025-10-12,C0063,Office Chair,Furniture,Flacq,East,1,8500,0.0,6040.76,8500.0,6040.76,2459.24
ORD02590,2025-07-04,C0457,Laptop Pro 14,Electronics,Centre de Flacq,East,1,45000,0.1,26436.18,40500.0,26436.18,14063.82
ORD02591,2025-11-25,C0169,Gaming Mouse,Accessories,Port Louis,North,1,2200,0.1,1540.48,1980.0,1540.48,439.52
ORD02592,2024-09-28,C0417,Tablet Air,Electronics,Centre de Flacq,East,4,18000,0.05,11104.77,68400.0,44419.08,23980.92
ORD02593,2025-06-18,C0017,Mechanical Keyboard,Accessories,Pamplemousses,North,3,4200,0.0,2842.92,12600.0,8528.76,4071.24
ORD02594,2025-07-04,C0441,USB-C Hub,Accessories,Quatre Bornes,West,1,1800,0.0,1207.72,1800.0,1207.72,592.28
ORD02595,2024-12-20,C0031,Office Lamp,Office,Centre de Flacq,East,1,1800,0.0,1383.48,1800.0,1383.48,416.52
ORD02596,2025-08-19,C0473,Tablet Air,Electronics,Quatre Bornes,West,3,18000,0.0,12276.13,54000.0,36828.39,17171.61
ORD02597,2025-01-10,C0495,Wireless Headphones,Accessories,Centre de Flacq,East,1,6500,0.0,4481.16,6500.0,4481.16,2018.84
ORD02598,2024-09-22,C0439,Wireless Headphones,Accessories,Port Louis,North,1,6500,0.1,3688.77,5850.0,3688.77,2161.23
ORD02599,2024-11-05,C0059,Office Chair,Furniture,Quatre Bornes,West,1,8500,0.0,5887.31,8500.0,5887.31,2612.69
ORD02600,2024-07-03,C0189,Office Lamp,Office,Black River,West,1,1800,0.0,1359.1,1800.0,1359.1,440.9
ORD02601,2024-03-17,C0043,Smartphone X,Electronics,Curepipe,South,1,28000,0.0,19820.49,28000.0,19820.49,8179.51
ORD02602,2024-12-26,C0056,Printer,Office,Curepipe,South,2,9500,0.1,6578.44,17100.0,13156.88,3943.12
ORD02603,2025-11-13,C0204,Printer,Office,Mahebourg,South,1,9500,0.05,6248.17,9025.0,6248.17,2776.83
ORD02604,2025-01-18,C0102,Laptop Pro 14,Electronics,Centre de Flacq,East,2,45000,0.05,29130.73,85500.0,58261.46,27238.54
ORD02605,2024-06-10,C0244,Standing Desk,Furniture,Mahebourg,South,1,15000,0.1,10410.74,13500.0,10410.74,3089.26
ORD02606,2025-08-05,C0337,Printer,Office,Quatre Bornes,West,2,9500,0.05,6032.05,18050.0,12064.1,5985.9
ORD02607,2025-05-10,C0322,Tablet Air,Electronics,Pamplemousses,North,2,18000,0.05,12728.48,34200.0,25456.96,8743.04
ORD02608,2025-08-29,C0438,Monitor 27,Electronics,Flacq,East,1,12000,0.0,8191.94,12000.0,8191.94,3808.06
ORD02609,2024-01-19,C0015,Office Lamp,Office,Pamplemousses,North,1,1800,0.0,1070.96,1800.0,1070.96,729.04
ORD02610,2025-07-13,C0196,Wireless Headphones,Accessories,Black River,West,1,6500,0.1,4255.76,5850.0,4255.76,1594.24
ORD02611,2024-04-24,C0188,Printer,Office,Pamplemousses,North,1,9500,0.0,6581.09,9500.0,6581.09,2918.91
ORD02612,2024-04-02,C0084,Monitor 27,Electronics,Black River,West,2,12000,0.0,7641.42,24000.0,15282.84,8717.16
ORD02613,2024-10-11,C0253,Printer,Office,Quatre Bornes,West,1,9500,0.0,5625.75,9500.0,5625.75,3874.25
ORD02614,2024-10-24,C0047,Smartphone X,Electronics,Black River,West,1,28000,0.1,20487.17,25200.0,20487.17,4712.83
ORD02615,2024-09-02,C0173,Smartphone X,Electronics,Port Louis,North,2,28000,0.0,20517.62,56000.0,41035.24,14964.76
ORD02616,2024-07-16,C0101,Printer,Office,Flacq,East,1,9500,0.05,6609.97,9025.0,6609.97,2415.03
ORD02617,2024-06-10,C0238,Tablet Air,Electronics,Quatre Bornes,West,1,18000,0.0,13717.58,18000.0,13717.58,4282.42
ORD02618,2025-12-09,C0257,Monitor 27,Electronics,Curepipe,South,1,12000,0.0,7264.29,12000.0,7264.29,4735.71
ORD02619,2024-04-26,C0034,Printer,Office,Centre de Flacq,East,2,9500,0.05,6809.98,18050.0,13619.96,4430.04
ORD02620,2024-10-21,C0107,Tablet Air,Electronics,Mahebourg,South,3,18000,0.0,11201.66,54000.0,33604.98,20395.02
ORD02621,2025-10-04,C0031,USB-C Hub,Accessories,Curepipe,South,1,1800,0.0,1233.62,1800.0,1233.62,566.38
ORD02622,2024-04-02,C0445,Laptop Pro 14,Electronics,Flacq,East,3,45000,0.05,25190.82,128250.0,75572.46,52677.54
ORD02623,2024-03-14,C0425,Office Chair,Furniture,Pamplemousses,North,1,8500,0.0,4764.09,8500.0,4764.09,3735.91
ORD02624,2024-04-27,C0429,Laptop Pro 14,Electronics,Curepipe,South,2,45000,0.05,33884.97,85500.0,67769.94,17730.06
ORD02625,2025-03-19,C0445,Tablet Air,Electronics,Curepipe,South,2,18000,0.0,12722.58,36000.0,25445.16,10554.84
ORD02626,2025-07-23,C0112,Office Lamp,Office,Quatre Bornes,West,1,1800,0.0,1127.48,1800.0,1127.48,672.52
ORD02627,2025-11-14,C0126,Laptop Pro 14,Electronics,Mahebourg,South,1,45000,0.0,26861.49,45000.0,26861.49,18138.51
ORD02628,2025-09-01,C0346,Standing Desk,Furniture,Curepipe,South,1,15000,0.05,8483.76,14250.0,8483.76,5766.24
ORD02629,2025-05-25,C0311,Printer,Office,Pamplemousses,North,2,9500,0.05,5511.64,18050.0,11023.28,7026.72
ORD02630,2024-10-10,C0069,Monitor 27,Electronics,Centre de Flacq,East,2,12000,0.1,8947.25,21600.0,17894.5,3705.5
ORD02631,2025-04-02,C0209,Office Chair,Furniture,Centre de Flacq,East,2,8500,0.0,6404.7,17000.0,12809.4,4190.6
ORD02632,2024-06-06,C0217,Laptop Pro 14,Electronics,Quatre Bornes,West,1,45000,0.05,33360.3,42750.0,33360.3,9389.7
ORD02633,2024-01-14,C0217,Laptop Pro 14,Electronics,Quatre Bornes,West,2,45000,0.0,25798.82,90000.0,51597.64,38402.36
ORD02634,2024-12-23,C0058,Smartphone X,Electronics,Black River,West,1,28000,0.1,18682.17,25200.0,18682.17,6517.83
ORD02635,2024-06-03,C0207,Tablet Air,Electronics,Port Louis,North,1,18000,0.0,12246.61,18000.0,12246.61,5753.39
ORD02636,2025-03-25,C0047,Office Lamp,Office,Mahebourg,South,1,1800,0.0,1084.1,1800.0,1084.1,715.9
ORD02637,2024-07-09,C0453,Printer,Office,Curepipe,South,2,9500,0.05,6403.63,18050.0,12807.26,5242.74
ORD02638,2024-11-11,C0076,USB-C Hub,Accessories,Black River,West,1,1800,0.0,1243.1,1800.0,1243.1,556.9
ORD02639,2024-04-05,C0305,Laptop Pro 14,Electronics,Pamplemousses,North,2,45000,0.05,25461.88,85500.0,50923.76,34576.24
ORD02640,2025-08-21,C0177,Standing Desk,Furniture,Black River,West,1,15000,0.0,11624.63,15000.0,11624.63,3375.37
ORD02641,2025-02-09,C0160,Gaming Mouse,Accessories,Curepipe,South,2,2200,0.05,1226.09,4180.0,2452.18,1727.82
ORD02642,2025-04-24,C0400,USB-C Hub,Accessories,Pamplemousses,North,1,1800,0.0,1127.24,1800.0,1127.24,672.76
ORD02643,2024-05-18,C0138,Printer,Office,Black River,West,1,9500,0.05,6813.52,9025.0,6813.52,2211.48
ORD02644,2025-08-16,C0386,USB-C Hub,Accessories,Quatre Bornes,West,1,1800,0.0,1319.32,1800.0,1319.32,480.68
ORD02645,2025-04-27,C0366,Mechanical Keyboard,Accessories,Mahebourg,South,1,4200,0.0,2747.87,4200.0,2747.87,1452.13
ORD02646,2025-10-03,C0428,Gaming Mouse,Accessories,Quatre Bornes,West,2,2200,0.0,1394.77,4400.0,2789.54,1610.46
ORD02647,2025-05-04,C0085,Office Chair,Furniture,Port Louis,North,2,8500,0.1,4829.07,15300.0,9658.14,5641.86
ORD02648,2025-11-25,C0401,Wireless Headphones,Accessories,Quatre Bornes,West,1,6500,0.15,5037.44,5525.0,5037.44,487.56
ORD02649,2024-08-23,C0103,Office Chair,Furniture,Mahebourg,South,3,8500,0.05,6172.87,24225.0,18518.61,5706.39
ORD02650,2025-02-22,C0032,Smartphone X,Electronics,Flacq,East,2,28000,0.0,16926.0,56000.0,33852.0,22148.0
ORD02651,2024-12-04,C0219,Mechanical Keyboard,Accessories,Quatre Bornes,West,2,4200,0.1,2469.82,7560.0,4939.64,2620.36
ORD02652,2025-12-13,C0124,Tablet Air,Electronics,Port Louis,North,1,18000,0.1,10714.47,16200.0,10714.47,5485.53
ORD02653,2024-07-04,C0098,Gaming Mouse,Accessories,Pamplemousses,North,1,2200,0.0,1352.34,2200.0,1352.34,847.66
ORD02654,2024-08-28,C0352,Tablet Air,Electronics,Port Louis,North,1,18000,0.0,10265.89,18000.0,10265.89,7734.11
ORD02655,2024-02-13,C0299,Office Chair,Furniture,Centre de Flacq,East,1,8500,0.0,5773.66,8500.0,5773.66,2726.34
ORD02656,2025-07-15,C0437,Office Chair,Furniture,Flacq,East,2,8500,0.1,5532.09,15300.0,11064.18,4235.82
ORD02657,2024-06-17,C0423,Monitor 27,Electronics,Curepipe,South,1,12000,0.0,9299.04,12000.0,9299.04,2700.96
ORD02658,2025-07-13,C0470,Mechanical Keyboard,Accessories,Flacq,East,1,4200,0.05,3019.05,3990.0,3019.05,970.95
ORD02659,2025-04-14,C0181,Wireless Headphones,Accessories,Pamplemousses,North,1,6500,0.0,4475.3,6500.0,4475.3,2024.7
ORD02660,2024-01-05,C0427,Standing Desk,Furniture,Centre de Flacq,East,1,15000,0.0,9419.14,15000.0,9419.14,5580.86
ORD02661,2025-08-11,C0122,Mechanical Keyboard,Accessories,Mahebourg,South,1,4200,0.0,3254.09,4200.0,3254.09,945.91
ORD02662,2024-12-26,C0467,Mechanical Keyboard,Accessories,Curepipe,South,1,4200,0.05,2391.9,3990.0,2391.9,1598.1
ORD02663,2025-09-12,C0030,Monitor 27,Electronics,Centre de Flacq,East,1,12000,0.05,7044.04,11400.0,7044.04,4355.96
ORD02664,2024-10-28,C0168,Monitor 27,Electronics,Centre de Flacq,East,1,12000,0.0,9174.93,12000.0,9174.93,2825.07
ORD02665,2024-05-05,C0185,Laptop Pro 14,Electronics,Pamplemousses,North,1,45000,0.0,34317.84,45000.0,34317.84,10682.16
ORD02666,2024-08-10,C0481,Mechanical Keyboard,Accessories,Flacq,East,2,4200,0.0,2845.52,8400.0,5691.04,2708.96
ORD02667,2025-07-27,C0293,Wireless Headphones,Accessories,Curepipe,South,1,6500,0.1,4381.96,5850.0,4381.96,1468.04
ORD02668,2025-03-19,C0340,Monitor 27,Electronics,Mahebourg,South,3,12000,0.05,8618.21,34200.0,25854.63,8345.37
ORD02669,2025-03-23,C0432,Laptop Pro 14,Electronics,Black River,West,1,45000,0.15,25677.72,38250.0,25677.72,12572.28
ORD02670,2025-10-20,C0285,Smartphone X,Electronics,Quatre Bornes,West,2,28000,0.1,20211.24,50400.0,40422.48,9977.52
ORD02671,2025-07-07,C0368,Laptop Pro 14,Electronics,Centre de Flacq,East,1,45000,0.0,27708.42,45000.0,27708.42,17291.58
ORD02672,2025-02-26,C0170,Tablet Air,Electronics,Quatre Bornes,West,1,18000,0.0,11361.76,18000.0,11361.76,6638.24
ORD02673,2024-07-28,C0255,Tablet Air,Electronics,Quatre Bornes,West,1,18000,0.0,11103.52,18000.0,11103.52,6896.48
ORD02674,2024-12-16,C0280,Standing Desk,Furniture,Pamplemousses,North,1,15000,0.0,11011.41,15000.0,11011.41,3988.59
ORD02675,2024-12-23,C0191,Office Chair,Furniture,Centre de Flacq,East,1,8500,0.0,6255.06,8500.0,6255.06,2244.94
ORD02676,2025-03-28,C0150,Office Chair,Furniture,Pamplemousses,North,1,8500,0.15,6536.4,7225.0,6536.4,688.6
ORD02677,2025-12-01,C0288,Printer,Office,Pamplemousses,North,3,9500,0.0,6187.03,28500.0,18561.09,9938.91
ORD02678,2024-12-01,C0286,Gaming Mouse,Accessories,Port Louis,North,1,2200,0.0,1228.35,2200.0,1228.35,971.65
ORD02679,2024-01-22,C0438,Tablet Air,Electronics,Centre de Flacq,East,1,18000,0.05,11282.82,17100.0,11282.82,5817.18
ORD02680,2024-11-30,C0210,Office Chair,Furniture,Centre de Flacq,East,1,8500,0.0,4752.36,8500.0,4752.36,3747.64
ORD02681,2025-10-31,C0101,USB-C Hub,Accessories,Centre de Flacq,East,1,1800,0.05,1137.62,1710.0,1137.62,572.38
ORD02682,2024-11-22,C0432,Laptop Pro 14,Electronics,Mahebourg,South,3,45000,0.0,28896.32,135000.0,86688.96,48311.04
ORD02683,2024-11-28,C0154,Tablet Air,Electronics,Quatre Bornes,West,2,18000,0.1,13937.74,32400.0,27875.48,4524.52
ORD02684,2025-08-04,C0434,Mechanical Keyboard,Accessories,Mahebourg,South,3,4200,0.0,2499.95,12600.0,7499.85,5100.15
ORD02685,2025-11-19,C0069,Standing Desk,Furniture,Mahebourg,South,1,15000,0.0,9260.54,15000.0,9260.54,5739.46
ORD02686,2024-03-03,C0461,USB-C Hub,Accessories,Mahebourg,South,1,1800,0.1,1356.81,1620.0,1356.81,263.19
ORD02687,2025-01-14,C0165,Office Lamp,Office,Port Louis,North,1,1800,0.15,1146.22,1530.0,1146.22,383.78
ORD02688,2024-10-03,C0007,USB-C Hub,Accessories,Black River,West,1,1800,0.0,1046.54,1800.0,1046.54,753.46
ORD02689,2024-02-20,C0055,USB-C Hub,Accessories,Pamplemousses,North,2,1800,0.0,1088.89,3600.0,2177.78,1422.22
ORD02690,2024-06-04,C0318,Smartphone X,Electronics,Pamplemousses,North,1,28000,0.05,15897.94,26600.0,15897.94,10702.06
ORD02691,2024-03-15,C0017,Gaming Mouse,Accessories,Centre de Flacq,East,1,2200,0.1,1641.95,1980.0,1641.95,338.05
ORD02692,2025-06-10,C0434,Tablet Air,Electronics,Pamplemousses,North,1,18000,0.0,12902.07,18000.0,12902.07,5097.93
ORD02693,2025-09-17,C0094,Monitor 27,Electronics,Mahebourg,South,1,12000,0.0,8642.8,12000.0,8642.8,3357.2
ORD02694,2025-12-23,C0422,Tablet Air,Electronics,Centre de Flacq,East,2,18000,0.0,11766.55,36000.0,23533.1,12466.9
ORD02695,2025-06-09,C0474,Smartphone X,Electronics,Mahebourg,South,2,28000,0.0,16804.51,56000.0,33609.02,22390.98
ORD02696,2025-08-30,C0178,Laptop Pro 14,Electronics,Curepipe,South,2,45000,0.0,31503.37,90000.0,63006.74,26993.26
ORD02697,2025-10-24,C0400,Office Chair,Furniture,Quatre Bornes,West,1,8500,0.0,6609.11,8500.0,6609.11,1890.89
ORD02698,2025-04-08,C0027,Laptop Pro 14,Electronics,Centre de Flacq,East,1,45000,0.0,28979.8,45000.0,28979.8,16020.2
ORD02699,2025-05-22,C0076,Monitor 27,Electronics,Flacq,East,1,12000,0.0,7594.7,12000.0,7594.7,4405.3
ORD02700,2024-01-30,C0424,Wireless Headphones,Accessories,Black River,West,1,6500,0.05,3922.11,6175.0,3922.11,2252.89
ORD02701,2024-08-09,C0436,USB-C Hub,Accessories,Pamplemousses,North,1,1800,0.0,1072.82,1800.0,1072.82,727.18
ORD02702,2025-11-01,C0209,USB-C Hub,Accessories,Port Louis,North,1,1800,0.05,1169.39,1710.0,1169.39,540.61
ORD02703,2025-09-27,C0128,Office Lamp,Office,Pamplemousses,North,2,1800,0.0,1060.13,3600.0,2120.26,1479.74
ORD02704,2025-04-03,C0316,Gaming Mouse,Accessories,Black River,West,1,2200,0.05,1466.0,2090.0,1466.0,624.0
ORD02705,2024-01-01,C0138,Smartphone X,Electronics,Flacq,East,1,28000,0.1,17985.34,25200.0,17985.34,7214.66
ORD02706,2025-12-01,C0134,Gaming Mouse,Accessories,Port Louis,North,1,2200,0.0,1616.94,2200.0,1616.94,583.06
ORD02707,2025-01-19,C0144,Printer,Office,Pamplemousses,North,1,9500,0.05,6558.41,9025.0,6558.41,2466.59
ORD02708,2025-10-17,C0345,Mechanical Keyboard,Accessories,Port Louis,North,2,4200,0.0,2547.53,8400.0,5095.06,3304.94
ORD02709,2025-09-30,C0325,Tablet Air,Electronics,Flacq,East,2,18000,0.0,12745.74,36000.0,25491.48,10508.52
ORD02710,2025-05-24,C0359,Monitor 27,Electronics,Mahebourg,South,1,12000,0.0,8371.45,12000.0,8371.45,3628.55
ORD02711,2024-02-21,C0081,Mechanical Keyboard,Accessories,Port Louis,North,1,4200,0.0,3087.98,4200.0,3087.98,1112.02
ORD02712,2024-09-17,C0060,Laptop Pro 14,Electronics,Flacq,East,3,45000,0.0,32977.74,135000.0,98933.22,36066.78
ORD02713,2024-08-08,C0257,Wireless Headphones,Accessories,Flacq,East,2,6500,0.0,3879.71,13000.0,7759.42,5240.58
ORD02714,2025-05-20,C0406,Smartphone X,Electronics,Pamplemousses,North,2,28000,0.0,18490.92,56000.0,36981.84,19018.16
ORD02715,2024-06-26,C0327,Office Chair,Furniture,Pamplemousses,North,2,8500,0.0,5654.45,17000.0,11308.9,5691.1
ORD02716,2025-01-07,C0265,Office Lamp,Office,Black River,West,1,1800,0.05,1087.35,1710.0,1087.35,622.65
ORD02717,2025-06-22,C0130,Wireless Headphones,Accessories,Quatre Bornes,West,2,6500,0.0,5042.8,13000.0,10085.6,2914.4
ORD02718,2025-10-18,C0354,Wireless Headphones,Accessories,Centre de Flacq,East,4,6500,0.05,4701.3,24700.0,18805.2,5894.8
ORD02719,2025-02-19,C0026,Monitor 27,Electronics,Mahebourg,South,1,12000,0.0,6904.8,12000.0,6904.8,5095.2
ORD02720,2024-06-24,C0486,Printer,Office,Port Louis,North,1,9500,0.0,5392.3,9500.0,5392.3,4107.7
ORD02721,2024-05-26,C0074,Standing Desk,Furniture,Curepipe,South,1,15000,0.05,11430.48,14250.0,11430.48,2819.52
ORD02722,2024-01-18,C0253,Laptop Pro 14,Electronics,Black River,West,1,45000,0.0,26154.95,45000.0,26154.95,18845.05
ORD02723,2025-09-11,C0219,Office Chair,Furniture,Port Louis,North,1,8500,0.0,6361.33,8500.0,6361.33,2138.67
ORD02724,2024-04-16,C0024,Standing Desk,Furniture,Pamplemousses,North,2,15000,0.05,11552.46,28500.0,23104.92,5395.08
ORD02725,2025-12-21,C0400,Office Lamp,Office,Centre de Flacq,East,1,1800,0.0,1034.43,1800.0,1034.43,765.57
ORD02726,2025-12-20,C0225,Office Chair,Furniture,Mahebourg,South,1,8500,0.15,4981.36,7225.0,4981.36,2243.64
ORD02727,2025-11-10,C0174,USB-C Hub,Accessories,Black River,West,3,1800,0.0,1399.92,5400.0,4199.76,1200.24
ORD02728,2024-04-19,C0251,Monitor 27,Electronics,Flacq,East,1,12000,0.0,6972.14,12000.0,6972.14,5027.86
ORD02729,2024-06-16,C0312,Mechanical Keyboard,Accessories,Curepipe,South,1,4200,0.15,2508.44,3570.0,2508.44,1061.56
ORD02730,2025-01-28,C0437,Printer,Office,Mahebourg,South,1,9500,0.0,6011.65,9500.0,6011.65,3488.35
ORD02731,2025-12-18,C0034,Mechanical Keyboard,Accessories,Flacq,East,1,4200,0.1,2986.23,3780.0,2986.23,793.77
ORD02732,2025-07-15,C0040,Smartphone X,Electronics,Quatre Bornes,West,1,28000,0.0,20877.26,28000.0,20877.26,7122.74
ORD02733,2024-07-28,C0255,Office Lamp,Office,Port Louis,North,1,1800,0.0,1203.2,1800.0,1203.2,596.8
ORD02734,2025-12-22,C0391,Laptop Pro 14,Electronics,Flacq,East,1,45000,0.1,25544.25,40500.0,25544.25,14955.75
ORD02735,2025-02-26,C0216,Office Lamp,Office,Centre de Flacq,East,1,1800,0.0,1032.3,1800.0,1032.3,767.7
ORD02736,2024-09-04,C0235,Gaming Mouse,Accessories,Flacq,East,1,2200,0.05,1415.91,2090.0,1415.91,674.09
ORD02737,2024-05-20,C0084,Smartphone X,Electronics,Port Louis,North,1,28000,0.05,15709.28,26600.0,15709.28,10890.72
ORD02738,2024-10-16,C0351,USB-C Hub,Accessories,Centre de Flacq,East,1,1800,0.05,1385.54,1710.0,1385.54,324.46
ORD02739,2025-03-09,C0340,Printer,Office,Quatre Bornes,West,1,9500,0.05,6630.55,9025.0,6630.55,2394.45
ORD02740,2025-04-15,C0240,Monitor 27,Electronics,Flacq,East,1,12000,0.0,8260.99,12000.0,8260.99,3739.01
ORD02741,2025-08-30,C0097,Mechanical Keyboard,Accessories,Centre de Flacq,East,2,4200,0.05,2787.3,7980.0,5574.6,2405.4
ORD02742,2025-12-31,C0117,Smartphone X,Electronics,Curepipe,South,1,28000,0.0,18302.36,28000.0,18302.36,9697.64
ORD02743,2024-09-23,C0057,Standing Desk,Furniture,Mahebourg,South,2,15000,0.15,10461.29,25500.0,20922.58,4577.42
ORD02744,2024-01-05,C0003,Wireless Headphones,Accessories,Quatre Bornes,West,1,6500,0.1,3635.8,5850.0,3635.8,2214.2
ORD02745,2024-05-16,C0419,Standing Desk,Furniture,Quatre Bornes,West,4,15000,0.05,8625.64,57000.0,34502.56,22497.44
ORD02746,2024-07-20,C0200,USB-C Hub,Accessories,Black River,West,1,1800,0.0,1292.65,1800.0,1292.65,507.35
ORD02747,2024-04-08,C0455,Gaming Mouse,Accessories,Black River,West,2,2200,0.05,1649.1,4180.0,3298.2,881.8
ORD02748,2025-09-15,C0474,Mechanical Keyboard,Accessories,Quatre Bornes,West,2,4200,0.0,3139.0,8400.0,6278.0,2122.0
ORD02749,2025-08-07,C0292,Wireless Headphones,Accessories,Flacq,East,1,6500,0.0,4794.46,6500.0,4794.46,1705.54
ORD02750,2024-04-11,C0332,Monitor 27,Electronics,Quatre Bornes,West,2,12000,0.0,8766.87,24000.0,17533.74,6466.26
ORD02751,2025-07-22,C0323,Office Lamp,Office,Curepipe,South,1,1800,0.05,1142.42,1710.0,1142.42,567.58
ORD02752,2024-08-28,C0091,Laptop Pro 14,Electronics,Mahebourg,South,1,45000,0.1,27200.9,40500.0,27200.9,13299.1
ORD02753,2024-02-11,C0011,USB-C Hub,Accessories,Centre de Flacq,East,3,1800,0.1,1073.02,4860.0,3219.06,1640.94
ORD02754,2025-09-15,C0326,Office Chair,Furniture,Centre de Flacq,East,1,8500,0.1,6134.03,7650.0,6134.03,1515.97
ORD02755,2025-08-27,C0442,Gaming Mouse,Accessories,Curepipe,South,1,2200,0.0,1218.25,2200.0,1218.25,981.75
ORD02756,2024-05-17,C0301,Tablet Air,Electronics,Mahebourg,South,1,18000,0.0,11328.14,18000.0,11328.14,6671.86
ORD02757,2025-01-07,C0007,Laptop Pro 14,Electronics,Black River,West,1,45000,0.05,28347.45,42750.0,28347.45,14402.55
ORD02758,2025-02-14,C0378,Monitor 27,Electronics,Mahebourg,South,1,12000,0.1,7131.35,10800.0,7131.35,3668.65
ORD02759,2024-10-07,C0360,Wireless Headphones,Accessories,Pamplemousses,North,1,6500,0.1,4308.76,5850.0,4308.76,1541.24
ORD02760,2024-08-04,C0205,Monitor 27,Electronics,Quatre Bornes,West,1,12000,0.0,8060.49,12000.0,8060.49,3939.51
ORD02761,2024-06-01,C0030,Gaming Mouse,Accessories,Curepipe,South,1,2200,0.05,1497.59,2090.0,1497.59,592.41
ORD02762,2025-09-26,C0069,Printer,Office,Pamplemousses,North,1,9500,0.0,6914.71,9500.0,6914.71,2585.29
ORD02763,2025-05-12,C0424,Wireless Headphones,Accessories,Pamplemousses,North,3,6500,0.05,4336.85,18525.0,13010.55,5514.45
ORD02764,2024-08-07,C0154,Monitor 27,Electronics,Pamplemousses,North,1,12000,0.1,8833.08,10800.0,8833.08,1966.92
ORD02765,2024-08-18,C0420,Gaming Mouse,Accessories,Quatre Bornes,West,1,2200,0.0,1470.89,2200.0,1470.89,729.11
ORD02766,2024-09-22,C0001,Printer,Office,Curepipe,South,4,9500,0.05,5258.87,36100.0,21035.48,15064.52
ORD02767,2024-07-25,C0036,Monitor 27,Electronics,Quatre Bornes,West,2,12000,0.0,7800.57,24000.0,15601.14,8398.86
ORD02768,2024-03-07,C0060,Printer,Office,Quatre Bornes,West,1,9500,0.0,5524.17,9500.0,5524.17,3975.83
ORD02769,2025-10-11,C0075,Office Chair,Furniture,Curepipe,South,1,8500,0.1,5929.61,7650.0,5929.61,1720.39
ORD02770,2025-07-10,C0407,Laptop Pro 14,Electronics,Port Louis,North,1,45000,0.0,31561.26,45000.0,31561.26,13438.74
ORD02771,2024-05-03,C0412,Mechanical Keyboard,Accessories,Centre de Flacq,East,1,4200,0.0,2706.93,4200.0,2706.93,1493.07
ORD02772,2025-11-20,C0156,Printer,Office,Centre de Flacq,East,1,9500,0.0,7381.1,9500.0,7381.1,2118.9
ORD02773,2025-02-04,C0454,Office Lamp,Office,Pamplemousses,North,2,1800,0.0,1227.93,3600.0,2455.86,1144.14
ORD02774,2024-06-29,C0237,Mechanical Keyboard,Accessories,Curepipe,South,1,4200,0.0,3047.39,4200.0,3047.39,1152.61
ORD02775,2025-06-08,C0388,USB-C Hub,Accessories,Black River,West,1,1800,0.05,1193.85,1710.0,1193.85,516.15
ORD02776,2025-09-06,C0244,Gaming Mouse,Accessories,Curepipe,South,1,2200,0.0,1521.15,2200.0,1521.15,678.85
ORD02777,2025-02-04,C0224,Mechanical Keyboard,Accessories,Flacq,East,1,4200,0.0,3027.56,4200.0,3027.56,1172.44
ORD02778,2024-05-02,C0104,Tablet Air,Electronics,Centre de Flacq,East,1,18000,0.0,11079.04,18000.0,11079.04,6920.96
ORD02779,2024-02-12,C0147,Office Chair,Furniture,Port Louis,North,1,8500,0.15,4924.46,7225.0,4924.46,2300.54
ORD02780,2024-01-25,C0347,Gaming Mouse,Accessories,Port Louis,North,3,2200,0.0,1489.84,6600.0,4469.52,2130.48
ORD02781,2024-06-18,C0202,Smartphone X,Electronics,Flacq,East,3,28000,0.0,16741.44,84000.0,50224.32,33775.68
ORD02782,2024-10-15,C0179,Office Lamp,Office,Centre de Flacq,East,3,1800,0.1,1393.2,4860.0,4179.6,680.4
ORD02783,2025-08-03,C0169,Laptop Pro 14,Electronics,Curepipe,South,1,45000,0.05,33189.48,42750.0,33189.48,9560.52
ORD02784,2024-09-25,C0036,Smartphone X,Electronics,Centre de Flacq,East,1,28000,0.05,16516.44,26600.0,16516.44,10083.56
ORD02785,2024-12-02,C0141,Gaming Mouse,Accessories,Black River,West,1,2200,0.05,1440.88,2090.0,1440.88,649.12
ORD02786,2025-06-21,C0400,Mechanical Keyboard,Accessories,Quatre Bornes,West,1,4200,0.05,2521.46,3990.0,2521.46,1468.54
ORD02787,2025-12-17,C0184,Smartphone X,Electronics,Curepipe,South,1,28000,0.15,20932.08,23800.0,20932.08,2867.92
ORD02788,2024-01-11,C0244,Monitor 27,Electronics,Mahebourg,South,1,12000,0.1,8660.12,10800.0,8660.12,2139.88
ORD02789,2025-05-20,C0345,Wireless Headphones,Accessories,Centre de Flacq,East,1,6500,0.0,3812.6,6500.0,3812.6,2687.4
ORD02790,2024-08-25,C0339,Office Chair,Furniture,Pamplemousses,North,1,8500,0.0,4972.28,8500.0,4972.28,3527.72
ORD02791,2025-06-14,C0169,Gaming Mouse,Accessories,Pamplemousses,North,1,2200,0.0,1232.68,2200.0,1232.68,967.32
ORD02792,2025-10-03,C0201,Office Lamp,Office,Black River,West,2,1800,0.05,1088.32,3420.0,2176.64,1243.36
ORD02793,2025-06-15,C0369,Standing Desk,Furniture,Curepipe,South,1,15000,0.1,9911.05,13500.0,9911.05,3588.95
ORD02794,2025-09-10,C0265,Mechanical Keyboard,Accessories,Pamplemousses,North,3,4200,0.05,2623.1,11970.0,7869.3,4100.7
ORD02795,2024-08-07,C0406,Standing Desk,Furniture,Centre de Flacq,East,1,15000,0.1,10225.53,13500.0,10225.53,3274.47
ORD02796,2024-06-05,C0120,USB-C Hub,Accessories,Black River,West,1,1800,0.05,1286.55,1710.0,1286.55,423.45
ORD02797,2024-03-15,C0257,Printer,Office,Port Louis,North,1,9500,0.1,7313.88,8550.0,7313.88,1236.12
ORD02798,2025-08-20,C0009,Wireless Headphones,Accessories,Port Louis,North,3,6500,0.0,3890.37,19500.0,11671.11,7828.89
ORD02799,2024-06-26,C0281,Printer,Office,Black River,West,1,9500,0.0,7086.47,9500.0,7086.47,2413.53
ORD02800,2024-12-20,C0381,Laptop Pro 14,Electronics,Curepipe,South,1,45000,0.0,28843.6,45000.0,28843.6,16156.4
ORD02801,2025-10-11,C0176,USB-C Hub,Accessories,Quatre Bornes,West,1,1800,0.0,1014.12,1800.0,1014.12,785.88
ORD02802,2025-02-12,C0106,Standing Desk,Furniture,Black River,West,2,15000,0.0,10642.41,30000.0,21284.82,8715.18
ORD02803,2024-11-20,C0013,Office Chair,Furniture,Pamplemousses,North,2,8500,0.05,6249.9,16150.0,12499.8,3650.2
ORD02804,2025-12-31,C0260,Wireless Headphones,Accessories,Pamplemousses,North,1,6500,0.1,4547.0,5850.0,4547.0,1303.0
ORD02805,2024-02-26,C0410,Office Chair,Furniture,Flacq,East,3,8500,0.0,5296.75,25500.0,15890.25,9609.75
ORD02806,2025-01-01,C0409,Laptop Pro 14,Electronics,Pamplemousses,North,1,45000,0.0,32996.6,45000.0,32996.6,12003.4
ORD02807,2025-08-24,C0081,Gaming Mouse,Accessories,Black River,West,1,2200,0.0,1285.34,2200.0,1285.34,914.66
ORD02808,2025-09-06,C0488,Office Chair,Furniture,Mahebourg,South,1,8500,0.05,6144.22,8075.0,6144.22,1930.78
ORD02809,2024-02-19,C0230,Standing Desk,Furniture,Pamplemousses,North,2,15000,0.0,9954.02,30000.0,19908.04,10091.96
ORD02810,2025-10-26,C0016,Gaming Mouse,Accessories,Curepipe,South,2,2200,0.0,1359.86,4400.0,2719.72,1680.28
ORD02811,2025-06-06,C0461,Wireless Headphones,Accessories,Centre de Flacq,East,2,6500,0.1,3929.75,11700.0,7859.5,3840.5
ORD02812,2024-04-20,C0124,Standing Desk,Furniture,Centre de Flacq,East,1,15000,0.0,10165.57,15000.0,10165.57,4834.43
ORD02813,2025-06-28,C0190,Gaming Mouse,Accessories,Port Louis,North,3,2200,0.05,1300.55,6270.0,3901.65,2368.35
ORD02814,2024-03-15,C0391,Gaming Mouse,Accessories,Quatre Bornes,West,1,2200,0.0,1367.21,2200.0,1367.21,832.79
ORD02815,2025-12-21,C0186,Office Lamp,Office,Port Louis,North,1,1800,0.0,1092.51,1800.0,1092.51,707.49
ORD02816,2025-10-12,C0142,Office Chair,Furniture,Centre de Flacq,East,2,8500,0.05,5995.38,16150.0,11990.76,4159.24
ORD02817,2024-11-11,C0384,Monitor 27,Electronics,Centre de Flacq,East,1,12000,0.05,6699.16,11400.0,6699.16,4700.84
ORD02818,2024-05-05,C0019,USB-C Hub,Accessories,Black River,West,1,1800,0.05,1138.58,1710.0,1138.58,571.42
ORD02819,2025-01-18,C0212,Standing Desk,Furniture,Black River,West,1,15000,0.0,11510.72,15000.0,11510.72,3489.28
ORD02820,2025-03-20,C0381,Standing Desk,Furniture,Centre de Flacq,East,1,15000,0.1,10820.74,13500.0,10820.74,2679.26
ORD02821,2025-02-25,C0163,Office Chair,Furniture,Pamplemousses,North,1,8500,0.0,6418.91,8500.0,6418.91,2081.09
ORD02822,2024-02-09,C0484,Gaming Mouse,Accessories,Black River,West,2,2200,0.05,1390.43,4180.0,2780.86,1399.14
ORD02823,2025-01-19,C0098,Wireless Headphones,Accessories,Black River,West,2,6500,0.1,3670.27,11700.0,7340.54,4359.46
ORD02824,2025-05-30,C0380,Smartphone X,Electronics,Flacq,East,1,28000,0.05,17513.62,26600.0,17513.62,9086.38
ORD02825,2025-08-29,C0116,Office Lamp,Office,Centre de Flacq,East,2,1800,0.0,1150.54,3600.0,2301.08,1298.92
ORD02826,2024-01-13,C0479,Gaming Mouse,Accessories,Curepipe,South,1,2200,0.0,1388.52,2200.0,1388.52,811.48
ORD02827,2025-12-13,C0443,Gaming Mouse,Accessories,Curepipe,South,3,2200,0.0,1218.19,6600.0,3654.57,2945.43
ORD02828,2024-11-01,C0257,Office Lamp,Office,Port Louis,North,2,1800,0.0,1199.4,3600.0,2398.8,1201.2
ORD02829,2024-10-01,C0274,Printer,Office,Port Louis,North,1,9500,0.0,6360.84,9500.0,6360.84,3139.16
ORD02830,2025-12-06,C0350,Office Chair,Furniture,Pamplemousses,North,3,8500,0.05,6269.53,24225.0,18808.59,5416.41
ORD02831,2025-03-13,C0007,Smartphone X,Electronics,Centre de Flacq,East,4,28000,0.0,18731.69,112000.0,74926.76,37073.24
ORD02832,2025-12-22,C0110,Smartphone X,Electronics,Flacq,East,1,28000,0.05,20108.34,26600.0,20108.34,6491.66
ORD02833,2024-11-16,C0414,Office Chair,Furniture,Mahebourg,South,1,8500,0.0,6517.59,8500.0,6517.59,1982.41
ORD02834,2024-10-20,C0173,Standing Desk,Furniture,Pamplemousses,North,1,15000,0.1,9962.22,13500.0,9962.22,3537.78
ORD02835,2025-06-24,C0397,Office Lamp,Office,Mahebourg,South,1,1800,0.05,1293.77,1710.0,1293.77,416.23
ORD02836,2025-08-03,C0177,Mechanical Keyboard,Accessories,Mahebourg,South,1,4200,0.0,2999.62,4200.0,2999.62,1200.38
ORD02837,2024-07-13,C0197,Mechanical Keyboard,Accessories,Mahebourg,South,2,4200,0.05,3094.21,7980.0,6188.42,1791.58
ORD02838,2025-12-18,C0136,Office Chair,Furniture,Flacq,East,4,8500,0.05,5071.41,32300.0,20285.64,12014.36
ORD02839,2025-01-01,C0487,Mechanical Keyboard,Accessories,Pamplemousses,North,1,4200,0.1,3077.42,3780.0,3077.42,702.58
ORD02840,2024-06-22,C0399,Smartphone X,Electronics,Port Louis,North,3,28000,0.0,17986.76,84000.0,53960.28,30039.72
ORD02841,2024-04-20,C0421,Laptop Pro 14,Electronics,Flacq,East,1,45000,0.05,29294.1,42750.0,29294.1,13455.9
ORD02842,2025-04-23,C0029,Laptop Pro 14,Electronics,Mahebourg,South,2,45000,0.15,29610.12,76500.0,59220.24,17279.76
ORD02843,2024-03-29,C0387,Office Lamp,Office,Curepipe,South,4,1800,0.0,1036.21,7200.0,4144.84,3055.16
ORD02844,2025-05-20,C0227,Monitor 27,Electronics,Flacq,East,1,12000,0.1,7602.17,10800.0,7602.17,3197.83
ORD02845,2025-08-18,C0328,Monitor 27,Electronics,Mahebourg,South,1,12000,0.05,8806.78,11400.0,8806.78,2593.22
ORD02846,2024-03-17,C0435,Mechanical Keyboard,Accessories,Pamplemousses,North,1,4200,0.0,2450.74,4200.0,2450.74,1749.26
ORD02847,2024-01-28,C0413,Gaming Mouse,Accessories,Mahebourg,South,1,2200,0.0,1554.17,2200.0,1554.17,645.83
ORD02848,2025-07-22,C0387,Mechanical Keyboard,Accessories,Quatre Bornes,West,4,4200,0.0,2976.56,16800.0,11906.24,4893.76
ORD02849,2024-09-12,C0349,Laptop Pro 14,Electronics,Pamplemousses,North,2,45000,0.0,35043.53,90000.0,70087.06,19912.94
ORD02850,2024-01-31,C0311,Smartphone X,Electronics,Pamplemousses,North,1,28000,0.05,16034.44,26600.0,16034.44,10565.56
ORD02851,2024-07-22,C0379,Printer,Office,Pamplemousses,North,1,9500,0.0,6691.86,9500.0,6691.86,2808.14
ORD02852,2025-12-03,C0199,USB-C Hub,Accessories,Port Louis,North,1,1800,0.05,1116.58,1710.0,1116.58,593.42
ORD02853,2025-04-21,C0276,Gaming Mouse,Accessories,Curepipe,South,1,2200,0.05,1543.13,2090.0,1543.13,546.87
ORD02854,2024-10-16,C0246,Smartphone X,Electronics,Pamplemousses,North,1,28000,0.0,19451.49,28000.0,19451.49,8548.51
ORD02855,2024-11-18,C0295,Tablet Air,Electronics,Centre de Flacq,East,1,18000,0.0,10077.66,18000.0,10077.66,7922.34
ORD02856,2024-01-10,C0067,Mechanical Keyboard,Accessories,Quatre Bornes,West,1,4200,0.0,3137.57,4200.0,3137.57,1062.43
ORD02857,2025-09-03,C0313,Mechanical Keyboard,Accessories,Port Louis,North,1,4200,0.0,2844.58,4200.0,2844.58,1355.42
ORD02858,2024-09-12,C0199,Gaming Mouse,Accessories,Mahebourg,South,3,2200,0.0,1548.32,6600.0,4644.96,1955.04
ORD02859,2025-08-25,C0458,Standing Desk,Furniture,Flacq,East,2,15000,0.0,9466.53,30000.0,18933.06,11066.94
ORD02860,2024-04-18,C0354,USB-C Hub,Accessories,Pamplemousses,North,2,1800,0.0,1295.99,3600.0,2591.98,1008.02
ORD02861,2024-11-22,C0225,Gaming Mouse,Accessories,Curepipe,South,1,2200,0.0,1596.73,2200.0,1596.73,603.27
ORD02862,2024-11-13,C0428,Printer,Office,Black River,West,1,9500,0.0,6737.99,9500.0,6737.99,2762.01
ORD02863,2025-03-04,C0084,Printer,Office,Pamplemousses,North,2,9500,0.0,5411.25,19000.0,10822.5,8177.5
ORD02864,2025-01-11,C0017,Office Lamp,Office,Centre de Flacq,East,1,1800,0.05,1159.11,1710.0,1159.11,550.89
ORD02865,2025-07-28,C0216,Office Chair,Furniture,Port Louis,North,1,8500,0.0,6142.87,8500.0,6142.87,2357.13
ORD02866,2025-08-22,C0301,Printer,Office,Quatre Bornes,West,3,9500,0.0,5291.16,28500.0,15873.48,12626.52
ORD02867,2024-06-19,C0173,Laptop Pro 14,Electronics,Quatre Bornes,West,1,45000,0.1,32742.54,40500.0,32742.54,7757.46
ORD02868,2024-03-10,C0385,Tablet Air,Electronics,Centre de Flacq,East,3,18000,0.0,11292.45,54000.0,33877.35,20122.65
ORD02869,2024-02-09,C0398,Laptop Pro 14,Electronics,Centre de Flacq,East,1,45000,0.0,26498.57,45000.0,26498.57,18501.43
ORD02870,2025-04-03,C0303,Monitor 27,Electronics,Mahebourg,South,1,12000,0.05,8354.64,11400.0,8354.64,3045.36
ORD02871,2025-03-03,C0485,Office Lamp,Office,Port Louis,North,2,1800,0.05,1264.22,3420.0,2528.44,891.56
ORD02872,2025-10-08,C0478,Mechanical Keyboard,Accessories,Port Louis,North,3,4200,0.0,2675.49,12600.0,8026.47,4573.53
ORD02873,2025-11-15,C0368,Printer,Office,Port Louis,North,1,9500,0.1,6397.42,8550.0,6397.42,2152.58
ORD02874,2024-01-16,C0354,Tablet Air,Electronics,Pamplemousses,North,1,18000,0.0,12747.0,18000.0,12747.0,5253.0
ORD02875,2024-11-21,C0099,Laptop Pro 14,Electronics,Flacq,East,1,45000,0.0,25274.18,45000.0,25274.18,19725.82
ORD02876,2025-01-31,C0316,Printer,Office,Black River,West,1,9500,0.0,7338.25,9500.0,7338.25,2161.75
ORD02877,2025-12-29,C0230,Laptop Pro 14,Electronics,Black River,West,3,45000,0.0,33350.92,135000.0,100052.76,34947.24
ORD02878,2024-06-08,C0367,USB-C Hub,Accessories,Quatre Bornes,West,1,1800,0.05,1274.24,1710.0,1274.24,435.76
ORD02879,2024-05-07,C0242,Gaming Mouse,Accessories,Curepipe,South,1,2200,0.0,1277.34,2200.0,1277.34,922.66
ORD02880,2024-02-29,C0319,Wireless Headphones,Accessories,Quatre Bornes,West,2,6500,0.05,3589.55,12350.0,7179.1,5170.9
ORD02881,2025-07-22,C0478,Smartphone X,Electronics,Centre de Flacq,East,2,28000,0.0,16390.88,56000.0,32781.76,23218.24
ORD02882,2024-04-07,C0469,Wireless Headphones,Accessories,Port Louis,North,1,6500,0.0,4235.83,6500.0,4235.83,2264.17
ORD02883,2024-04-01,C0454,Mechanical Keyboard,Accessories,Mahebourg,South,1,4200,0.05,2370.31,3990.0,2370.31,1619.69
ORD02884,2024-10-03,C0476,Standing Desk,Furniture,Port Louis,North,2,15000,0.0,9972.91,30000.0,19945.82,10054.18
ORD02885,2025-06-15,C0265,Standing Desk,Furniture,Black River,West,1,15000,0.0,11425.13,15000.0,11425.13,3574.87
ORD02886,2024-01-04,C0393,Monitor 27,Electronics,Pamplemousses,North,2,12000,0.1,8257.97,21600.0,16515.94,5084.06
ORD02887,2024-07-26,C0081,Monitor 27,Electronics,Quatre Bornes,West,1,12000,0.0,8277.31,12000.0,8277.31,3722.69
ORD02888,2024-12-21,C0285,Printer,Office,Curepipe,South,2,9500,0.05,5285.34,18050.0,10570.68,7479.32
ORD02889,2024-02-06,C0269,Standing Desk,Furniture,Mahebourg,South,1,15000,0.1,8760.29,13500.0,8760.29,4739.71
ORD02890,2024-03-02,C0456,Gaming Mouse,Accessories,Curepipe,South,4,2200,0.0,1275.76,8800.0,5103.04,3696.96
ORD02891,2024-03-11,C0212,Office Chair,Furniture,Mahebourg,South,2,8500,0.0,5466.45,17000.0,10932.9,6067.1
ORD02892,2024-03-18,C0043,Wireless Headphones,Accessories,Port Louis,North,1,6500,0.0,4921.67,6500.0,4921.67,1578.33
ORD02893,2024-03-08,C0425,USB-C Hub,Accessories,Quatre Bornes,West,2,1800,0.0,1086.29,3600.0,2172.58,1427.42
ORD02894,2025-08-28,C0491,Mechanical Keyboard,Accessories,Port Louis,North,1,4200,0.15,2612.75,3570.0,2612.75,957.25
ORD02895,2024-01-19,C0470,Laptop Pro 14,Electronics,Pamplemousses,North,1,45000,0.05,25208.84,42750.0,25208.84,17541.16
ORD02896,2025-12-05,C0208,Gaming Mouse,Accessories,Curepipe,South,2,2200,0.0,1291.14,4400.0,2582.28,1817.72
ORD02897,2025-03-18,C0364,Smartphone X,Electronics,Pamplemousses,North,2,28000,0.15,18610.39,47600.0,37220.78,10379.22
ORD02898,2024-07-06,C0039,Mechanical Keyboard,Accessories,Flacq,East,1,4200,0.1,2358.46,3780.0,2358.46,1421.54
ORD02899,2025-10-04,C0098,Mechanical Keyboard,Accessories,Quatre Bornes,West,1,4200,0.15,2417.39,3570.0,2417.39,1152.61
ORD02900,2024-02-26,C0212,Office Lamp,Office,Centre de Flacq,East,2,1800,0.05,1038.36,3420.0,2076.72,1343.28
ORD02901,2024-02-10,C0209,Wireless Headphones,Accessories,Quatre Bornes,West,2,6500,0.05,4333.03,12350.0,8666.06,3683.94
ORD02902,2025-08-22,C0077,Mechanical Keyboard,Accessories,Mahebourg,South,1,4200,0.0,2877.35,4200.0,2877.35,1322.65
ORD02903,2024-04-04,C0036,Gaming Mouse,Accessories,Centre de Flacq,East,2,2200,0.0,1534.63,4400.0,3069.26,1330.74
ORD02904,2024-07-05,C0220,Standing Desk,Furniture,Pamplemousses,North,2,15000,0.05,8901.8,28500.0,17803.6,10696.4
ORD02905,2025-09-02,C0189,Office Chair,Furniture,Pamplemousses,North,1,8500,0.0,4850.18,8500.0,4850.18,3649.82
ORD02906,2025-07-09,C0260,Office Chair,Furniture,Black River,West,1,8500,0.0,4875.22,8500.0,4875.22,3624.78
ORD02907,2024-08-26,C0395,Laptop Pro 14,Electronics,Mahebourg,South,1,45000,0.0,30828.76,45000.0,30828.76,14171.24
ORD02908,2025-09-18,C0176,Gaming Mouse,Accessories,Flacq,East,1,2200,0.05,1516.59,2090.0,1516.59,573.41
ORD02909,2024-08-15,C0350,Mechanical Keyboard,Accessories,Black River,West,1,4200,0.05,2912.81,3990.0,2912.81,1077.19
ORD02910,2025-03-30,C0286,Tablet Air,Electronics,Mahebourg,South,2,18000,0.05,10532.31,34200.0,21064.62,13135.38
ORD02911,2025-02-02,C0371,Monitor 27,Electronics,Port Louis,North,1,12000,0.0,7493.89,12000.0,7493.89,4506.11
ORD02912,2024-04-18,C0330,USB-C Hub,Accessories,Centre de Flacq,East,1,1800,0.05,1201.83,1710.0,1201.83,508.17
ORD02913,2025-12-13,C0424,USB-C Hub,Accessories,Port Louis,North,2,1800,0.1,1002.3,3240.0,2004.6,1235.4
ORD02914,2024-01-03,C0259,Laptop Pro 14,Electronics,Port Louis,North,2,45000,0.0,32107.06,90000.0,64214.12,25785.88
ORD02915,2024-04-02,C0432,Tablet Air,Electronics,Port Louis,North,2,18000,0.05,12378.92,34200.0,24757.84,9442.16
ORD02916,2025-11-09,C0304,USB-C Hub,Accessories,Pamplemousses,North,1,1800,0.0,1040.81,1800.0,1040.81,759.19
ORD02917,2025-01-03,C0288,Tablet Air,Electronics,Flacq,East,2,18000,0.1,13581.39,32400.0,27162.78,5237.22
ORD02918,2024-09-11,C0135,Mechanical Keyboard,Accessories,Port Louis,North,1,4200,0.05,2734.78,3990.0,2734.78,1255.22
ORD02919,2025-11-15,C0212,Tablet Air,Electronics,Pamplemousses,North,1,18000,0.0,10368.48,18000.0,10368.48,7631.52
ORD02920,2024-12-21,C0500,Office Chair,Furniture,Port Louis,North,1,8500,0.05,6056.16,8075.0,6056.16,2018.84
ORD02921,2025-05-09,C0128,Office Chair,Furniture,Mahebourg,South,1,8500,0.1,5321.82,7650.0,5321.82,2328.18
ORD02922,2025-08-25,C0410,USB-C Hub,Accessories,Flacq,East,2,1800,0.0,1280.61,3600.0,2561.22,1038.78
ORD02923,2025-11-05,C0097,Office Lamp,Office,Curepipe,South,2,1800,0.15,1180.8,3060.0,2361.6,698.4
ORD02924,2025-07-16,C0101,Gaming Mouse,Accessories,Flacq,East,2,2200,0.0,1570.92,4400.0,3141.84,1258.16
ORD02925,2024-04-28,C0103,Gaming Mouse,Accessories,Pamplemousses,North,3,2200,0.1,1614.22,5940.0,4842.66,1097.34
ORD02926,2024-11-28,C0425,Smartphone X,Electronics,Quatre Bornes,West,1,28000,0.0,16006.06,28000.0,16006.06,11993.94
ORD02927,2024-11-13,C0100,Wireless Headphones,Accessories,Curepipe,South,1,6500,0.0,4659.98,6500.0,4659.98,1840.02
ORD02928,2025-03-19,C0479,Mechanical Keyboard,Accessories,Black River,West,3,4200,0.0,2796.29,12600.0,8388.87,4211.13
ORD02929,2025-02-07,C0234,Gaming Mouse,Accessories,Centre de Flacq,East,1,2200,0.1,1437.24,1980.0,1437.24,542.76
ORD02930,2024-07-16,C0292,Standing Desk,Furniture,Mahebourg,South,1,15000,0.15,10363.27,12750.0,10363.27,2386.73
ORD02931,2024-07-25,C0192,Smartphone X,Electronics,Black River,West,2,28000,0.0,21240.5,56000.0,42481.0,13519.0
ORD02932,2024-12-09,C0317,Laptop Pro 14,Electronics,Flacq,East,1,45000,0.0,34578.31,45000.0,34578.31,10421.69
ORD02933,2025-11-23,C0304,Printer,Office,Port Louis,North,1,9500,0.05,6951.1,9025.0,6951.1,2073.9
ORD02934,2024-03-08,C0047,Printer,Office,Quatre Bornes,West,1,9500,0.05,6982.93,9025.0,6982.93,2042.07
ORD02935,2024-12-24,C0283,Monitor 27,Electronics,Port Louis,North,1,12000,0.0,7830.2,12000.0,7830.2,4169.8
ORD02936,2024-05-07,C0056,Tablet Air,Electronics,Black River,West,1,18000,0.0,13556.73,18000.0,13556.73,4443.27
ORD02937,2025-10-18,C0125,USB-C Hub,Accessories,Mahebourg,South,1,1800,0.0,1023.26,1800.0,1023.26,776.74
ORD02938,2025-05-28,C0030,Standing Desk,Furniture,Pamplemousses,North,1,15000,0.0,8528.79,15000.0,8528.79,6471.21
ORD02939,2024-02-25,C0386,Office Chair,Furniture,Black River,West,2,8500,0.0,5091.85,17000.0,10183.7,6816.3
ORD02940,2025-06-16,C0446,Wireless Headphones,Accessories,Centre de Flacq,East,2,6500,0.0,4208.25,13000.0,8416.5,4583.5
ORD02941,2025-04-14,C0116,USB-C Hub,Accessories,Port Louis,North,1,1800,0.15,1198.96,1530.0,1198.96,331.04
ORD02942,2024-04-24,C0489,Monitor 27,Electronics,Port Louis,North,1,12000,0.0,6783.5,12000.0,6783.5,5216.5
ORD02943,2024-03-08,C0128,Tablet Air,Electronics,Mahebourg,South,2,18000,0.0,12670.16,36000.0,25340.32,10659.68
ORD02944,2024-01-01,C0174,Office Chair,Furniture,Centre de Flacq,East,1,8500,0.0,6186.09,8500.0,6186.09,2313.91
ORD02945,2024-02-14,C0157,Monitor 27,Electronics,Port Louis,North,1,12000,0.05,8145.89,11400.0,8145.89,3254.11
ORD02946,2025-08-19,C0452,Standing Desk,Furniture,Port Louis,North,2,15000,0.05,9088.55,28500.0,18177.1,10322.9
ORD02947,2025-03-24,C0237,Gaming Mouse,Accessories,Black River,West,2,2200,0.0,1689.61,4400.0,3379.22,1020.78
ORD02948,2024-07-30,C0223,Smartphone X,Electronics,Pamplemousses,North,1,28000,0.05,16601.06,26600.0,16601.06,9998.94
ORD02949,2024-07-14,C0481,Standing Desk,Furniture,Quatre Bornes,West,1,15000,0.0,9446.49,15000.0,9446.49,5553.51
ORD02950,2025-08-04,C0498,Monitor 27,Electronics,Pamplemousses,North,1,12000,0.15,7421.18,10200.0,7421.18,2778.82
ORD02951,2024-06-19,C0088,Office Chair,Furniture,Port Louis,North,1,8500,0.0,6310.78,8500.0,6310.78,2189.22
ORD02952,2024-09-17,C0489,Mechanical Keyboard,Accessories,Flacq,East,1,4200,0.0,2757.57,4200.0,2757.57,1442.43
ORD02953,2024-08-21,C0318,Wireless Headphones,Accessories,Curepipe,South,2,6500,0.0,4713.16,13000.0,9426.32,3573.68
ORD02954,2024-12-08,C0163,Smartphone X,Electronics,Flacq,East,3,28000,0.0,15490.04,84000.0,46470.12,37529.88
ORD02955,2024-02-26,C0193,USB-C Hub,Accessories,Black River,West,1,1800,0.0,1261.15,1800.0,1261.15,538.85
ORD02956,2024-06-13,C0243,Printer,Office,Curepipe,South,1,9500,0.0,5414.16,9500.0,5414.16,4085.84
ORD02957,2025-10-24,C0395,Printer,Office,Quatre Bornes,West,2,9500,0.05,5649.41,18050.0,11298.82,6751.18
ORD02958,2024-08-12,C0208,Tablet Air,Electronics,Curepipe,South,1,18000,0.0,13716.39,18000.0,13716.39,4283.61
ORD02959,2025-06-11,C0244,Laptop Pro 14,Electronics,Flacq,East,2,45000,0.05,34107.25,85500.0,68214.5,17285.5
ORD02960,2025-07-16,C0284,Mechanical Keyboard,Accessories,Mahebourg,South,1,4200,0.0,3220.11,4200.0,3220.11,979.89
ORD02961,2024-02-01,C0138,Office Chair,Furniture,Black River,West,2,8500,0.05,5653.56,16150.0,11307.12,4842.88
ORD02962,2024-07-18,C0472,Office Lamp,Office,Port Louis,North,1,1800,0.1,1167.73,1620.0,1167.73,452.27
ORD02963,2025-08-24,C0104,Gaming Mouse,Accessories,Curepipe,South,1,2200,0.0,1538.73,2200.0,1538.73,661.27
ORD02964,2024-09-10,C0084,Gaming Mouse,Accessories,Curepipe,South,1,2200,0.0,1481.4,2200.0,1481.4,718.6
ORD02965,2024-09-15,C0136,Office Chair,Furniture,Black River,West,2,8500,0.0,6397.69,17000.0,12795.38,4204.62
ORD02966,2024-09-04,C0247,Mechanical Keyboard,Accessories,Centre de Flacq,East,1,4200,0.1,3104.46,3780.0,3104.46,675.54
ORD02967,2025-11-29,C0263,Monitor 27,Electronics,Pamplemousses,North,2,12000,0.0,9264.63,24000.0,18529.26,5470.74
ORD02968,2024-01-23,C0477,Gaming Mouse,Accessories,Mahebourg,South,1,2200,0.1,1240.31,1980.0,1240.31,739.69
ORD02969,2025-01-17,C0419,Standing Desk,Furniture,Pamplemousses,North,2,15000,0.0,8956.05,30000.0,17912.1,12087.9
ORD02970,2025-11-15,C0327,USB-C Hub,Accessories,Port Louis,North,1,1800,0.05,1272.47,1710.0,1272.47,437.53
ORD02971,2024-10-21,C0261,Office Lamp,Office,Port Louis,North,2,1800,0.0,1022.05,3600.0,2044.1,1555.9
ORD02972,2025-12-06,C0128,Printer,Office,Pamplemousses,North,1,9500,0.0,5490.29,9500.0,5490.29,4009.71
ORD02973,2024-04-26,C0260,Office Lamp,Office,Black River,West,1,1800,0.15,996.22,1530.0,996.22,533.78
ORD02974,2024-10-02,C0228,Wireless Headphones,Accessories,Curepipe,South,2,6500,0.1,4248.07,11700.0,8496.14,3203.86
ORD02975,2024-04-04,C0381,Wireless Headphones,Accessories,Curepipe,South,2,6500,0.05,4958.41,12350.0,9916.82,2433.18
ORD02976,2024-02-11,C0369,Tablet Air,Electronics,Quatre Bornes,West,1,18000,0.1,12415.97,16200.0,12415.97,3784.03
ORD02977,2025-03-05,C0315,Gaming Mouse,Accessories,Quatre Bornes,West,1,2200,0.0,1212.21,2200.0,1212.21,987.79
ORD02978,2025-08-16,C0327,Wireless Headphones,Accessories,Quatre Bornes,West,1,6500,0.05,3953.77,6175.0,3953.77,2221.23
ORD02979,2025-02-14,C0350,Office Chair,Furniture,Pamplemousses,North,1,8500,0.0,6570.69,8500.0,6570.69,1929.31
ORD02980,2024-10-16,C0191,Tablet Air,Electronics,Pamplemousses,North,1,18000,0.05,12725.85,17100.0,12725.85,4374.15
ORD02981,2024-12-12,C0268,USB-C Hub,Accessories,Quatre Bornes,West,1,1800,0.15,1171.42,1530.0,1171.42,358.58
ORD02982,2024-03-19,C0453,Tablet Air,Electronics,Centre de Flacq,East,1,18000,0.1,13724.73,16200.0,13724.73,2475.27
ORD02983,2025-05-14,C0305,Wireless Headphones,Accessories,Pamplemousses,North,1,6500,0.0,3677.42,6500.0,3677.42,2822.58
ORD02984,2025-05-12,C0339,Gaming Mouse,Accessories,Pamplemousses,North,1,2200,0.0,1548.04,2200.0,1548.04,651.96
ORD02985,2024-10-29,C0500,Wireless Headphones,Accessories,Mahebourg,South,2,6500,0.0,4959.43,13000.0,9918.86,3081.14
ORD02986,2024-03-15,C0028,Smartphone X,Electronics,Mahebourg,South,1,28000,0.0,16544.39,28000.0,16544.39,11455.61
ORD02987,2025-04-19,C0090,Standing Desk,Furniture,Quatre Bornes,West,2,15000,0.0,9344.99,30000.0,18689.98,11310.02
ORD02988,2024-10-24,C0498,Standing Desk,Furniture,Pamplemousses,North,2,15000,0.0,8362.93,30000.0,16725.86,13274.14
ORD02989,2025-02-16,C0270,Gaming Mouse,Accessories,Black River,West,2,2200,0.0,1406.2,4400.0,2812.4,1587.6
ORD02990,2025-04-11,C0019,Standing Desk,Furniture,Pamplemousses,North,1,15000,0.05,9302.23,14250.0,9302.23,4947.77
ORD02991,2025-01-30,C0300,USB-C Hub,Accessories,Pamplemousses,North,3,1800,0.1,1391.91,4860.0,4175.73,684.27
ORD02992,2024-02-28,C0399,Office Lamp,Office,Centre de Flacq,East,1,1800,0.0,1109.84,1800.0,1109.84,690.16
ORD02993,2025-11-06,C0316,USB-C Hub,Accessories,Black River,West,1,1800,0.0,1386.83,1800.0,1386.83,413.17
ORD02994,2024-08-27,C0011,Printer,Office,Flacq,East,1,9500,0.05,5380.0,9025.0,5380.0,3645.0
ORD02995,2024-12-02,C0280,Office Chair,Furniture,Port Louis,North,1,8500,0.0,6280.63,8500.0,6280.63,2219.37
ORD02996,2024-10-31,C0253,Wireless Headphones,Accessories,Black River,West,3,6500,0.0,4257.16,19500.0,12771.48,6728.52
ORD02997,2025-04-19,C0107,Wireless Headphones,Accessories,Curepipe,South,1,6500,0.05,4387.22,6175.0,4387.22,1787.78
ORD02998,2024-06-19,C0405,Smartphone X,Electronics,Pamplemousses,North,1,28000,0.05,20130.96,26600.0,20130.96,6469.04
ORD02999,2024-04-11,C0383,Gaming Mouse,Accessories,Curepipe,South,1,2200,0.05,1630.65,2090.0,1630.65,459.35
ORD03000,2025-02-09,C0111,Printer,Office,Centre de Flacq,East,1,9500,0.0,5596.92,9500.0,5596.92,3903.08
ORD03001,2024-03-08,C0423,Mechanical Keyboard,Accessories,Mahebourg,South,1,4200,0.05,3230.77,3990.0,3230.77,759.23
ORD03002,2024-02-04,C0006,Tablet Air,Electronics,Curepipe,South,1,18000,0.05,12560.97,17100.0,12560.97,4539.03
ORD03003,2025-12-30,C0018,Gaming Mouse,Accessories,Mahebourg,South,2,2200,0.0,1526.78,4400.0,3053.56,1346.44
ORD03004,2024-07-23,C0034,USB-C Hub,Accessories,Pamplemousses,North,2,1800,0.05,1081.46,3420.0,2162.92,1257.08
ORD03005,2024-03-23,C0316,Smartphone X,Electronics,Pamplemousses,North,1,28000,0.05,19996.93,26600.0,19996.93,6603.07
ORD03006,2024-09-14,C0357,Office Lamp,Office,Quatre Bornes,West,4,1800,0.1,1148.54,6480.0,4594.16,1885.84
ORD03007,2024-03-20,C0169,Laptop Pro 14,Electronics,Quatre Bornes,West,1,45000,0.0,31262.42,45000.0,31262.42,13737.58
ORD03008,2024-11-29,C0088,Office Lamp,Office,Black River,West,2,1800,0.0,1249.32,3600.0,2498.64,1101.36
ORD03009,2025-09-06,C0013,USB-C Hub,Accessories,Pamplemousses,North,2,1800,0.0,1358.13,3600.0,2716.26,883.74
ORD03010,2025-02-20,C0480,Monitor 27,Electronics,Pamplemousses,North,1,12000,0.15,7078.47,10200.0,7078.47,3121.53
ORD03011,2025-08-05,C0368,Laptop Pro 14,Electronics,Black River,West,1,45000,0.05,31534.07,42750.0,31534.07,11215.93
ORD03012,2025-09-10,C0485,Tablet Air,Electronics,Black River,West,1,18000,0.0,11762.08,18000.0,11762.08,6237.92
ORD03013,2024-10-13,C0263,Smartphone X,Electronics,Centre de Flacq,East,1,28000,0.0,21617.76,28000.0,21617.76,6382.24
ORD03014,2025-07-14,C0283,Laptop Pro 14,Electronics,Centre de Flacq,East,2,45000,0.05,27204.96,85500.0,54409.92,31090.08
ORD03015,2025-04-22,C0455,Monitor 27,Electronics,Flacq,East,4,12000,0.1,8888.46,43200.0,35553.84,7646.16
ORD03016,2024-01-27,C0165,Laptop Pro 14,Electronics,Port Louis,North,1,45000,0.0,33437.82,45000.0,33437.82,11562.18
ORD03017,2025-01-16,C0263,Smartphone X,Electronics,Flacq,East,1,28000,0.05,18951.04,26600.0,18951.04,7648.96
ORD03018,2024-03-24,C0251,Monitor 27,Electronics,Port Louis,North,1,12000,0.1,8105.15,10800.0,8105.15,2694.85
ORD03019,2025-07-22,C0171,Printer,Office,Mahebourg,South,4,9500,0.0,7378.68,38000.0,29514.72,8485.28
ORD03020,2025-10-01,C0290,Mechanical Keyboard,Accessories,Black River,West,3,4200,0.0,2335.4,12600.0,7006.2,5593.8
ORD03021,2024-09-19,C0200,Gaming Mouse,Accessories,Black River,West,1,2200,0.0,1354.92,2200.0,1354.92,845.08
ORD03022,2024-07-19,C0389,Wireless Headphones,Accessories,Black River,West,3,6500,0.05,5026.69,18525.0,15080.07,3444.93
ORD03023,2025-12-21,C0414,Laptop Pro 14,Electronics,Flacq,East,1,45000,0.0,28357.67,45000.0,28357.67,16642.33
ORD03024,2024-05-06,C0064,Standing Desk,Furniture,Port Louis,North,1,15000,0.05,10587.15,14250.0,10587.15,3662.85
ORD03025,2024-12-12,C0462,Laptop Pro 14,Electronics,Quatre Bornes,West,1,45000,0.1,33485.98,40500.0,33485.98,7014.02
ORD03026,2025-12-13,C0265,Office Chair,Furniture,Black River,West,1,8500,0.0,5812.37,8500.0,5812.37,2687.63
ORD03027,2024-05-11,C0293,Printer,Office,Mahebourg,South,3,9500,0.0,6915.6,28500.0,20746.8,7753.2
ORD03028,2025-08-01,C0242,Laptop Pro 14,Electronics,Centre de Flacq,East,2,45000,0.05,30285.04,85500.0,60570.08,24929.92
ORD03029,2024-02-10,C0196,Mechanical Keyboard,Accessories,Flacq,East,1,4200,0.0,3180.99,4200.0,3180.99,1019.01
ORD03030,2025-02-05,C0467,Mechanical Keyboard,Accessories,Black River,West,1,4200,0.0,2711.62,4200.0,2711.62,1488.38
ORD03031,2024-10-30,C0110,Monitor 27,Electronics,Black River,West,2,12000,0.1,8180.84,21600.0,16361.68,5238.32
ORD03032,2025-06-26,C0058,Smartphone X,Electronics,Port Louis,North,1,28000,0.05,16888.14,26600.0,16888.14,9711.86
ORD03033,2024-01-13,C0379,Laptop Pro 14,Electronics,Port Louis,North,1,45000,0.0,33818.75,45000.0,33818.75,11181.25
ORD03034,2024-01-10,C0418,Printer,Office,Black River,West,1,9500,0.0,5397.3,9500.0,5397.3,4102.7
ORD03035,2025-09-10,C0067,Wireless Headphones,Accessories,Quatre Bornes,West,3,6500,0.0,4367.39,19500.0,13102.17,6397.83
ORD03036,2025-10-06,C0068,USB-C Hub,Accessories,Pamplemousses,North,2,1800,0.1,1104.5,3240.0,2209.0,1031.0
ORD03037,2025-05-04,C0010,Laptop Pro 14,Electronics,Curepipe,South,1,45000,0.0,29461.17,45000.0,29461.17,15538.83
ORD03038,2025-07-22,C0313,Gaming Mouse,Accessories,Curepipe,South,2,2200,0.1,1470.04,3960.0,2940.08,1019.92
ORD03039,2024-03-12,C0424,Office Lamp,Office,Pamplemousses,North,1,1800,0.0,1374.25,1800.0,1374.25,425.75
ORD03040,2024-11-10,C0458,Smartphone X,Electronics,Port Louis,North,1,28000,0.05,18233.81,26600.0,18233.81,8366.19
ORD03041,2025-02-24,C0410,Laptop Pro 14,Electronics,Flacq,East,4,45000,0.1,25368.29,162000.0,101473.16,60526.84
ORD03042,2024-02-09,C0497,Office Chair,Furniture,Quatre Bornes,West,1,8500,0.1,5226.44,7650.0,5226.44,2423.56
ORD03043,2025-08-19,C0412,Monitor 27,Electronics,Mahebourg,South,1,12000,0.15,7625.57,10200.0,7625.57,2574.43
ORD03044,2024-12-21,C0442,Gaming Mouse,Accessories,Curepipe,South,2,2200,0.05,1698.12,4180.0,3396.24,783.76
ORD03045,2025-09-26,C0352,Tablet Air,Electronics,Port Louis,North,2,18000,0.15,10474.37,30600.0,20948.74,9651.26
ORD03046,2025-04-29,C0025,Office Lamp,Office,Quatre Bornes,West,1,1800,0.0,1375.99,1800.0,1375.99,424.01
ORD03047,2025-11-28,C0462,Office Lamp,Office,Black River,West,1,1800,0.0,1358.77,1800.0,1358.77,441.23
ORD03048,2025-02-17,C0122,Printer,Office,Centre de Flacq,East,1,9500,0.05,6067.11,9025.0,6067.11,2957.89
ORD03049,2024-03-05,C0182,Standing Desk,Furniture,Curepipe,South,2,15000,0.0,8661.94,30000.0,17323.88,12676.12
ORD03050,2024-06-07,C0091,Smartphone X,Electronics,Mahebourg,South,2,28000,0.05,20843.42,53200.0,41686.84,11513.16
ORD03051,2024-01-17,C0172,USB-C Hub,Accessories,Port Louis,North,2,1800,0.05,1161.19,3420.0,2322.38,1097.62
ORD03052,2024-05-22,C0248,Office Lamp,Office,Centre de Flacq,East,1,1800,0.0,1373.01,1800.0,1373.01,426.99
ORD03053,2024-10-09,C0163,Wireless Headphones,Accessories,Black River,West,1,6500,0.1,3649.91,5850.0,3649.91,2200.09
ORD03054,2024-09-07,C0318,Tablet Air,Electronics,Port Louis,North,1,18000,0.0,11747.82,18000.0,11747.82,6252.18
ORD03055,2025-08-17,C0332,USB-C Hub,Accessories,Pamplemousses,North,1,1800,0.05,1163.93,1710.0,1163.93,546.07
ORD03056,2025-10-27,C0269,Office Chair,Furniture,Flacq,East,2,8500,0.0,6496.23,17000.0,12992.46,4007.54
ORD03057,2025-06-07,C0162,Tablet Air,Electronics,Centre de Flacq,East,2,18000,0.0,11354.63,36000.0,22709.26,13290.74
ORD03058,2025-07-04,C0375,Monitor 27,Electronics,Port Louis,North,1,12000,0.0,7946.83,12000.0,7946.83,4053.17
ORD03059,2024-06-18,C0326,Gaming Mouse,Accessories,Quatre Bornes,West,1,2200,0.05,1356.29,2090.0,1356.29,733.71
ORD03060,2025-02-07,C0202,USB-C Hub,Accessories,Flacq,East,1,1800,0.0,1010.92,1800.0,1010.92,789.08
ORD03061,2024-12-09,C0159,Mechanical Keyboard,Accessories,Port Louis,North,1,4200,0.1,2631.62,3780.0,2631.62,1148.38
ORD03062,2024-09-28,C0376,Gaming Mouse,Accessories,Quatre Bornes,West,2,2200,0.0,1293.1,4400.0,2586.2,1813.8
ORD03063,2025-12-31,C0459,Monitor 27,Electronics,Curepipe,South,1,12000,0.05,8513.78,11400.0,8513.78,2886.22
ORD03064,2024-10-27,C0292,Gaming Mouse,Accessories,Centre de Flacq,East,1,2200,0.1,1403.26,1980.0,1403.26,576.74
ORD03065,2024-11-30,C0344,Tablet Air,Electronics,Centre de Flacq,East,1,18000,0.0,11435.25,18000.0,11435.25,6564.75
ORD03066,2025-02-27,C0200,USB-C Hub,Accessories,Pamplemousses,North,1,1800,0.05,1320.54,1710.0,1320.54,389.46
ORD03067,2025-01-19,C0120,Mechanical Keyboard,Accessories,Mahebourg,South,2,4200,0.0,2589.91,8400.0,5179.82,3220.18
ORD03068,2024-05-12,C0227,Gaming Mouse,Accessories,Centre de Flacq,East,2,2200,0.0,1260.69,4400.0,2521.38,1878.62
ORD03069,2025-03-02,C0033,Monitor 27,Electronics,Curepipe,South,1,12000,0.0,6965.83,12000.0,6965.83,5034.17
ORD03070,2025-08-25,C0049,Standing Desk,Furniture,Pamplemousses,North,1,15000,0.0,10628.7,15000.0,10628.7,4371.3
ORD03071,2024-06-28,C0035,Smartphone X,Electronics,Black River,West,1,28000,0.0,18506.41,28000.0,18506.41,9493.59
ORD03072,2025-08-05,C0392,Mechanical Keyboard,Accessories,Centre de Flacq,East,1,4200,0.0,2992.54,4200.0,2992.54,1207.46
ORD03073,2024-02-17,C0262,Office Chair,Furniture,Quatre Bornes,West,2,8500,0.0,6404.97,17000.0,12809.94,4190.06
ORD03074,2024-09-20,C0228,Mechanical Keyboard,Accessories,Pamplemousses,North,1,4200,0.0,2510.88,4200.0,2510.88,1689.12
ORD03075,2024-04-27,C0066,Mechanical Keyboard,Accessories,Port Louis,North,1,4200,0.0,2355.18,4200.0,2355.18,1844.82
ORD03076,2025-08-14,C0112,Office Lamp,Office,Pamplemousses,North,1,1800,0.1,1272.89,1620.0,1272.89,347.11
ORD03077,2025-01-02,C0036,Mechanical Keyboard,Accessories,Black River,West,1,4200,0.1,2916.93,3780.0,2916.93,863.07
ORD03078,2025-01-15,C0249,Mechanical Keyboard,Accessories,Quatre Bornes,West,4,4200,0.1,2670.91,15120.0,10683.64,4436.36
ORD03079,2025-06-07,C0282,Office Chair,Furniture,Pamplemousses,North,1,8500,0.05,5587.23,8075.0,5587.23,2487.77
ORD03080,2024-07-17,C0116,Wireless Headphones,Accessories,Flacq,East,1,6500,0.0,4269.08,6500.0,4269.08,2230.92
ORD03081,2024-05-21,C0468,Office Lamp,Office,Centre de Flacq,East,1,1800,0.0,991.4,1800.0,991.4,808.6
ORD03082,2025-09-27,C0352,Office Chair,Furniture,Port Louis,North,1,8500,0.05,5585.95,8075.0,5585.95,2489.05
ORD03083,2024-01-21,C0203,Tablet Air,Electronics,Mahebourg,South,2,18000,0.0,13892.77,36000.0,27785.54,8214.46
ORD03084,2025-02-19,C0457,Office Lamp,Office,Pamplemousses,North,2,1800,0.05,1062.23,3420.0,2124.46,1295.54
ORD03085,2025-11-18,C0189,Laptop Pro 14,Electronics,Curepipe,South,2,45000,0.05,28658.46,85500.0,57316.92,28183.08
ORD03086,2024-01-13,C0087,Office Lamp,Office,Mahebourg,South,1,1800,0.1,1278.29,1620.0,1278.29,341.71
ORD03087,2024-04-10,C0430,Laptop Pro 14,Electronics,Quatre Bornes,West,4,45000,0.0,28152.69,180000.0,112610.76,67389.24
ORD03088,2024-04-05,C0277,Laptop Pro 14,Electronics,Flacq,East,1,45000,0.0,31465.07,45000.0,31465.07,13534.93
ORD03089,2025-08-19,C0384,Monitor 27,Electronics,Flacq,East,2,12000,0.0,7501.76,24000.0,15003.52,8996.48
ORD03090,2024-06-07,C0288,USB-C Hub,Accessories,Mahebourg,South,2,1800,0.0,1354.25,3600.0,2708.5,891.5
ORD03091,2024-06-02,C0175,Monitor 27,Electronics,Port Louis,North,2,12000,0.0,7675.1,24000.0,15350.2,8649.8
ORD03092,2025-08-09,C0334,Tablet Air,Electronics,Mahebourg,South,1,18000,0.05,11039.93,17100.0,11039.93,6060.07
ORD03093,2024-08-30,C0287,Laptop Pro 14,Electronics,Centre de Flacq,East,1,45000,0.1,29409.46,40500.0,29409.46,11090.54
ORD03094,2024-07-04,C0419,Smartphone X,Electronics,Pamplemousses,North,1,28000,0.1,20223.61,25200.0,20223.61,4976.39
ORD03095,2024-02-20,C0171,Gaming Mouse,Accessories,Black River,West,3,2200,0.0,1456.02,6600.0,4368.06,2231.94
ORD03096,2024-10-12,C0100,Smartphone X,Electronics,Pamplemousses,North,1,28000,0.0,19317.89,28000.0,19317.89,8682.11
ORD03097,2024-04-28,C0279,Smartphone X,Electronics,Pamplemousses,North,1,28000,0.0,19756.39,28000.0,19756.39,8243.61
ORD03098,2025-07-28,C0028,Mechanical Keyboard,Accessories,Black River,West,2,4200,0.0,2693.09,8400.0,5386.18,3013.82
ORD03099,2025-02-20,C0452,Wireless Headphones,Accessories,Centre de Flacq,East,2,6500,0.1,3855.77,11700.0,7711.54,3988.46
ORD03100,2025-04-05,C0142,Monitor 27,Electronics,Port Louis,North,2,12000,0.1,9202.71,21600.0,18405.42,3194.58
ORD03101,2024-05-26,C0323,Printer,Office,Port Louis,North,1,9500,0.05,6967.98,9025.0,6967.98,2057.02
ORD03102,2025-06-13,C0433,Office Lamp,Office,Curepipe,South,1,1800,0.0,1233.94,1800.0,1233.94,566.06
ORD03103,2024-08-25,C0155,Mechanical Keyboard,Accessories,Quatre Bornes,West,2,4200,0.05,2362.72,7980.0,4725.44,3254.56
ORD03104,2024-03-31,C0170,Monitor 27,Electronics,Port Louis,North,1,12000,0.1,9235.12,10800.0,9235.12,1564.88
ORD03105,2024-12-27,C0426,Office Lamp,Office,Centre de Flacq,East,1,1800,0.15,1310.22,1530.0,1310.22,219.78
ORD03106,2024-05-15,C0047,Printer,Office,Curepipe,South,2,9500,0.05,6765.39,18050.0,13530.78,4519.22
ORD03107,2025-10-26,C0422,Laptop Pro 14,Electronics,Flacq,East,1,45000,0.0,32105.44,45000.0,32105.44,12894.56
ORD03108,2025-05-12,C0438,Monitor 27,Electronics,Black River,West,1,12000,0.0,7984.76,12000.0,7984.76,4015.24
ORD03109,2024-08-30,C0013,Smartphone X,Electronics,Curepipe,South,2,28000,0.05,20879.23,53200.0,41758.46,11441.54
ORD03110,2025-11-29,C0062,Monitor 27,Electronics,Flacq,East,2,12000,0.0,6943.61,24000.0,13887.22,10112.78
ORD03111,2025-07-18,C0036,Mechanical Keyboard,Accessories,Port Louis,North,1,4200,0.0,3024.14,4200.0,3024.14,1175.86
ORD03112,2024-08-03,C0411,Office Lamp,Office,Curepipe,South,2,1800,0.05,1209.68,3420.0,2419.36,1000.64
ORD03113,2025-12-13,C0482,Laptop Pro 14,Electronics,Mahebourg,South,1,45000,0.0,29286.98,45000.0,29286.98,15713.02
ORD03114,2025-12-08,C0349,Laptop Pro 14,Electronics,Pamplemousses,North,1,45000,0.0,34273.99,45000.0,34273.99,10726.01
ORD03115,2025-11-10,C0005,Monitor 27,Electronics,Centre de Flacq,East,1,12000,0.1,9124.72,10800.0,9124.72,1675.28
ORD03116,2025-12-27,C0337,Printer,Office,Pamplemousses,North,2,9500,0.0,6789.17,19000.0,13578.34,5421.66
ORD03117,2025-05-24,C0432,Smartphone X,Electronics,Mahebourg,South,1,28000,0.15,17561.44,23800.0,17561.44,6238.56
ORD03118,2024-07-14,C0391,Wireless Headphones,Accessories,Curepipe,South,1,6500,0.05,3777.42,6175.0,3777.42,2397.58
ORD03119,2024-03-23,C0185,Gaming Mouse,Accessories,Flacq,East,1,2200,0.05,1511.35,2090.0,1511.35,578.65
ORD03120,2025-05-26,C0469,Mechanical Keyboard,Accessories,Quatre Bornes,West,1,4200,0.05,3182.28,3990.0,3182.28,807.72
ORD03121,2024-03-23,C0092,Gaming Mouse,Accessories,Flacq,East,1,2200,0.1,1393.36,1980.0,1393.36,586.64
ORD03122,2024-08-29,C0301,Gaming Mouse,Accessories,Black River,West,2,2200,0.1,1220.2,3960.0,2440.4,1519.6
ORD03123,2025-11-14,C0482,USB-C Hub,Accessories,Port Louis,North,1,1800,0.05,1112.35,1710.0,1112.35,597.65
ORD03124,2024-05-07,C0088,Wireless Headphones,Accessories,Centre de Flacq,East,3,6500,0.0,4087.14,19500.0,12261.42,7238.58
ORD03125,2024-05-20,C0451,Printer,Office,Quatre Bornes,West,1,9500,0.1,7141.33,8550.0,7141.33,1408.67
ORD03126,2025-12-31,C0311,Mechanical Keyboard,Accessories,Mahebourg,South,4,4200,0.05,3119.51,15960.0,12478.04,3481.96
ORD03127,2025-11-02,C0136,Printer,Office,Port Louis,North,2,9500,0.05,6603.86,18050.0,13207.72,4842.28
ORD03128,2025-03-20,C0063,Tablet Air,Electronics,Pamplemousses,North,1,18000,0.0,10736.87,18000.0,10736.87,7263.13
ORD03129,2025-12-27,C0087,Mechanical Keyboard,Accessories,Flacq,East,1,4200,0.0,2626.51,4200.0,2626.51,1573.49
ORD03130,2024-07-28,C0426,Tablet Air,Electronics,Mahebourg,South,1,18000,0.0,10011.01,18000.0,10011.01,7988.99
ORD03131,2024-06-17,C0489,Office Chair,Furniture,Pamplemousses,North,1,8500,0.0,5779.12,8500.0,5779.12,2720.88
ORD03132,2024-10-01,C0065,Tablet Air,Electronics,Black River,West,1,18000,0.0,10151.78,18000.0,10151.78,7848.22
ORD03133,2025-03-04,C0361,Laptop Pro 14,Electronics,Black River,West,2,45000,0.0,27448.33,90000.0,54896.66,35103.34
ORD03134,2024-06-17,C0209,Gaming Mouse,Accessories,Curepipe,South,2,2200,0.05,1713.35,4180.0,3426.7,753.3
ORD03135,2025-08-18,C0021,Tablet Air,Electronics,Centre de Flacq,East,1,18000,0.1,12669.47,16200.0,12669.47,3530.53
ORD03136,2025-06-11,C0232,Standing Desk,Furniture,Centre de Flacq,East,1,15000,0.1,9418.7,13500.0,9418.7,4081.3
ORD03137,2025-02-03,C0403,Printer,Office,Centre de Flacq,East,1,9500,0.0,6250.7,9500.0,6250.7,3249.3
ORD03138,2024-09-17,C0025,Office Chair,Furniture,Centre de Flacq,East,1,8500,0.0,5983.53,8500.0,5983.53,2516.47
ORD03139,2025-05-08,C0014,Office Chair,Furniture,Curepipe,South,2,8500,0.0,5701.16,17000.0,11402.32,5597.68
ORD03140,2025-06-24,C0260,USB-C Hub,Accessories,Port Louis,North,1,1800,0.05,1298.33,1710.0,1298.33,411.67
ORD03141,2025-08-18,C0193,Office Chair,Furniture,Mahebourg,South,1,8500,0.0,6525.22,8500.0,6525.22,1974.78
ORD03142,2024-01-13,C0468,Tablet Air,Electronics,Pamplemousses,North,1,18000,0.0,12394.91,18000.0,12394.91,5605.09
ORD03143,2024-11-17,C0101,Wireless Headphones,Accessories,Quatre Bornes,West,2,6500,0.0,4969.77,13000.0,9939.54,3060.46
ORD03144,2025-01-26,C0024,Wireless Headphones,Accessories,Mahebourg,South,1,6500,0.0,4265.82,6500.0,4265.82,2234.18
ORD03145,2024-02-12,C0101,USB-C Hub,Accessories,Curepipe,South,3,1800,0.05,1241.14,5130.0,3723.42,1406.58
ORD03146,2025-07-28,C0479,Laptop Pro 14,Electronics,Flacq,East,1,45000,0.05,27961.71,42750.0,27961.71,14788.29
ORD03147,2024-03-13,C0453,Mechanical Keyboard,Accessories,Black River,West,1,4200,0.0,2553.2,4200.0,2553.2,1646.8
ORD03148,2024-03-27,C0419,Wireless Headphones,Accessories,Flacq,East,4,6500,0.1,4557.08,23400.0,18228.32,5171.68
ORD03149,2025-04-06,C0153,Office Chair,Furniture,Centre de Flacq,East,1,8500,0.0,6403.21,8500.0,6403.21,2096.79
ORD03150,2024-09-28,C0395,Tablet Air,Electronics,Port Louis,North,1,18000,0.0,10687.59,18000.0,10687.59,7312.41
ORD03151,2025-10-23,C0429,USB-C Hub,Accessories,Centre de Flacq,East,3,1800,0.1,1106.64,4860.0,3319.92,1540.08
ORD03152,2024-08-24,C0287,Printer,Office,Mahebourg,South,1,9500,0.1,6222.01,8550.0,6222.01,2327.99
ORD03153,2025-10-11,C0047,Laptop Pro 14,Electronics,Quatre Bornes,West,4,45000,0.0,30847.81,180000.0,123391.24,56608.76
ORD03154,2025-05-29,C0135,Standing Desk,Furniture,Pamplemousses,North,1,15000,0.1,10559.71,13500.0,10559.71,2940.29
ORD03155,2025-06-15,C0469,USB-C Hub,Accessories,Black River,West,1,1800,0.0,1049.54,1800.0,1049.54,750.46
ORD03156,2025-11-15,C0455,Laptop Pro 14,Electronics,Flacq,East,1,45000,0.0,27080.78,45000.0,27080.78,17919.22
ORD03157,2024-02-03,C0496,USB-C Hub,Accessories,Mahebourg,South,2,1800,0.15,1014.86,3060.0,2029.72,1030.28
ORD03158,2025-09-18,C0339,Office Chair,Furniture,Curepipe,South,2,8500,0.0,6205.78,17000.0,12411.56,4588.44
ORD03159,2024-03-23,C0172,Gaming Mouse,Accessories,Port Louis,North,1,2200,0.0,1384.79,2200.0,1384.79,815.21
ORD03160,2024-09-12,C0444,Smartphone X,Electronics,Mahebourg,South,1,28000,0.05,21687.19,26600.0,21687.19,4912.81
ORD03161,2025-10-09,C0140,Mechanical Keyboard,Accessories,Black River,West,2,4200,0.05,2719.54,7980.0,5439.08,2540.92
ORD03162,2025-04-09,C0407,Monitor 27,Electronics,Port Louis,North,4,12000,0.05,7503.47,45600.0,30013.88,15586.12
ORD03163,2024-11-25,C0173,USB-C Hub,Accessories,Quatre Bornes,West,1,1800,0.0,1353.2,1800.0,1353.2,446.8
ORD03164,2024-10-29,C0469,USB-C Hub,Accessories,Mahebourg,South,1,1800,0.05,1158.72,1710.0,1158.72,551.28
ORD03165,2025-03-20,C0028,Tablet Air,Electronics,Port Louis,North,1,18000,0.0,13697.61,18000.0,13697.61,4302.39
ORD03166,2024-04-01,C0422,Wireless Headphones,Accessories,Pamplemousses,North,2,6500,0.05,3955.45,12350.0,7910.9,4439.1
ORD03167,2025-11-21,C0366,Smartphone X,Electronics,Curepipe,South,2,28000,0.0,21371.57,56000.0,42743.14,13256.86
ORD03168,2025-09-23,C0007,Monitor 27,Electronics,Port Louis,North,1,12000,0.0,7235.28,12000.0,7235.28,4764.72
ORD03169,2025-09-30,C0469,USB-C Hub,Accessories,Pamplemousses,North,1,1800,0.1,1035.2,1620.0,1035.2,584.8
ORD03170,2025-09-23,C0027,Gaming Mouse,Accessories,Centre de Flacq,East,1,2200,0.1,1595.34,1980.0,1595.34,384.66
ORD03171,2025-07-29,C0085,Monitor 27,Electronics,Flacq,East,1,12000,0.1,8910.6,10800.0,8910.6,1889.4
ORD03172,2025-08-21,C0408,Wireless Headphones,Accessories,Centre de Flacq,East,1,6500,0.05,4939.99,6175.0,4939.99,1235.01
ORD03173,2024-09-27,C0328,Printer,Office,Quatre Bornes,West,2,9500,0.0,6655.86,19000.0,13311.72,5688.28
ORD03174,2024-10-12,C0244,Standing Desk,Furniture,Flacq,East,4,15000,0.0,11413.07,60000.0,45652.28,14347.72
ORD03175,2024-05-25,C0118,Office Lamp,Office,Port Louis,North,3,1800,0.0,991.49,5400.0,2974.47,2425.53
ORD03176,2024-04-04,C0058,Printer,Office,Port Louis,North,1,9500,0.0,6324.15,9500.0,6324.15,3175.85
ORD03177,2024-04-17,C0165,Printer,Office,Port Louis,North,1,9500,0.05,6526.28,9025.0,6526.28,2498.72
ORD03178,2025-02-18,C0189,Smartphone X,Electronics,Quatre Bornes,West,1,28000,0.1,17646.21,25200.0,17646.21,7553.79
ORD03179,2025-10-04,C0486,Laptop Pro 14,Electronics,Port Louis,North,3,45000,0.15,27666.14,114750.0,82998.42,31751.58
ORD03180,2025-09-08,C0275,Office Chair,Furniture,Pamplemousses,North,1,8500,0.0,4959.85,8500.0,4959.85,3540.15
ORD03181,2024-03-04,C0357,Laptop Pro 14,Electronics,Mahebourg,South,1,45000,0.1,33616.78,40500.0,33616.78,6883.22
ORD03182,2025-08-25,C0267,Wireless Headphones,Accessories,Centre de Flacq,East,4,6500,0.0,4058.97,26000.0,16235.88,9764.12
ORD03183,2025-02-07,C0227,USB-C Hub,Accessories,Port Louis,North,3,1800,0.0,991.04,5400.0,2973.12,2426.88
ORD03184,2025-11-25,C0352,Office Lamp,Office,Port Louis,North,2,1800,0.0,1168.82,3600.0,2337.64,1262.36
ORD03185,2025-02-16,C0300,Mechanical Keyboard,Accessories,Centre de Flacq,East,1,4200,0.1,2856.69,3780.0,2856.69,923.31
ORD03186,2024-12-21,C0139,Monitor 27,Electronics,Pamplemousses,North,1,12000,0.0,8393.45,12000.0,8393.45,3606.55
ORD03187,2024-08-22,C0270,Tablet Air,Electronics,Pamplemousses,North,1,18000,0.0,13468.71,18000.0,13468.71,4531.29
ORD03188,2025-04-20,C0261,Office Lamp,Office,Mahebourg,South,1,1800,0.05,1191.16,1710.0,1191.16,518.84
ORD03189,2024-01-17,C0489,Standing Desk,Furniture,Black River,West,1,15000,0.05,8640.19,14250.0,8640.19,5609.81
ORD03190,2024-05-23,C0486,Mechanical Keyboard,Accessories,Flacq,East,2,4200,0.0,3006.69,8400.0,6013.38,2386.62
ORD03191,2025-06-19,C0140,Standing Desk,Furniture,Black River,West,3,15000,0.1,9358.95,40500.0,28076.85,12423.15
ORD03192,2025-02-01,C0371,Office Lamp,Office,Quatre Bornes,West,1,1800,0.1,1211.91,1620.0,1211.91,408.09
ORD03193,2024-02-02,C0378,Smartphone X,Electronics,Pamplemousses,North,1,28000,0.1,18030.01,25200.0,18030.01,7169.99
ORD03194,2025-03-31,C0371,USB-C Hub,Accessories,Quatre Bornes,West,1,1800,0.0,1117.65,1800.0,1117.65,682.35
ORD03195,2025-07-01,C0408,Standing Desk,Furniture,Curepipe,South,1,15000,0.05,11009.02,14250.0,11009.02,3240.98
ORD03196,2025-10-02,C0452,Wireless Headphones,Accessories,Pamplemousses,North,1,6500,0.1,4860.05,5850.0,4860.05,989.95
ORD03197,2024-08-30,C0112,Gaming Mouse,Accessories,Centre de Flacq,East,1,2200,0.0,1405.35,2200.0,1405.35,794.65
ORD03198,2025-04-30,C0072,Smartphone X,Electronics,Mahebourg,South,1,28000,0.0,21709.06,28000.0,21709.06,6290.94
ORD03199,2024-12-22,C0284,Gaming Mouse,Accessories,Pamplemousses,North,1,2200,0.0,1268.63,2200.0,1268.63,931.37
ORD03200,2024-09-16,C0330,Laptop Pro 14,Electronics,Mahebourg,South,1,45000,0.05,26826.04,42750.0,26826.04,15923.96
ORD03201,2025-12-12,C0124,Office Lamp,Office,Black River,West,2,1800,0.0,1336.58,3600.0,2673.16,926.84
ORD03202,2025-01-02,C0258,Office Lamp,Office,Pamplemousses,North,2,1800,0.1,1343.53,3240.0,2687.06,552.94
ORD03203,2024-10-05,C0337,Printer,Office,Pamplemousses,North,2,9500,0.0,6671.49,19000.0,13342.98,5657.02
ORD03204,2025-06-04,C0289,USB-C Hub,Accessories,Black River,West,3,1800,0.0,1006.81,5400.0,3020.43,2379.57
ORD03205,2024-11-15,C0037,Smartphone X,Electronics,Pamplemousses,North,1,28000,0.1,17039.48,25200.0,17039.48,8160.52
ORD03206,2024-09-21,C0130,Office Lamp,Office,Centre de Flacq,East,2,1800,0.05,1159.71,3420.0,2319.42,1100.58
ORD03207,2024-11-11,C0217,Printer,Office,Flacq,East,1,9500,0.0,7400.78,9500.0,7400.78,2099.22
ORD03208,2025-04-07,C0398,Standing Desk,Furniture,Port Louis,North,3,15000,0.0,9245.88,45000.0,27737.64,17262.36
ORD03209,2024-09-12,C0460,Office Lamp,Office,Mahebourg,South,1,1800,0.05,1019.36,1710.0,1019.36,690.64
ORD03210,2024-06-26,C0424,Printer,Office,Flacq,East,1,9500,0.0,6024.8,9500.0,6024.8,3475.2
ORD03211,2024-11-06,C0094,Printer,Office,Centre de Flacq,East,1,9500,0.0,6815.28,9500.0,6815.28,2684.72
ORD03212,2024-04-06,C0475,Office Lamp,Office,Mahebourg,South,1,1800,0.0,1309.94,1800.0,1309.94,490.06
ORD03213,2025-06-07,C0308,USB-C Hub,Accessories,Centre de Flacq,East,1,1800,0.0,1008.85,1800.0,1008.85,791.15
ORD03214,2024-02-25,C0443,Office Lamp,Office,Quatre Bornes,West,1,1800,0.05,1130.61,1710.0,1130.61,579.39
ORD03215,2024-12-05,C0445,Laptop Pro 14,Electronics,Centre de Flacq,East,1,45000,0.0,30139.93,45000.0,30139.93,14860.07
ORD03216,2024-04-04,C0270,Mechanical Keyboard,Accessories,Pamplemousses,North,1,4200,0.0,3256.57,4200.0,3256.57,943.43
ORD03217,2024-10-17,C0497,Mechanical Keyboard,Accessories,Curepipe,South,1,4200,0.1,2643.47,3780.0,2643.47,1136.53
ORD03218,2025-11-15,C0490,Monitor 27,Electronics,Quatre Bornes,West,1,12000,0.1,7953.85,10800.0,7953.85,2846.15
ORD03219,2024-12-10,C0004,Office Chair,Furniture,Port Louis,North,1,8500,0.0,6563.01,8500.0,6563.01,1936.99
ORD03220,2025-01-10,C0368,USB-C Hub,Accessories,Port Louis,North,2,1800,0.0,1280.49,3600.0,2560.98,1039.02
ORD03221,2024-04-26,C0338,Mechanical Keyboard,Accessories,Pamplemousses,North,1,4200,0.0,2793.64,4200.0,2793.64,1406.36
ORD03222,2025-07-31,C0031,Laptop Pro 14,Electronics,Black River,West,1,45000,0.0,27409.42,45000.0,27409.42,17590.58
ORD03223,2024-05-30,C0237,Printer,Office,Black River,West,1,9500,0.0,6969.4,9500.0,6969.4,2530.6
ORD03224,2024-11-28,C0421,Office Chair,Furniture,Pamplemousses,North,3,8500,0.0,6068.25,25500.0,18204.75,7295.25
ORD03225,2025-02-06,C0234,Smartphone X,Electronics,Quatre Bornes,West,1,28000,0.0,21655.14,28000.0,21655.14,6344.86
ORD03226,2024-04-01,C0088,Printer,Office,Black River,West,1,9500,0.1,5432.81,8550.0,5432.81,3117.19
ORD03227,2025-09-09,C0254,Office Chair,Furniture,Quatre Bornes,West,1,8500,0.0,6034.95,8500.0,6034.95,2465.05
ORD03228,2025-09-15,C0334,Monitor 27,Electronics,Flacq,East,1,12000,0.05,8838.69,11400.0,8838.69,2561.31
ORD03229,2025-09-14,C0422,Tablet Air,Electronics,Flacq,East,4,18000,0.0,10408.92,72000.0,41635.68,30364.32
ORD03230,2024-10-22,C0245,Gaming Mouse,Accessories,Pamplemousses,North,4,2200,0.05,1474.48,8360.0,5897.92,2462.08
ORD03231,2025-03-27,C0480,Printer,Office,Pamplemousses,North,1,9500,0.0,6603.11,9500.0,6603.11,2896.89
ORD03232,2024-01-04,C0072,Laptop Pro 14,Electronics,Port Louis,North,1,45000,0.0,27266.72,45000.0,27266.72,17733.28
ORD03233,2025-04-26,C0164,USB-C Hub,Accessories,Mahebourg,South,3,1800,0.05,1230.99,5130.0,3692.97,1437.03
ORD03234,2025-07-30,C0252,Standing Desk,Furniture,Pamplemousses,North,2,15000,0.05,11655.18,28500.0,23310.36,5189.64
ORD03235,2024-10-25,C0055,Wireless Headphones,Accessories,Black River,West,1,6500,0.1,4004.43,5850.0,4004.43,1845.57
ORD03236,2024-04-05,C0461,Smartphone X,Electronics,Curepipe,South,1,28000,0.05,16273.47,26600.0,16273.47,10326.53
ORD03237,2025-09-15,C0333,Tablet Air,Electronics,Quatre Bornes,West,1,18000,0.0,12291.66,18000.0,12291.66,5708.34
ORD03238,2025-12-11,C0151,Standing Desk,Furniture,Curepipe,South,2,15000,0.0,9646.97,30000.0,19293.94,10706.06
ORD03239,2024-04-09,C0022,Wireless Headphones,Accessories,Mahebourg,South,1,6500,0.05,3581.91,6175.0,3581.91,2593.09
ORD03240,2024-06-04,C0455,Smartphone X,Electronics,Mahebourg,South,1,28000,0.0,20358.59,28000.0,20358.59,7641.41
ORD03241,2024-07-20,C0077,Mechanical Keyboard,Accessories,Port Louis,North,1,4200,0.0,2747.17,4200.0,2747.17,1452.83
ORD03242,2025-06-26,C0271,Mechanical Keyboard,Accessories,Pamplemousses,North,2,4200,0.05,3047.72,7980.0,6095.44,1884.56
ORD03243,2024-02-20,C0369,Monitor 27,Electronics,Flacq,East,1,12000,0.0,7713.14,12000.0,7713.14,4286.86
ORD03244,2024-03-17,C0287,Monitor 27,Electronics,Quatre Bornes,West,3,12000,0.0,7573.3,36000.0,22719.9,13280.1
ORD03245,2025-07-19,C0090,Wireless Headphones,Accessories,Curepipe,South,1,6500,0.0,4869.48,6500.0,4869.48,1630.52
ORD03246,2025-01-06,C0224,Tablet Air,Electronics,Curepipe,South,1,18000,0.15,13318.92,15300.0,13318.92,1981.08
ORD03247,2025-06-07,C0072,USB-C Hub,Accessories,Port Louis,North,1,1800,0.0,1338.85,1800.0,1338.85,461.15
ORD03248,2025-03-08,C0062,Office Lamp,Office,Curepipe,South,3,1800,0.1,1013.84,4860.0,3041.52,1818.48
ORD03249,2024-05-25,C0214,Monitor 27,Electronics,Quatre Bornes,West,1,12000,0.05,7203.83,11400.0,7203.83,4196.17
ORD03250,2025-04-07,C0484,Gaming Mouse,Accessories,Pamplemousses,North,1,2200,0.0,1574.79,2200.0,1574.79,625.21
ORD03251,2024-04-11,C0400,Mechanical Keyboard,Accessories,Quatre Bornes,West,2,4200,0.05,2817.35,7980.0,5634.7,2345.3
ORD03252,2025-03-29,C0305,Mechanical Keyboard,Accessories,Pamplemousses,North,1,4200,0.0,3187.0,4200.0,3187.0,1013.0
ORD03253,2024-03-22,C0212,Printer,Office,Mahebourg,South,1,9500,0.05,5231.01,9025.0,5231.01,3793.99
ORD03254,2025-03-13,C0256,USB-C Hub,Accessories,Black River,West,1,1800,0.05,1269.62,1710.0,1269.62,440.38
ORD03255,2025-08-08,C0022,Laptop Pro 14,Electronics,Pamplemousses,North,1,45000,0.1,29565.99,40500.0,29565.99,10934.01
ORD03256,2025-11-20,C0360,Monitor 27,Electronics,Quatre Bornes,West,2,12000,0.0,6699.68,24000.0,13399.36,10600.64
ORD03257,2024-06-27,C0034,Laptop Pro 14,Electronics,Flacq,East,1,45000,0.0,28310.54,45000.0,28310.54,16689.46
ORD03258,2024-11-24,C0228,Gaming Mouse,Accessories,Centre de Flacq,East,1,2200,0.15,1692.82,1870.0,1692.82,177.18
ORD03259,2025-07-28,C0449,Smartphone X,Electronics,Quatre Bornes,West,1,28000,0.0,17072.31,28000.0,17072.31,10927.69
ORD03260,2025-07-17,C0057,Smartphone X,Electronics,Port Louis,North,3,28000,0.0,18719.32,84000.0,56157.96,27842.04
ORD03261,2024-02-02,C0034,Smartphone X,Electronics,Black River,West,2,28000,0.15,19560.12,47600.0,39120.24,8479.76
ORD03262,2024-09-26,C0421,Laptop Pro 14,Electronics,Port Louis,North,1,45000,0.05,31743.6,42750.0,31743.6,11006.4
ORD03263,2024-11-01,C0293,Standing Desk,Furniture,Port Louis,North,1,15000,0.0,11466.41,15000.0,11466.41,3533.59
ORD03264,2024-06-27,C0254,Office Lamp,Office,Black River,West,1,1800,0.05,1305.31,1710.0,1305.31,404.69
ORD03265,2024-03-05,C0470,Gaming Mouse,Accessories,Black River,West,1,2200,0.1,1399.67,1980.0,1399.67,580.33
ORD03266,2024-09-24,C0300,Office Lamp,Office,Pamplemousses,North,3,1800,0.0,1091.07,5400.0,3273.21,2126.79
ORD03267,2025-09-11,C0361,Office Chair,Furniture,Port Louis,North,1,8500,0.0,6065.48,8500.0,6065.48,2434.52
ORD03268,2025-01-12,C0043,Standing Desk,Furniture,Black River,West,1,15000,0.0,10698.59,15000.0,10698.59,4301.41
ORD03269,2024-08-16,C0461,USB-C Hub,Accessories,Centre de Flacq,East,1,1800,0.05,1275.53,1710.0,1275.53,434.47
ORD03270,2025-04-03,C0071,Mechanical Keyboard,Accessories,Quatre Bornes,West,1,4200,0.0,2936.01,4200.0,2936.01,1263.99
ORD03271,2024-12-05,C0349,Laptop Pro 14,Electronics,Quatre Bornes,West,1,45000,0.0,27688.55,45000.0,27688.55,17311.45
ORD03272,2024-08-04,C0395,Tablet Air,Electronics,Centre de Flacq,East,2,18000,0.0,10335.05,36000.0,20670.1,15329.9
ORD03273,2024-05-30,C0262,Tablet Air,Electronics,Black River,West,1,18000,0.15,13090.06,15300.0,13090.06,2209.94
ORD03274,2025-05-28,C0297,Standing Desk,Furniture,Black River,West,1,15000,0.0,11614.9,15000.0,11614.9,3385.1
ORD03275,2025-09-19,C0377,Printer,Office,Quatre Bornes,West,1,9500,0.15,6744.94,8075.0,6744.94,1330.06
ORD03276,2024-10-15,C0129,Wireless Headphones,Accessories,Port Louis,North,1,6500,0.15,4165.61,5525.0,4165.61,1359.39
ORD03277,2025-02-25,C0319,USB-C Hub,Accessories,Black River,West,1,1800,0.05,1053.63,1710.0,1053.63,656.37
ORD03278,2024-12-04,C0296,USB-C Hub,Accessories,Centre de Flacq,East,2,1800,0.0,1048.53,3600.0,2097.06,1502.94
ORD03279,2024-06-27,C0297,Gaming Mouse,Accessories,Centre de Flacq,East,1,2200,0.0,1369.38,2200.0,1369.38,830.62
ORD03280,2024-01-09,C0298,Mechanical Keyboard,Accessories,Black River,West,2,4200,0.05,2540.89,7980.0,5081.78,2898.22
ORD03281,2024-09-26,C0234,Smartphone X,Electronics,Centre de Flacq,East,1,28000,0.0,16194.66,28000.0,16194.66,11805.34
ORD03282,2024-05-03,C0244,Wireless Headphones,Accessories,Curepipe,South,1,6500,0.05,4788.69,6175.0,4788.69,1386.31
ORD03283,2024-02-27,C0101,Tablet Air,Electronics,Quatre Bornes,West,3,18000,0.0,10078.37,54000.0,30235.11,23764.89
ORD03284,2025-01-14,C0454,Monitor 27,Electronics,Centre de Flacq,East,2,12000,0.0,7142.1,24000.0,14284.2,9715.8
ORD03285,2025-06-12,C0102,Standing Desk,Furniture,Mahebourg,South,3,15000,0.05,11606.69,42750.0,34820.07,7929.93
ORD03286,2025-07-14,C0327,Office Lamp,Office,Port Louis,North,2,1800,0.0,1137.98,3600.0,2275.96,1324.04
ORD03287,2024-12-28,C0377,Gaming Mouse,Accessories,Port Louis,North,2,2200,0.0,1217.49,4400.0,2434.98,1965.02
ORD03288,2025-02-02,C0456,Monitor 27,Electronics,Pamplemousses,North,1,12000,0.05,7266.18,11400.0,7266.18,4133.82
ORD03289,2024-10-23,C0312,Standing Desk,Furniture,Flacq,East,1,15000,0.0,8750.47,15000.0,8750.47,6249.53
ORD03290,2025-08-05,C0039,Mechanical Keyboard,Accessories,Quatre Bornes,West,1,4200,0.1,2428.69,3780.0,2428.69,1351.31
ORD03291,2025-01-09,C0023,Standing Desk,Furniture,Centre de Flacq,East,3,15000,0.05,11169.5,42750.0,33508.5,9241.5
ORD03292,2024-08-27,C0308,Wireless Headphones,Accessories,Mahebourg,South,1,6500,0.05,4442.38,6175.0,4442.38,1732.62
ORD03293,2025-07-13,C0040,Printer,Office,Mahebourg,South,1,9500,0.0,5777.87,9500.0,5777.87,3722.13
ORD03294,2024-04-05,C0393,Gaming Mouse,Accessories,Pamplemousses,North,1,2200,0.05,1240.92,2090.0,1240.92,849.08
ORD03295,2025-12-10,C0035,Office Chair,Furniture,Quatre Bornes,West,1,8500,0.1,5319.46,7650.0,5319.46,2330.54
ORD03296,2024-06-05,C0114,Office Lamp,Office,Quatre Bornes,West,1,1800,0.05,1267.89,1710.0,1267.89,442.11
ORD03297,2025-06-19,C0323,Printer,Office,Pamplemousses,North,3,9500,0.0,6934.77,28500.0,20804.31,7695.69
ORD03298,2025-05-17,C0474,Smartphone X,Electronics,Mahebourg,South,2,28000,0.0,18095.81,56000.0,36191.62,19808.38
ORD03299,2024-03-23,C0133,Gaming Mouse,Accessories,Port Louis,North,2,2200,0.0,1291.89,4400.0,2583.78,1816.22
ORD03300,2024-09-27,C0437,Wireless Headphones,Accessories,Centre de Flacq,East,1,6500,0.15,4444.47,5525.0,4444.47,1080.53
ORD03301,2025-10-28,C0007,Office Chair,Furniture,Centre de Flacq,East,1,8500,0.0,5680.35,8500.0,5680.35,2819.65
ORD03302,2025-09-29,C0383,Printer,Office,Black River,West,1,9500,0.05,5688.61,9025.0,5688.61,3336.39
ORD03303,2025-08-03,C0143,Laptop Pro 14,Electronics,Quatre Bornes,West,1,45000,0.0,29720.99,45000.0,29720.99,15279.01
ORD03304,2024-07-21,C0018,Standing Desk,Furniture,Mahebourg,South,1,15000,0.1,8889.3,13500.0,8889.3,4610.7
ORD03305,2025-04-07,C0351,Smartphone X,Electronics,Port Louis,North,1,28000,0.0,20010.23,28000.0,20010.23,7989.77
ORD03306,2024-07-05,C0108,Office Chair,Furniture,Curepipe,South,1,8500,0.0,4743.3,8500.0,4743.3,3756.7
ORD03307,2024-06-25,C0257,Smartphone X,Electronics,Quatre Bornes,West,1,28000,0.0,16860.15,28000.0,16860.15,11139.85
ORD03308,2025-09-09,C0430,Gaming Mouse,Accessories,Flacq,East,1,2200,0.05,1374.28,2090.0,1374.28,715.72
ORD03309,2024-08-15,C0453,Smartphone X,Electronics,Pamplemousses,North,1,28000,0.1,19100.4,25200.0,19100.4,6099.6
ORD03310,2025-12-04,C0061,Office Lamp,Office,Pamplemousses,North,2,1800,0.0,1281.37,3600.0,2562.74,1037.26
ORD03311,2024-05-11,C0482,Wireless Headphones,Accessories,Curepipe,South,2,6500,0.0,4008.3,13000.0,8016.6,4983.4
ORD03312,2024-04-04,C0431,Office Lamp,Office,Pamplemousses,North,1,1800,0.0,1376.52,1800.0,1376.52,423.48
ORD03313,2024-09-12,C0335,Printer,Office,Curepipe,South,1,9500,0.1,5640.85,8550.0,5640.85,2909.15
ORD03314,2025-08-07,C0230,Office Lamp,Office,Quatre Bornes,West,1,1800,0.0,1235.92,1800.0,1235.92,564.08
ORD03315,2024-03-25,C0412,Tablet Air,Electronics,Flacq,East,1,18000,0.05,12888.13,17100.0,12888.13,4211.87
ORD03316,2025-09-26,C0082,USB-C Hub,Accessories,Port Louis,North,1,1800,0.05,1325.32,1710.0,1325.32,384.68
ORD03317,2025-10-15,C0239,Tablet Air,Electronics,Port Louis,North,3,18000,0.0,12261.42,54000.0,36784.26,17215.74
ORD03318,2025-05-22,C0206,Gaming Mouse,Accessories,Black River,West,1,2200,0.15,1438.11,1870.0,1438.11,431.89
ORD03319,2025-06-04,C0450,Tablet Air,Electronics,Centre de Flacq,East,1,18000,0.05,13554.26,17100.0,13554.26,3545.74
ORD03320,2025-09-17,C0110,Printer,Office,Curepipe,South,1,9500,0.0,7023.26,9500.0,7023.26,2476.74
ORD03321,2025-11-09,C0022,Office Chair,Furniture,Quatre Bornes,West,2,8500,0.1,5316.91,15300.0,10633.82,4666.18
ORD03322,2025-12-22,C0377,USB-C Hub,Accessories,Mahebourg,South,2,1800,0.0,1228.54,3600.0,2457.08,1142.92
ORD03323,2024-08-19,C0454,Office Chair,Furniture,Mahebourg,South,4,8500,0.0,6144.2,34000.0,24576.8,9423.2
ORD03324,2025-01-22,C0487,Printer,Office,Pamplemousses,North,3,9500,0.1,6086.48,25650.0,18259.44,7390.56
ORD03325,2025-10-12,C0254,Tablet Air,Electronics,Port Louis,North,4,18000,0.0,11963.75,72000.0,47855.0,24145.0
ORD03326,2025-02-09,C0218,Gaming Mouse,Accessories,Port Louis,North,1,2200,0.0,1668.66,2200.0,1668.66,531.34
ORD03327,2025-05-21,C0211,Smartphone X,Electronics,Port Louis,North,1,28000,0.0,19333.67,28000.0,19333.67,8666.33
ORD03328,2025-12-28,C0195,Office Lamp,Office,Black River,West,2,1800,0.0,1119.25,3600.0,2238.5,1361.5
ORD03329,2025-01-03,C0403,Office Lamp,Office,Port Louis,North,1,1800,0.0,1122.24,1800.0,1122.24,677.76
ORD03330,2024-10-14,C0288,Smartphone X,Electronics,Port Louis,North,1,28000,0.0,20247.91,28000.0,20247.91,7752.09
ORD03331,2024-11-26,C0448,Wireless Headphones,Accessories,Pamplemousses,North,1,6500,0.1,4800.0,5850.0,4800.0,1050.0
ORD03332,2025-12-18,C0328,Printer,Office,Black River,West,1,9500,0.05,6873.42,9025.0,6873.42,2151.58
ORD03333,2024-10-28,C0053,Mechanical Keyboard,Accessories,Port Louis,North,1,4200,0.0,2614.17,4200.0,2614.17,1585.83
ORD03334,2025-05-10,C0071,Office Chair,Furniture,Black River,West,2,8500,0.0,4739.43,17000.0,9478.86,7521.14
ORD03335,2025-12-17,C0037,Office Lamp,Office,Black River,West,1,1800,0.0,1366.64,1800.0,1366.64,433.36
ORD03336,2024-06-09,C0435,Monitor 27,Electronics,Curepipe,South,1,12000,0.0,7205.22,12000.0,7205.22,4794.78
ORD03337,2024-09-26,C0279,Office Lamp,Office,Centre de Flacq,East,1,1800,0.05,1333.41,1710.0,1333.41,376.59
ORD03338,2025-03-07,C0161,USB-C Hub,Accessories,Quatre Bornes,West,1,1800,0.05,1378.19,1710.0,1378.19,331.81
ORD03339,2024-08-19,C0003,Gaming Mouse,Accessories,Pamplemousses,North,1,2200,0.0,1652.72,2200.0,1652.72,547.28
ORD03340,2024-10-06,C0358,Wireless Headphones,Accessories,Mahebourg,South,1,6500,0.0,4078.88,6500.0,4078.88,2421.12
ORD03341,2025-10-21,C0171,USB-C Hub,Accessories,Quatre Bornes,West,1,1800,0.0,1337.81,1800.0,1337.81,462.19
ORD03342,2025-03-05,C0094,Tablet Air,Electronics,Pamplemousses,North,1,18000,0.0,12985.21,18000.0,12985.21,5014.79
ORD03343,2025-01-16,C0157,Mechanical Keyboard,Accessories,Quatre Bornes,West,2,4200,0.0,2856.07,8400.0,5712.14,2687.86
ORD03344,2024-06-07,C0149,Monitor 27,Electronics,Flacq,East,1,12000,0.05,6718.87,11400.0,6718.87,4681.13
ORD03345,2025-08-01,C0087,Wireless Headphones,Accessories,Curepipe,South,1,6500,0.05,4033.9,6175.0,4033.9,2141.1
ORD03346,2024-08-09,C0129,Laptop Pro 14,Electronics,Black River,West,3,45000,0.05,34597.13,128250.0,103791.39,24458.61
ORD03347,2024-08-30,C0390,Gaming Mouse,Accessories,Quatre Bornes,West,3,2200,0.0,1580.8,6600.0,4742.4,1857.6
ORD03348,2025-05-11,C0365,Monitor 27,Electronics,Port Louis,North,1,12000,0.0,8647.03,12000.0,8647.03,3352.97
ORD03349,2024-08-02,C0276,Laptop Pro 14,Electronics,Port Louis,North,1,45000,0.0,26300.1,45000.0,26300.1,18699.9
ORD03350,2024-04-20,C0459,Monitor 27,Electronics,Port Louis,North,1,12000,0.1,8254.44,10800.0,8254.44,2545.56
ORD03351,2025-09-21,C0004,Tablet Air,Electronics,Black River,West,3,18000,0.05,12850.02,51300.0,38550.06,12749.94
ORD03352,2025-12-02,C0325,Office Chair,Furniture,Black River,West,1,8500,0.05,5688.39,8075.0,5688.39,2386.61
ORD03353,2024-09-26,C0115,Smartphone X,Electronics,Pamplemousses,North,2,28000,0.0,21071.22,56000.0,42142.44,13857.56
ORD03354,2025-12-31,C0461,Wireless Headphones,Accessories,Port Louis,North,1,6500,0.0,4525.26,6500.0,4525.26,1974.74
ORD03355,2024-12-10,C0362,Office Chair,Furniture,Flacq,East,2,8500,0.0,6337.04,17000.0,12674.08,4325.92
ORD03356,2024-07-19,C0457,USB-C Hub,Accessories,Port Louis,North,2,1800,0.0,1000.28,3600.0,2000.56,1599.44
ORD03357,2024-12-25,C0474,Smartphone X,Electronics,Centre de Flacq,East,1,28000,0.15,20948.24,23800.0,20948.24,2851.76
ORD03358,2025-01-28,C0363,Laptop Pro 14,Electronics,Centre de Flacq,East,1,45000,0.0,32178.48,45000.0,32178.48,12821.52
ORD03359,2024-01-22,C0204,USB-C Hub,Accessories,Black River,West,1,1800,0.05,1035.58,1710.0,1035.58,674.42
ORD03360,2024-09-02,C0030,Office Lamp,Office,Black River,West,2,1800,0.0,1167.23,3600.0,2334.46,1265.54
ORD03361,2025-08-19,C0382,Standing Desk,Furniture,Curepipe,South,1,15000,0.1,8258.61,13500.0,8258.61,5241.39
ORD03362,2025-06-19,C0143,Wireless Headphones,Accessories,Port Louis,North,2,6500,0.05,4121.15,12350.0,8242.3,4107.7
ORD03363,2025-05-25,C0343,Monitor 27,Electronics,Port Louis,North,2,12000,0.0,6864.22,24000.0,13728.44,10271.56
ORD03364,2024-11-27,C0210,Gaming Mouse,Accessories,Flacq,East,4,2200,0.0,1597.77,8800.0,6391.08,2408.92
ORD03365,2025-06-06,C0298,USB-C Hub,Accessories,Flacq,East,1,1800,0.05,1245.46,1710.0,1245.46,464.54
ORD03366,2024-10-19,C0161,USB-C Hub,Accessories,Black River,West,1,1800,0.05,1291.89,1710.0,1291.89,418.11
ORD03367,2025-01-20,C0224,Office Lamp,Office,Curepipe,South,4,1800,0.05,1082.81,6840.0,4331.24,2508.76
ORD03368,2025-10-29,C0488,Wireless Headphones,Accessories,Quatre Bornes,West,2,6500,0.1,4075.48,11700.0,8150.96,3549.04
ORD03369,2025-07-23,C0240,Laptop Pro 14,Electronics,Quatre Bornes,West,1,45000,0.1,32720.39,40500.0,32720.39,7779.61
ORD03370,2025-11-17,C0241,Wireless Headphones,Accessories,Black River,West,3,6500,0.0,4636.15,19500.0,13908.45,5591.55
ORD03371,2024-10-24,C0135,Standing Desk,Furniture,Port Louis,North,1,15000,0.05,10345.81,14250.0,10345.81,3904.19
ORD03372,2024-07-27,C0275,Smartphone X,Electronics,Curepipe,South,1,28000,0.05,15744.53,26600.0,15744.53,10855.47
ORD03373,2024-04-26,C0414,Office Lamp,Office,Curepipe,South,2,1800,0.15,1019.58,3060.0,2039.16,1020.84
ORD03374,2024-04-07,C0424,Printer,Office,Centre de Flacq,East,1,9500,0.05,6641.94,9025.0,6641.94,2383.06
ORD03375,2024-11-27,C0260,Monitor 27,Electronics,Black River,West,1,12000,0.1,8195.16,10800.0,8195.16,2604.84
ORD03376,2024-09-15,C0266,Standing Desk,Furniture,Black River,West,4,15000,0.05,11549.65,57000.0,46198.6,10801.4
ORD03377,2024-03-15,C0066,Gaming Mouse,Accessories,Flacq,East,1,2200,0.1,1457.77,1980.0,1457.77,522.23
ORD03378,2024-05-23,C0249,Office Chair,Furniture,Curepipe,South,2,8500,0.1,4846.57,15300.0,9693.14,5606.86
ORD03379,2025-04-05,C0103,Office Chair,Furniture,Port Louis,North,2,8500,0.1,4795.07,15300.0,9590.14,5709.86
ORD03380,2024-11-23,C0153,USB-C Hub,Accessories,Pamplemousses,North,2,1800,0.0,1038.42,3600.0,2076.84,1523.16
ORD03381,2025-06-20,C0038,USB-C Hub,Accessories,Flacq,East,3,1800,0.1,1292.77,4860.0,3878.31,981.69
ORD03382,2024-07-15,C0420,Laptop Pro 14,Electronics,Pamplemousses,North,1,45000,0.0,26388.5,45000.0,26388.5,18611.5
ORD03383,2024-05-21,C0125,USB-C Hub,Accessories,Pamplemousses,North,3,1800,0.0,1388.46,5400.0,4165.38,1234.62
ORD03384,2024-08-17,C0022,Tablet Air,Electronics,Curepipe,South,1,18000,0.05,11731.0,17100.0,11731.0,5369.0
ORD03385,2025-07-31,C0104,Laptop Pro 14,Electronics,Centre de Flacq,East,1,45000,0.1,31660.29,40500.0,31660.29,8839.71
ORD03386,2025-02-06,C0214,Office Chair,Furniture,Black River,West,1,8500,0.0,4988.9,8500.0,4988.9,3511.1
ORD03387,2024-02-12,C0329,Laptop Pro 14,Electronics,Port Louis,North,3,45000,0.05,26954.19,128250.0,80862.57,47387.43
ORD03388,2024-07-27,C0141,Office Lamp,Office,Mahebourg,South,1,1800,0.1,1023.7,1620.0,1023.7,596.3
ORD03389,2024-11-13,C0225,Standing Desk,Furniture,Black River,West,1,15000,0.05,9904.59,14250.0,9904.59,4345.41
ORD03390,2025-04-01,C0496,Office Chair,Furniture,Curepipe,South,1,8500,0.0,6104.07,8500.0,6104.07,2395.93
ORD03391,2024-07-16,C0152,Office Lamp,Office,Black River,West,1,1800,0.0,1307.59,1800.0,1307.59,492.41
ORD03392,2024-05-10,C0093,Mechanical Keyboard,Accessories,Black River,West,1,4200,0.15,3191.03,3570.0,3191.03,378.97
ORD03393,2024-09-16,C0428,Office Lamp,Office,Black River,West,1,1800,0.0,1348.11,1800.0,1348.11,451.89
ORD03394,2025-02-05,C0087,Monitor 27,Electronics,Mahebourg,South,1,12000,0.05,7170.67,11400.0,7170.67,4229.33
ORD03395,2025-05-29,C0392,Monitor 27,Electronics,Curepipe,South,1,12000,0.05,7867.76,11400.0,7867.76,3532.24
ORD03396,2025-06-20,C0310,Monitor 27,Electronics,Curepipe,South,1,12000,0.1,8552.85,10800.0,8552.85,2247.15
ORD03397,2024-03-18,C0127,Wireless Headphones,Accessories,Quatre Bornes,West,1,6500,0.0,3973.26,6500.0,3973.26,2526.74
ORD03398,2024-12-14,C0245,Standing Desk,Furniture,Centre de Flacq,East,2,15000,0.0,8340.24,30000.0,16680.48,13319.52
ORD03399,2024-07-08,C0258,Mechanical Keyboard,Accessories,Quatre Bornes,West,1,4200,0.0,2924.67,4200.0,2924.67,1275.33
ORD03400,2025-10-04,C0338,Monitor 27,Electronics,Port Louis,North,1,12000,0.05,7140.16,11400.0,7140.16,4259.84
ORD03401,2024-11-14,C0138,Gaming Mouse,Accessories,Port Louis,North,1,2200,0.0,1693.38,2200.0,1693.38,506.62
ORD03402,2024-07-27,C0364,Office Chair,Furniture,Curepipe,South,1,8500,0.0,6027.0,8500.0,6027.0,2473.0
ORD03403,2025-11-01,C0149,Mechanical Keyboard,Accessories,Black River,West,1,4200,0.05,2519.11,3990.0,2519.11,1470.89
ORD03404,2024-09-25,C0407,Monitor 27,Electronics,Curepipe,South,1,12000,0.0,6660.98,12000.0,6660.98,5339.02
ORD03405,2025-09-04,C0094,Tablet Air,Electronics,Mahebourg,South,2,18000,0.0,13671.65,36000.0,27343.3,8656.7
ORD03406,2024-11-19,C0030,Mechanical Keyboard,Accessories,Black River,West,2,4200,0.0,3050.76,8400.0,6101.52,2298.48
ORD03407,2024-10-30,C0481,Gaming Mouse,Accessories,Black River,West,1,2200,0.1,1565.24,1980.0,1565.24,414.76
ORD03408,2024-08-06,C0405,Office Lamp,Office,Port Louis,North,2,1800,0.0,1254.05,3600.0,2508.1,1091.9
ORD03409,2024-06-10,C0231,Office Chair,Furniture,Quatre Bornes,West,2,8500,0.0,6079.43,17000.0,12158.86,4841.14
ORD03410,2025-06-22,C0080,Wireless Headphones,Accessories,Flacq,East,1,6500,0.0,4660.84,6500.0,4660.84,1839.16
ORD03411,2024-05-19,C0237,Monitor 27,Electronics,Pamplemousses,North,2,12000,0.1,8767.35,21600.0,17534.7,4065.3
ORD03412,2025-08-21,C0073,Office Chair,Furniture,Curepipe,South,2,8500,0.05,5155.74,16150.0,10311.48,5838.52
ORD03413,2025-02-25,C0114,Smartphone X,Electronics,Mahebourg,South,4,28000,0.05,21678.94,106400.0,86715.76,19684.24
ORD03414,2025-05-25,C0251,Mechanical Keyboard,Accessories,Curepipe,South,1,4200,0.05,2989.94,3990.0,2989.94,1000.06
ORD03415,2025-06-19,C0094,Wireless Headphones,Accessories,Quatre Bornes,West,2,6500,0.0,4366.55,13000.0,8733.1,4266.9
ORD03416,2025-01-23,C0451,Standing Desk,Furniture,Pamplemousses,North,1,15000,0.05,11341.48,14250.0,11341.48,2908.52
ORD03417,2024-02-21,C0413,Gaming Mouse,Accessories,Pamplemousses,North,2,2200,0.05,1470.91,4180.0,2941.82,1238.18
ORD03418,2024-12-24,C0268,Smartphone X,Electronics,Mahebourg,South,1,28000,0.0,18429.83,28000.0,18429.83,9570.17
ORD03419,2024-12-27,C0309,Mechanical Keyboard,Accessories,Centre de Flacq,East,2,4200,0.0,3048.63,8400.0,6097.26,2302.74
ORD03420,2025-09-03,C0032,Office Chair,Furniture,Black River,West,1,8500,0.0,5784.54,8500.0,5784.54,2715.46
ORD03421,2025-12-31,C0035,Monitor 27,Electronics,Pamplemousses,North,2,12000,0.1,7098.2,21600.0,14196.4,7403.6
ORD03422,2024-04-26,C0362,Office Chair,Furniture,Port Louis,North,2,8500,0.05,6111.92,16150.0,12223.84,3926.16
ORD03423,2024-07-22,C0474,Office Chair,Furniture,Port Louis,North,1,8500,0.0,5096.19,8500.0,5096.19,3403.81
ORD03424,2024-08-18,C0356,Standing Desk,Furniture,Curepipe,South,1,15000,0.0,9084.54,15000.0,9084.54,5915.46
ORD03425,2025-02-04,C0017,Gaming Mouse,Accessories,Quatre Bornes,West,1,2200,0.0,1407.54,2200.0,1407.54,792.46
ORD03426,2024-09-23,C0039,Laptop Pro 14,Electronics,Mahebourg,South,2,45000,0.0,33491.68,90000.0,66983.36,23016.64
ORD03427,2024-04-18,C0482,Office Chair,Furniture,Quatre Bornes,West,3,8500,0.05,6195.32,24225.0,18585.96,5639.04
ORD03428,2024-07-24,C0061,Monitor 27,Electronics,Port Louis,North,1,12000,0.0,7600.09,12000.0,7600.09,4399.91
ORD03429,2024-06-19,C0325,Monitor 27,Electronics,Mahebourg,South,1,12000,0.0,8298.72,12000.0,8298.72,3701.28
ORD03430,2024-05-29,C0148,Laptop Pro 14,Electronics,Black River,West,1,45000,0.05,24750.5,42750.0,24750.5,17999.5
ORD03431,2025-12-18,C0326,Standing Desk,Furniture,Centre de Flacq,East,2,15000,0.05,11205.84,28500.0,22411.68,6088.32
ORD03432,2024-10-31,C0421,Laptop Pro 14,Electronics,Black River,West,2,45000,0.05,26531.99,85500.0,53063.98,32436.02
ORD03433,2024-02-18,C0429,Wireless Headphones,Accessories,Mahebourg,South,3,6500,0.0,4718.58,19500.0,14155.74,5344.26
ORD03434,2025-12-26,C0119,Laptop Pro 14,Electronics,Mahebourg,South,3,45000,0.05,27262.28,128250.0,81786.84,46463.16
ORD03435,2024-12-30,C0395,USB-C Hub,Accessories,Black River,West,1,1800,0.1,1072.94,1620.0,1072.94,547.06
ORD03436,2024-11-18,C0193,Office Chair,Furniture,Curepipe,South,3,8500,0.0,5783.0,25500.0,17349.0,8151.0
ORD03437,2024-06-03,C0163,Laptop Pro 14,Electronics,Curepipe,South,1,45000,0.0,30774.06,45000.0,30774.06,14225.94
ORD03438,2024-12-16,C0442,Office Chair,Furniture,Quatre Bornes,West,1,8500,0.0,5570.66,8500.0,5570.66,2929.34
ORD03439,2025-09-20,C0404,Tablet Air,Electronics,Black River,West,2,18000,0.0,11874.99,36000.0,23749.98,12250.02
ORD03440,2024-03-06,C0139,Tablet Air,Electronics,Black River,West,3,18000,0.05,13211.11,51300.0,39633.33,11666.67
ORD03441,2025-09-22,C0208,Wireless Headphones,Accessories,Flacq,East,1,6500,0.0,4420.34,6500.0,4420.34,2079.66
ORD03442,2025-11-12,C0294,Laptop Pro 14,Electronics,Curepipe,South,3,45000,0.0,32633.1,135000.0,97899.3,37100.7
ORD03443,2025-05-09,C0044,Monitor 27,Electronics,Flacq,East,1,12000,0.0,7215.23,12000.0,7215.23,4784.77
ORD03444,2024-12-21,C0447,Printer,Office,Flacq,East,4,9500,0.1,6781.7,34200.0,27126.8,7073.2
ORD03445,2025-03-22,C0245,Smartphone X,Electronics,Quatre Bornes,West,1,28000,0.15,21674.58,23800.0,21674.58,2125.42
ORD03446,2024-02-26,C0442,Standing Desk,Furniture,Black River,West,1,15000,0.05,9934.15,14250.0,9934.15,4315.85
ORD03447,2024-12-26,C0202,Printer,Office,Pamplemousses,North,1,9500,0.05,6227.31,9025.0,6227.31,2797.69
ORD03448,2025-04-06,C0284,Mechanical Keyboard,Accessories,Curepipe,South,1,4200,0.0,2525.69,4200.0,2525.69,1674.31
ORD03449,2025-01-20,C0147,Office Chair,Furniture,Quatre Bornes,West,2,8500,0.0,5932.97,17000.0,11865.94,5134.06
ORD03450,2024-11-24,C0256,Office Chair,Furniture,Pamplemousses,North,3,8500,0.05,4796.85,24225.0,14390.55,9834.45
ORD03451,2025-10-04,C0051,Tablet Air,Electronics,Port Louis,North,1,18000,0.15,9981.79,15300.0,9981.79,5318.21
ORD03452,2024-09-10,C0469,Printer,Office,Curepipe,South,1,9500,0.1,5576.13,8550.0,5576.13,2973.87
ORD03453,2024-04-12,C0010,Laptop Pro 14,Electronics,Black River,West,3,45000,0.0,29030.02,135000.0,87090.06,47909.94
ORD03454,2025-11-27,C0491,USB-C Hub,Accessories,Quatre Bornes,West,1,1800,0.0,1325.59,1800.0,1325.59,474.41
ORD03455,2025-07-28,C0357,Monitor 27,Electronics,Flacq,East,2,12000,0.1,8284.02,21600.0,16568.04,5031.96
ORD03456,2025-12-17,C0291,Office Lamp,Office,Flacq,East,4,1800,0.0,1175.9,7200.0,4703.6,2496.4
ORD03457,2025-08-30,C0328,USB-C Hub,Accessories,Black River,West,1,1800,0.1,1232.26,1620.0,1232.26,387.74
ORD03458,2024-04-19,C0349,Gaming Mouse,Accessories,Curepipe,South,1,2200,0.05,1291.49,2090.0,1291.49,798.51
ORD03459,2025-04-07,C0275,Gaming Mouse,Accessories,Mahebourg,South,2,2200,0.0,1420.97,4400.0,2841.94,1558.06
ORD03460,2024-03-07,C0111,Smartphone X,Electronics,Curepipe,South,1,28000,0.0,15466.08,28000.0,15466.08,12533.92
ORD03461,2025-04-27,C0223,Smartphone X,Electronics,Centre de Flacq,East,1,28000,0.0,19198.84,28000.0,19198.84,8801.16
ORD03462,2025-07-22,C0085,Smartphone X,Electronics,Port Louis,North,1,28000,0.05,20014.58,26600.0,20014.58,6585.42
ORD03463,2025-11-27,C0135,Standing Desk,Furniture,Port Louis,North,1,15000,0.05,10224.83,14250.0,10224.83,4025.17
ORD03464,2024-10-17,C0394,Office Chair,Furniture,Black River,West,1,8500,0.0,5398.59,8500.0,5398.59,3101.41
ORD03465,2024-01-27,C0326,Gaming Mouse,Accessories,Pamplemousses,North,3,2200,0.05,1473.74,6270.0,4421.22,1848.78
ORD03466,2025-04-11,C0151,Printer,Office,Port Louis,North,2,9500,0.0,5582.72,19000.0,11165.44,7834.56
ORD03467,2025-04-25,C0021,USB-C Hub,Accessories,Port Louis,North,1,1800,0.0,1297.09,1800.0,1297.09,502.91
ORD03468,2025-02-11,C0152,USB-C Hub,Accessories,Pamplemousses,North,2,1800,0.0,1063.65,3600.0,2127.3,1472.7
ORD03469,2024-01-13,C0300,USB-C Hub,Accessories,Mahebourg,South,1,1800,0.0,1155.4,1800.0,1155.4,644.6
ORD03470,2025-12-21,C0026,Monitor 27,Electronics,Curepipe,South,1,12000,0.0,8032.71,12000.0,8032.71,3967.29
ORD03471,2025-07-23,C0191,Tablet Air,Electronics,Port Louis,North,1,18000,0.15,11869.33,15300.0,11869.33,3430.67
ORD03472,2025-02-24,C0305,Wireless Headphones,Accessories,Curepipe,South,2,6500,0.1,4986.51,11700.0,9973.02,1726.98
ORD03473,2025-02-28,C0288,Printer,Office,Centre de Flacq,East,3,9500,0.0,6846.66,28500.0,20539.98,7960.02
ORD03474,2025-10-29,C0365,Mechanical Keyboard,Accessories,Flacq,East,2,4200,0.1,2662.42,7560.0,5324.84,2235.16
ORD03475,2025-11-20,C0431,Standing Desk,Furniture,Port Louis,North,1,15000,0.0,11335.95,15000.0,11335.95,3664.05
ORD03476,2024-01-21,C0338,Laptop Pro 14,Electronics,Centre de Flacq,East,3,45000,0.05,26573.06,128250.0,79719.18,48530.82
ORD03477,2025-01-28,C0052,USB-C Hub,Accessories,Port Louis,North,2,1800,0.05,1025.2,3420.0,2050.4,1369.6
ORD03478,2024-09-25,C0005,Laptop Pro 14,Electronics,Port Louis,North,1,45000,0.15,30753.67,38250.0,30753.67,7496.33
ORD03479,2024-12-22,C0239,Office Chair,Furniture,Mahebourg,South,1,8500,0.05,6335.11,8075.0,6335.11,1739.89
ORD03480,2025-06-23,C0433,USB-C Hub,Accessories,Port Louis,North,2,1800,0.0,1300.73,3600.0,2601.46,998.54
ORD03481,2024-11-03,C0077,Printer,Office,Centre de Flacq,East,2,9500,0.05,6019.61,18050.0,12039.22,6010.78
ORD03482,2025-12-29,C0073,Monitor 27,Electronics,Curepipe,South,1,12000,0.15,8819.93,10200.0,8819.93,1380.07
ORD03483,2025-02-22,C0340,USB-C Hub,Accessories,Curepipe,South,2,1800,0.05,1326.69,3420.0,2653.38,766.62
ORD03484,2025-07-31,C0267,Wireless Headphones,Accessories,Black River,West,1,6500,0.0,4942.8,6500.0,4942.8,1557.2
ORD03485,2025-03-07,C0408,Tablet Air,Electronics,Pamplemousses,North,2,18000,0.0,13406.26,36000.0,26812.52,9187.48
ORD03486,2025-09-18,C0443,Mechanical Keyboard,Accessories,Curepipe,South,1,4200,0.05,2540.51,3990.0,2540.51,1449.49
ORD03487,2025-02-13,C0189,Laptop Pro 14,Electronics,Mahebourg,South,1,45000,0.05,27142.04,42750.0,27142.04,15607.96
ORD03488,2024-10-03,C0331,Wireless Headphones,Accessories,Flacq,East,2,6500,0.0,4550.42,13000.0,9100.84,3899.16
ORD03489,2025-12-22,C0134,Laptop Pro 14,Electronics,Curepipe,South,1,45000,0.05,30707.44,42750.0,30707.44,12042.56
ORD03490,2024-02-06,C0207,Office Chair,Furniture,Centre de Flacq,East,1,8500,0.1,6291.74,7650.0,6291.74,1358.26
ORD03491,2024-09-01,C0379,Mechanical Keyboard,Accessories,Curepipe,South,1,4200,0.0,2731.6,4200.0,2731.6,1468.4
ORD03492,2025-09-17,C0214,Gaming Mouse,Accessories,Pamplemousses,North,1,2200,0.05,1341.98,2090.0,1341.98,748.02
ORD03493,2024-07-06,C0077,Tablet Air,Electronics,Pamplemousses,North,1,18000,0.05,10341.7,17100.0,10341.7,6758.3
ORD03494,2024-11-25,C0082,Gaming Mouse,Accessories,Quatre Bornes,West,2,2200,0.0,1431.7,4400.0,2863.4,1536.6
ORD03495,2024-01-21,C0382,USB-C Hub,Accessories,Black River,West,1,1800,0.05,1371.14,1710.0,1371.14,338.86
ORD03496,2025-03-13,C0105,Printer,Office,Curepipe,South,1,9500,0.1,6413.15,8550.0,6413.15,2136.85
ORD03497,2024-02-11,C0448,Smartphone X,Electronics,Quatre Bornes,West,2,28000,0.1,20653.44,50400.0,41306.88,9093.12
ORD03498,2025-11-06,C0057,Laptop Pro 14,Electronics,Port Louis,North,2,45000,0.0,29304.43,90000.0,58608.86,31391.14
ORD03499,2024-03-15,C0003,Gaming Mouse,Accessories,Quatre Bornes,West,1,2200,0.05,1332.88,2090.0,1332.88,757.12
ORD03500,2024-09-13,C0339,Gaming Mouse,Accessories,Port Louis,North,1,2200,0.0,1460.23,2200.0,1460.23,739.77
ORD03501,2025-12-25,C0489,Tablet Air,Electronics,Pamplemousses,North,1,18000,0.0,11084.87,18000.0,11084.87,6915.13
ORD03502,2025-12-12,C0084,Gaming Mouse,Accessories,Quatre Bornes,West,1,2200,0.0,1582.52,2200.0,1582.52,617.48
ORD03503,2025-03-11,C0172,Office Chair,Furniture,Quatre Bornes,West,2,8500,0.0,6439.76,17000.0,12879.52,4120.48
ORD03504,2024-01-18,C0155,Tablet Air,Electronics,Curepipe,South,1,18000,0.05,12033.26,17100.0,12033.26,5066.74
ORD03505,2025-07-16,C0082,Standing Desk,Furniture,Quatre Bornes,West,1,15000,0.0,8425.2,15000.0,8425.2,6574.8
ORD03506,2024-10-20,C0382,Tablet Air,Electronics,Quatre Bornes,West,1,18000,0.0,11391.54,18000.0,11391.54,6608.46
ORD03507,2025-05-18,C0454,Monitor 27,Electronics,Centre de Flacq,East,1,12000,0.15,7780.52,10200.0,7780.52,2419.48
ORD03508,2024-02-02,C0391,Monitor 27,Electronics,Curepipe,South,2,12000,0.1,7249.45,21600.0,14498.9,7101.1
ORD03509,2025-06-04,C0490,Smartphone X,Electronics,Centre de Flacq,East,2,28000,0.0,18104.51,56000.0,36209.02,19790.98
ORD03510,2024-06-30,C0183,Office Chair,Furniture,Black River,West,1,8500,0.0,6508.77,8500.0,6508.77,1991.23
ORD03511,2024-04-28,C0486,Laptop Pro 14,Electronics,Black River,West,2,45000,0.1,28241.35,81000.0,56482.7,24517.3
ORD03512,2024-05-12,C0237,Gaming Mouse,Accessories,Port Louis,North,3,2200,0.0,1537.94,6600.0,4613.82,1986.18
ORD03513,2024-02-22,C0116,USB-C Hub,Accessories,Quatre Bornes,West,1,1800,0.1,1119.29,1620.0,1119.29,500.71
ORD03514,2025-01-28,C0216,Monitor 27,Electronics,Curepipe,South,1,12000,0.0,6960.38,12000.0,6960.38,5039.62
ORD03515,2025-09-30,C0071,Monitor 27,Electronics,Flacq,East,1,12000,0.1,7340.47,10800.0,7340.47,3459.53
ORD03516,2025-12-07,C0319,Mechanical Keyboard,Accessories,Quatre Bornes,West,2,4200,0.0,2984.83,8400.0,5969.66,2430.34
ORD03517,2024-12-24,C0343,Printer,Office,Port Louis,North,3,9500,0.0,6146.4,28500.0,18439.2,10060.8
ORD03518,2025-06-11,C0475,Monitor 27,Electronics,Curepipe,South,2,12000,0.05,7104.53,22800.0,14209.06,8590.94
ORD03519,2025-08-24,C0432,USB-C Hub,Accessories,Mahebourg,South,4,1800,0.1,1188.59,6480.0,4754.36,1725.64
ORD03520,2024-05-15,C0329,Printer,Office,Mahebourg,South,1,9500,0.05,6222.35,9025.0,6222.35,2802.65
ORD03521,2025-07-15,C0404,Laptop Pro 14,Electronics,Port Louis,North,2,45000,0.0,31576.31,90000.0,63152.62,26847.38
ORD03522,2024-12-18,C0493,Printer,Office,Centre de Flacq,East,1,9500,0.1,6559.56,8550.0,6559.56,1990.44
ORD03523,2025-05-09,C0254,Tablet Air,Electronics,Curepipe,South,3,18000,0.0,13502.27,54000.0,40506.81,13493.19
ORD03524,2025-12-11,C0156,Laptop Pro 14,Electronics,Curepipe,South,2,45000,0.05,27649.91,85500.0,55299.82,30200.18
ORD03525,2025-01-17,C0121,Tablet Air,Electronics,Curepipe,South,4,18000,0.0,12142.03,72000.0,48568.12,23431.88
ORD03526,2025-09-02,C0357,Gaming Mouse,Accessories,Centre de Flacq,East,1,2200,0.0,1441.05,2200.0,1441.05,758.95
ORD03527,2024-05-07,C0070,Tablet Air,Electronics,Mahebourg,South,1,18000,0.1,13413.7,16200.0,13413.7,2786.3
ORD03528,2024-03-24,C0343,Printer,Office,Centre de Flacq,East,2,9500,0.05,6743.19,18050.0,13486.38,4563.62
ORD03529,2024-01-31,C0128,Tablet Air,Electronics,Mahebourg,South,1,18000,0.05,11861.14,17100.0,11861.14,5238.86
ORD03530,2024-04-20,C0206,Smartphone X,Electronics,Flacq,East,1,28000,0.05,19027.23,26600.0,19027.23,7572.77
ORD03531,2024-04-29,C0399,Printer,Office,Mahebourg,South,1,9500,0.15,6310.95,8075.0,6310.95,1764.05
ORD03532,2024-11-01,C0442,Standing Desk,Furniture,Port Louis,North,1,15000,0.1,11074.0,13500.0,11074.0,2426.0
ORD03533,2024-01-26,C0369,USB-C Hub,Accessories,Centre de Flacq,East,4,1800,0.0,1312.79,7200.0,5251.16,1948.84
ORD03534,2024-04-20,C0140,Monitor 27,Electronics,Quatre Bornes,West,1,12000,0.0,7311.55,12000.0,7311.55,4688.45
ORD03535,2024-10-01,C0335,Gaming Mouse,Accessories,Black River,West,1,2200,0.0,1650.57,2200.0,1650.57,549.43
ORD03536,2024-09-04,C0464,Wireless Headphones,Accessories,Centre de Flacq,East,1,6500,0.1,3934.47,5850.0,3934.47,1915.53
ORD03537,2024-07-09,C0139,Gaming Mouse,Accessories,Curepipe,South,1,2200,0.05,1240.88,2090.0,1240.88,849.12
ORD03538,2025-09-09,C0350,Standing Desk,Furniture,Quatre Bornes,West,3,15000,0.0,9627.5,45000.0,28882.5,16117.5
ORD03539,2025-01-13,C0205,USB-C Hub,Accessories,Port Louis,North,1,1800,0.0,1218.53,1800.0,1218.53,581.47
ORD03540,2025-02-12,C0381,Laptop Pro 14,Electronics,Curepipe,South,2,45000,0.05,30010.67,85500.0,60021.34,25478.66
ORD03541,2024-11-13,C0179,Printer,Office,Black River,West,1,9500,0.0,5729.85,9500.0,5729.85,3770.15
ORD03542,2024-10-31,C0380,USB-C Hub,Accessories,Curepipe,South,1,1800,0.15,1203.05,1530.0,1203.05,326.95
ORD03543,2024-06-11,C0451,Mechanical Keyboard,Accessories,Centre de Flacq,East,2,4200,0.1,2475.68,7560.0,4951.36,2608.64
ORD03544,2024-12-12,C0403,Laptop Pro 14,Electronics,Quatre Bornes,West,1,45000,0.05,28934.78,42750.0,28934.78,13815.22
ORD03545,2025-12-23,C0419,Printer,Office,Curepipe,South,1,9500,0.05,6065.28,9025.0,6065.28,2959.72
ORD03546,2024-07-31,C0238,Monitor 27,Electronics,Black River,West,1,12000,0.0,8509.1,12000.0,8509.1,3490.9
ORD03547,2024-11-01,C0272,USB-C Hub,Accessories,Curepipe,South,4,1800,0.05,1353.08,6840.0,5412.32,1427.68
ORD03548,2024-02-06,C0064,USB-C Hub,Accessories,Quatre Bornes,West,3,1800,0.0,1371.55,5400.0,4114.65,1285.35
ORD03549,2025-08-31,C0350,Gaming Mouse,Accessories,Flacq,East,4,2200,0.05,1403.58,8360.0,5614.32,2745.68
ORD03550,2025-12-22,C0182,Wireless Headphones,Accessories,Mahebourg,South,1,6500,0.0,4395.48,6500.0,4395.48,2104.52
ORD03551,2025-12-26,C0356,Laptop Pro 14,Electronics,Port Louis,North,1,45000,0.0,25732.1,45000.0,25732.1,19267.9
ORD03552,2025-08-20,C0398,Printer,Office,Centre de Flacq,East,1,9500,0.0,6768.61,9500.0,6768.61,2731.39
ORD03553,2025-06-13,C0439,Monitor 27,Electronics,Mahebourg,South,1,12000,0.0,7889.91,12000.0,7889.91,4110.09
ORD03554,2025-07-08,C0360,Wireless Headphones,Accessories,Curepipe,South,2,6500,0.0,4404.35,13000.0,8808.7,4191.3
ORD03555,2025-05-17,C0375,Standing Desk,Furniture,Pamplemousses,North,1,15000,0.05,10360.18,14250.0,10360.18,3889.82
ORD03556,2024-11-14,C0128,Office Lamp,Office,Quatre Bornes,West,1,1800,0.0,1309.28,1800.0,1309.28,490.72
ORD03557,2025-06-15,C0101,Office Lamp,Office,Quatre Bornes,West,4,1800,0.05,1300.94,6840.0,5203.76,1636.24
ORD03558,2025-08-13,C0137,Office Chair,Furniture,Pamplemousses,North,1,8500,0.1,5483.13,7650.0,5483.13,2166.87
ORD03559,2024-04-15,C0476,Printer,Office,Centre de Flacq,East,1,9500,0.0,6590.83,9500.0,6590.83,2909.17
ORD03560,2025-12-28,C0271,Printer,Office,Curepipe,South,1,9500,0.1,7197.76,8550.0,7197.76,1352.24
ORD03561,2025-06-24,C0062,Printer,Office,Mahebourg,South,2,9500,0.0,5449.07,19000.0,10898.14,8101.86
ORD03562,2025-01-22,C0445,Standing Desk,Furniture,Mahebourg,South,2,15000,0.0,9368.57,30000.0,18737.14,11262.86
ORD03563,2024-11-16,C0255,Laptop Pro 14,Electronics,Pamplemousses,North,2,45000,0.1,27246.53,81000.0,54493.06,26506.94
ORD03564,2025-03-31,C0276,Standing Desk,Furniture,Flacq,East,1,15000,0.0,8566.66,15000.0,8566.66,6433.34
ORD03565,2024-01-16,C0317,Monitor 27,Electronics,Curepipe,South,3,12000,0.0,7988.82,36000.0,23966.46,12033.54
ORD03566,2025-12-07,C0165,Gaming Mouse,Accessories,Mahebourg,South,1,2200,0.0,1683.01,2200.0,1683.01,516.99
ORD03567,2025-12-17,C0178,Gaming Mouse,Accessories,Black River,West,1,2200,0.0,1447.57,2200.0,1447.57,752.43
ORD03568,2025-10-06,C0353,Monitor 27,Electronics,Black River,West,1,12000,0.1,8313.87,10800.0,8313.87,2486.13
ORD03569,2024-11-06,C0013,Monitor 27,Electronics,Port Louis,North,2,12000,0.0,7659.71,24000.0,15319.42,8680.58
ORD03570,2025-08-12,C0137,Office Chair,Furniture,Port Louis,North,1,8500,0.0,4992.34,8500.0,4992.34,3507.66
ORD03571,2024-06-27,C0395,Smartphone X,Electronics,Curepipe,South,1,28000,0.1,18876.45,25200.0,18876.45,6323.55
ORD03572,2025-02-27,C0150,Monitor 27,Electronics,Mahebourg,South,1,12000,0.0,6885.74,12000.0,6885.74,5114.26
ORD03573,2024-09-12,C0024,Laptop Pro 14,Electronics,Flacq,East,2,45000,0.05,27176.06,85500.0,54352.12,31147.88
ORD03574,2025-06-18,C0378,Smartphone X,Electronics,Flacq,East,1,28000,0.0,17351.62,28000.0,17351.62,10648.38
ORD03575,2025-11-06,C0190,Standing Desk,Furniture,Quatre Bornes,West,1,15000,0.05,10221.73,14250.0,10221.73,4028.27
ORD03576,2024-07-23,C0201,Office Lamp,Office,Centre de Flacq,East,1,1800,0.0,1132.59,1800.0,1132.59,667.41
ORD03577,2025-01-19,C0013,Monitor 27,Electronics,Curepipe,South,3,12000,0.0,7020.7,36000.0,21062.1,14937.9
ORD03578,2024-01-17,C0309,Printer,Office,Black River,West,1,9500,0.0,5464.13,9500.0,5464.13,4035.87
ORD03579,2025-08-06,C0059,USB-C Hub,Accessories,Flacq,East,2,1800,0.05,1384.65,3420.0,2769.3,650.7
ORD03580,2025-06-27,C0370,Mechanical Keyboard,Accessories,Port Louis,North,1,4200,0.15,3270.43,3570.0,3270.43,299.57
ORD03581,2025-02-20,C0175,Office Lamp,Office,Port Louis,North,2,1800,0.05,1217.19,3420.0,2434.38,985.62
ORD03582,2025-10-14,C0382,Smartphone X,Electronics,Flacq,East,1,28000,0.0,19716.08,28000.0,19716.08,8283.92
ORD03583,2024-05-13,C0119,Gaming Mouse,Accessories,Centre de Flacq,East,1,2200,0.05,1629.71,2090.0,1629.71,460.29
ORD03584,2025-09-02,C0309,Monitor 27,Electronics,Pamplemousses,North,1,12000,0.0,7067.17,12000.0,7067.17,4932.83
ORD03585,2024-09-05,C0163,USB-C Hub,Accessories,Centre de Flacq,East,2,1800,0.0,1352.66,3600.0,2705.32,894.68
ORD03586,2025-08-05,C0468,Tablet Air,Electronics,Centre de Flacq,East,1,18000,0.05,10393.27,17100.0,10393.27,6706.73
ORD03587,2024-01-10,C0041,Standing Desk,Furniture,Mahebourg,South,1,15000,0.05,9517.49,14250.0,9517.49,4732.51
ORD03588,2025-02-27,C0265,Gaming Mouse,Accessories,Flacq,East,1,2200,0.0,1696.43,2200.0,1696.43,503.57
ORD03589,2025-01-19,C0395,Printer,Office,Black River,West,1,9500,0.1,5770.86,8550.0,5770.86,2779.14
ORD03590,2025-04-21,C0134,Printer,Office,Quatre Bornes,West,2,9500,0.0,5457.78,19000.0,10915.56,8084.44
ORD03591,2025-03-04,C0262,Office Lamp,Office,Centre de Flacq,East,1,1800,0.0,1339.25,1800.0,1339.25,460.75
ORD03592,2024-08-18,C0367,Gaming Mouse,Accessories,Centre de Flacq,East,4,2200,0.1,1349.77,7920.0,5399.08,2520.92
ORD03593,2025-03-31,C0463,USB-C Hub,Accessories,Black River,West,2,1800,0.1,1030.75,3240.0,2061.5,1178.5
ORD03594,2025-11-20,C0060,Printer,Office,Port Louis,North,1,9500,0.0,5978.72,9500.0,5978.72,3521.28
ORD03595,2025-05-07,C0438,USB-C Hub,Accessories,Pamplemousses,North,2,1800,0.0,1078.89,3600.0,2157.78,1442.22
ORD03596,2025-01-07,C0076,Monitor 27,Electronics,Black River,West,1,12000,0.05,7757.59,11400.0,7757.59,3642.41
ORD03597,2024-02-15,C0333,Office Lamp,Office,Black River,West,1,1800,0.1,1167.66,1620.0,1167.66,452.34
ORD03598,2024-09-25,C0079,Monitor 27,Electronics,Port Louis,North,1,12000,0.05,9272.17,11400.0,9272.17,2127.83
ORD03599,2025-07-22,C0421,Printer,Office,Mahebourg,South,2,9500,0.05,5498.28,18050.0,10996.56,7053.44
ORD03600,2024-05-06,C0489,USB-C Hub,Accessories,Pamplemousses,North,2,1800,0.05,1264.28,3420.0,2528.56,891.44
ORD03601,2024-09-16,C0444,Monitor 27,Electronics,Centre de Flacq,East,2,12000,0.05,6826.02,22800.0,13652.04,9147.96
ORD03602,2024-04-02,C0085,Gaming Mouse,Accessories,Mahebourg,South,1,2200,0.05,1588.29,2090.0,1588.29,501.71
ORD03603,2024-11-14,C0453,Monitor 27,Electronics,Port Louis,North,1,12000,0.0,8886.38,12000.0,8886.38,3113.62
ORD03604,2025-07-16,C0186,Standing Desk,Furniture,Black River,West,1,15000,0.0,9271.69,15000.0,9271.69,5728.31
ORD03605,2025-10-16,C0148,Printer,Office,Mahebourg,South,1,9500,0.0,5493.28,9500.0,5493.28,4006.72
ORD03606,2025-11-05,C0493,USB-C Hub,Accessories,Mahebourg,South,1,1800,0.0,1050.09,1800.0,1050.09,749.91
ORD03607,2025-06-25,C0373,Printer,Office,Pamplemousses,North,1,9500,0.05,6079.78,9025.0,6079.78,2945.22
ORD03608,2024-01-24,C0428,Mechanical Keyboard,Accessories,Quatre Bornes,West,2,4200,0.0,2882.75,8400.0,5765.5,2634.5
ORD03609,2024-05-24,C0319,Printer,Office,Flacq,East,1,9500,0.0,5841.39,9500.0,5841.39,3658.61
ORD03610,2024-02-07,C0336,Smartphone X,Electronics,Mahebourg,South,2,28000,0.0,20108.07,56000.0,40216.14,15783.86
ORD03611,2025-04-22,C0347,Wireless Headphones,Accessories,Black River,West,1,6500,0.0,4373.9,6500.0,4373.9,2126.1
ORD03612,2024-04-10,C0291,Printer,Office,Curepipe,South,2,9500,0.1,6406.17,17100.0,12812.34,4287.66
ORD03613,2025-01-06,C0497,Tablet Air,Electronics,Pamplemousses,North,1,18000,0.0,11843.31,18000.0,11843.31,6156.69
ORD03614,2025-05-10,C0456,Tablet Air,Electronics,Mahebourg,South,2,18000,0.05,12721.53,34200.0,25443.06,8756.94
ORD03615,2025-05-06,C0117,Smartphone X,Electronics,Black River,West,1,28000,0.05,17715.0,26600.0,17715.0,8885.0
ORD03616,2025-09-13,C0055,Standing Desk,Furniture,Port Louis,North,1,15000,0.0,9359.14,15000.0,9359.14,5640.86
ORD03617,2024-02-06,C0211,Tablet Air,Electronics,Black River,West,1,18000,0.0,10699.32,18000.0,10699.32,7300.68
ORD03618,2024-08-13,C0114,Office Lamp,Office,Curepipe,South,2,1800,0.0,1362.28,3600.0,2724.56,875.44
ORD03619,2025-11-09,C0177,Wireless Headphones,Accessories,Mahebourg,South,1,6500,0.05,4474.19,6175.0,4474.19,1700.81
ORD03620,2024-11-07,C0464,USB-C Hub,Accessories,Quatre Bornes,West,2,1800,0.0,1210.25,3600.0,2420.5,1179.5
ORD03621,2025-01-18,C0362,Office Lamp,Office,Mahebourg,South,1,1800,0.05,1190.0,1710.0,1190.0,520.0
ORD03622,2025-04-30,C0491,Office Lamp,Office,Mahebourg,South,1,1800,0.1,1132.64,1620.0,1132.64,487.36
ORD03623,2025-05-09,C0139,Standing Desk,Furniture,Port Louis,North,1,15000,0.05,9187.16,14250.0,9187.16,5062.84
ORD03624,2025-06-24,C0348,Printer,Office,Quatre Bornes,West,3,9500,0.0,6776.97,28500.0,20330.91,8169.09
ORD03625,2025-06-07,C0417,Gaming Mouse,Accessories,Curepipe,South,1,2200,0.0,1522.74,2200.0,1522.74,677.26
ORD03626,2025-08-15,C0200,Printer,Office,Port Louis,North,1,9500,0.05,5569.59,9025.0,5569.59,3455.41
ORD03627,2025-11-04,C0041,Laptop Pro 14,Electronics,Port Louis,North,1,45000,0.0,32290.42,45000.0,32290.42,12709.58
ORD03628,2025-11-06,C0243,Laptop Pro 14,Electronics,Pamplemousses,North,1,45000,0.1,27744.3,40500.0,27744.3,12755.7
ORD03629,2024-02-20,C0050,Laptop Pro 14,Electronics,Centre de Flacq,East,3,45000,0.0,31776.44,135000.0,95329.32,39670.68
ORD03630,2024-11-26,C0440,Monitor 27,Electronics,Pamplemousses,North,1,12000,0.0,6931.39,12000.0,6931.39,5068.61
ORD03631,2025-07-19,C0499,Gaming Mouse,Accessories,Port Louis,North,1,2200,0.0,1257.64,2200.0,1257.64,942.36
ORD03632,2024-12-04,C0092,Gaming Mouse,Accessories,Port Louis,North,1,2200,0.0,1280.24,2200.0,1280.24,919.76
ORD03633,2025-06-28,C0461,Mechanical Keyboard,Accessories,Centre de Flacq,East,1,4200,0.0,3086.54,4200.0,3086.54,1113.46
ORD03634,2024-11-19,C0444,Monitor 27,Electronics,Flacq,East,2,12000,0.05,7733.06,22800.0,15466.12,7333.88
ORD03635,2024-02-06,C0282,Printer,Office,Black River,West,3,9500,0.0,6280.87,28500.0,18842.61,9657.39
ORD03636,2024-02-22,C0458,Gaming Mouse,Accessories,Black River,West,1,2200,0.05,1463.88,2090.0,1463.88,626.12
ORD03637,2024-03-09,C0106,Gaming Mouse,Accessories,Pamplemousses,North,1,2200,0.05,1704.77,2090.0,1704.77,385.23
ORD03638,2025-08-08,C0321,Tablet Air,Electronics,Mahebourg,South,2,18000,0.0,10892.94,36000.0,21785.88,14214.12
ORD03639,2025-04-04,C0010,Tablet Air,Electronics,Centre de Flacq,East,1,18000,0.0,12232.43,18000.0,12232.43,5767.57
ORD03640,2025-09-27,C0327,Wireless Headphones,Accessories,Pamplemousses,North,1,6500,0.05,4459.56,6175.0,4459.56,1715.44
ORD03641,2025-06-12,C0051,Standing Desk,Furniture,Flacq,East,3,15000,0.0,8839.59,45000.0,26518.77,18481.23
ORD03642,2024-12-15,C0081,Monitor 27,Electronics,Curepipe,South,1,12000,0.1,7307.74,10800.0,7307.74,3492.26
ORD03643,2024-08-16,C0048,Wireless Headphones,Accessories,Black River,West,1,6500,0.05,3579.46,6175.0,3579.46,2595.54
ORD03644,2024-11-07,C0139,Wireless Headphones,Accessories,Pamplemousses,North,1,6500,0.0,5023.31,6500.0,5023.31,1476.69
ORD03645,2024-12-03,C0164,Standing Desk,Furniture,Quatre Bornes,West,1,15000,0.05,8441.75,14250.0,8441.75,5808.25
ORD03646,2025-11-08,C0438,Standing Desk,Furniture,Port Louis,North,1,15000,0.0,10172.64,15000.0,10172.64,4827.36
ORD03647,2025-09-01,C0364,Wireless Headphones,Accessories,Port Louis,North,1,6500,0.0,3993.51,6500.0,3993.51,2506.49
ORD03648,2024-01-21,C0009,Tablet Air,Electronics,Port Louis,North,2,18000,0.1,10341.54,32400.0,20683.08,11716.92
ORD03649,2025-02-23,C0191,Gaming Mouse,Accessories,Flacq,East,1,2200,0.15,1693.58,1870.0,1693.58,176.42
ORD03650,2024-08-05,C0092,Gaming Mouse,Accessories,Mahebourg,South,1,2200,0.0,1497.67,2200.0,1497.67,702.33
ORD03651,2025-06-07,C0422,Office Chair,Furniture,Quatre Bornes,West,1,8500,0.0,4814.24,8500.0,4814.24,3685.76
ORD03652,2024-07-01,C0304,Printer,Office,Black River,West,1,9500,0.0,5366.09,9500.0,5366.09,4133.91
ORD03653,2025-09-05,C0055,Wireless Headphones,Accessories,Curepipe,South,1,6500,0.0,4555.83,6500.0,4555.83,1944.17
ORD03654,2024-04-16,C0037,Office Lamp,Office,Quatre Bornes,West,2,1800,0.05,1100.22,3420.0,2200.44,1219.56
ORD03655,2024-01-19,C0056,Mechanical Keyboard,Accessories,Mahebourg,South,1,4200,0.1,2427.41,3780.0,2427.41,1352.59
ORD03656,2024-07-29,C0315,Gaming Mouse,Accessories,Port Louis,North,1,2200,0.05,1505.97,2090.0,1505.97,584.03
ORD03657,2024-05-06,C0266,Gaming Mouse,Accessories,Quatre Bornes,West,3,2200,0.1,1675.78,5940.0,5027.34,912.66
ORD03658,2025-08-31,C0168,Laptop Pro 14,Electronics,Quatre Bornes,West,1,45000,0.05,27485.35,42750.0,27485.35,15264.65
ORD03659,2024-03-14,C0478,Office Chair,Furniture,Black River,West,1,8500,0.0,5482.91,8500.0,5482.91,3017.09
ORD03660,2025-04-18,C0174,Standing Desk,Furniture,Pamplemousses,North,1,15000,0.0,11078.66,15000.0,11078.66,3921.34
ORD03661,2025-11-04,C0106,Tablet Air,Electronics,Pamplemousses,North,2,18000,0.0,12571.57,36000.0,25143.14,10856.86
ORD03662,2025-06-09,C0489,Smartphone X,Electronics,Black River,West,2,28000,0.0,19946.11,56000.0,39892.22,16107.78
ORD03663,2025-10-04,C0138,USB-C Hub,Accessories,Quatre Bornes,West,2,1800,0.0,1181.51,3600.0,2363.02,1236.98
ORD03664,2025-03-30,C0222,Monitor 27,Electronics,Quatre Bornes,West,1,12000,0.0,8538.84,12000.0,8538.84,3461.16
ORD03665,2025-11-10,C0318,Office Chair,Furniture,Centre de Flacq,East,2,8500,0.0,5314.24,17000.0,10628.48,6371.52
ORD03666,2024-11-28,C0137,Laptop Pro 14,Electronics,Black River,West,2,45000,0.15,33309.92,76500.0,66619.84,9880.16
ORD03667,2024-02-02,C0208,Office Chair,Furniture,Quatre Bornes,West,1,8500,0.0,5469.23,8500.0,5469.23,3030.77
ORD03668,2024-11-07,C0120,Monitor 27,Electronics,Pamplemousses,North,3,12000,0.0,9296.05,36000.0,27888.15,8111.85
ORD03669,2024-11-17,C0015,Standing Desk,Furniture,Centre de Flacq,East,1,15000,0.05,8715.04,14250.0,8715.04,5534.96
ORD03670,2024-05-03,C0105,Monitor 27,Electronics,Black River,West,1,12000,0.0,8071.42,12000.0,8071.42,3928.58
ORD03671,2025-01-03,C0340,Standing Desk,Furniture,Port Louis,North,2,15000,0.0,9847.18,30000.0,19694.36,10305.64
ORD03672,2025-02-10,C0406,Smartphone X,Electronics,Curepipe,South,1,28000,0.0,18266.07,28000.0,18266.07,9733.93
ORD03673,2024-07-01,C0323,Tablet Air,Electronics,Mahebourg,South,3,18000,0.0,11054.38,54000.0,33163.14,20836.86
ORD03674,2024-09-17,C0480,Laptop Pro 14,Electronics,Curepipe,South,1,45000,0.05,33237.43,42750.0,33237.43,9512.57
ORD03675,2024-10-31,C0229,Wireless Headphones,Accessories,Mahebourg,South,1,6500,0.15,4023.2,5525.0,4023.2,1501.8
ORD03676,2025-06-07,C0305,Office Chair,Furniture,Port Louis,North,1,8500,0.05,6258.56,8075.0,6258.56,1816.44
ORD03677,2025-02-25,C0025,Smartphone X,Electronics,Quatre Bornes,West,1,28000,0.0,21132.77,28000.0,21132.77,6867.23
ORD03678,2024-09-13,C0447,Wireless Headphones,Accessories,Mahebourg,South,2,6500,0.0,4070.6,13000.0,8141.2,4858.8
ORD03679,2024-01-18,C0287,Tablet Air,Electronics,Flacq,East,1,18000,0.05,12071.6,17100.0,12071.6,5028.4
ORD03680,2024-08-15,C0050,Wireless Headphones,Accessories,Curepipe,South,4,6500,0.05,4962.09,24700.0,19848.36,4851.64
ORD03681,2025-10-16,C0044,Mechanical Keyboard,Accessories,Pamplemousses,North,1,4200,0.0,2928.19,4200.0,2928.19,1271.81
ORD03682,2024-04-20,C0399,Mechanical Keyboard,Accessories,Curepipe,South,1,4200,0.15,2732.58,3570.0,2732.58,837.42
ORD03683,2025-02-07,C0073,Tablet Air,Electronics,Quatre Bornes,West,1,18000,0.15,13967.8,15300.0,13967.8,1332.2
ORD03684,2024-08-09,C0336,USB-C Hub,Accessories,Black River,West,1,1800,0.0,1076.6,1800.0,1076.6,723.4
ORD03685,2025-06-21,C0125,USB-C Hub,Accessories,Curepipe,South,1,1800,0.0,1398.77,1800.0,1398.77,401.23
ORD03686,2024-08-10,C0215,Printer,Office,Mahebourg,South,1,9500,0.05,7337.13,9025.0,7337.13,1687.87
ORD03687,2024-04-27,C0122,Gaming Mouse,Accessories,Centre de Flacq,East,1,2200,0.05,1705.51,2090.0,1705.51,384.49
ORD03688,2025-06-30,C0441,Smartphone X,Electronics,Quatre Bornes,West,1,28000,0.0,19542.87,28000.0,19542.87,8457.13
ORD03689,2024-11-23,C0366,Monitor 27,Electronics,Pamplemousses,North,1,12000,0.0,7310.05,12000.0,7310.05,4689.95
ORD03690,2025-12-19,C0250,Laptop Pro 14,Electronics,Flacq,East,1,45000,0.05,29038.14,42750.0,29038.14,13711.86
ORD03691,2024-09-10,C0486,Office Lamp,Office,Mahebourg,South,1,1800,0.0,1029.57,1800.0,1029.57,770.43
ORD03692,2024-04-14,C0409,Standing Desk,Furniture,Port Louis,North,3,15000,0.0,10888.85,45000.0,32666.55,12333.45
ORD03693,2025-03-11,C0211,Tablet Air,Electronics,Curepipe,South,1,18000,0.0,10785.97,18000.0,10785.97,7214.03
ORD03694,2025-04-07,C0419,Office Chair,Furniture,Centre de Flacq,East,2,8500,0.0,5055.33,17000.0,10110.66,6889.34
ORD03695,2025-08-28,C0363,USB-C Hub,Accessories,Quatre Bornes,West,2,1800,0.0,1019.82,3600.0,2039.64,1560.36
ORD03696,2024-08-12,C0445,Monitor 27,Electronics,Centre de Flacq,East,3,12000,0.0,8345.52,36000.0,25036.56,10963.44
ORD03697,2024-01-07,C0292,Printer,Office,Quatre Bornes,West,1,9500,0.0,5456.69,9500.0,5456.69,4043.31
ORD03698,2025-01-08,C0200,Office Lamp,Office,Quatre Bornes,West,1,1800,0.0,999.08,1800.0,999.08,800.92
ORD03699,2024-04-28,C0130,Wireless Headphones,Accessories,Black River,West,3,6500,0.0,4687.34,19500.0,14062.02,5437.98
ORD03700,2024-09-28,C0469,Tablet Air,Electronics,Pamplemousses,North,1,18000,0.0,13337.21,18000.0,13337.21,4662.79
ORD03701,2025-06-20,C0492,Monitor 27,Electronics,Curepipe,South,1,12000,0.0,6681.26,12000.0,6681.26,5318.74
ORD03702,2025-12-29,C0459,Printer,Office,Black River,West,1,9500,0.0,5256.56,9500.0,5256.56,4243.44
ORD03703,2025-03-06,C0422,Smartphone X,Electronics,Mahebourg,South,2,28000,0.15,18686.41,47600.0,37372.82,10227.18
ORD03704,2025-03-03,C0352,Wireless Headphones,Accessories,Pamplemousses,North,2,6500,0.0,5036.96,13000.0,10073.92,2926.08
ORD03705,2024-01-13,C0316,USB-C Hub,Accessories,Centre de Flacq,East,1,1800,0.0,1010.74,1800.0,1010.74,789.26
ORD03706,2025-03-04,C0466,Wireless Headphones,Accessories,Curepipe,South,1,6500,0.0,5030.77,6500.0,5030.77,1469.23
ORD03707,2025-01-17,C0148,USB-C Hub,Accessories,Mahebourg,South,2,1800,0.1,1074.73,3240.0,2149.46,1090.54
ORD03708,2025-07-23,C0185,Mechanical Keyboard,Accessories,Mahebourg,South,1,4200,0.1,3241.02,3780.0,3241.02,538.98
ORD03709,2024-08-10,C0348,Laptop Pro 14,Electronics,Port Louis,North,4,45000,0.0,30446.74,180000.0,121786.96,58213.04
ORD03710,2025-07-04,C0205,USB-C Hub,Accessories,Mahebourg,South,1,1800,0.0,1200.68,1800.0,1200.68,599.32
ORD03711,2025-05-13,C0233,Gaming Mouse,Accessories,Port Louis,North,1,2200,0.05,1411.17,2090.0,1411.17,678.83
ORD03712,2024-08-08,C0393,Office Chair,Furniture,Quatre Bornes,West,2,8500,0.05,5571.64,16150.0,11143.28,5006.72
ORD03713,2024-01-23,C0048,Monitor 27,Electronics,Quatre Bornes,West,2,12000,0.0,8867.36,24000.0,17734.72,6265.28
ORD03714,2024-03-22,C0005,Mechanical Keyboard,Accessories,Curepipe,South,1,4200,0.0,2371.03,4200.0,2371.03,1828.97
ORD03715,2024-10-12,C0331,Office Chair,Furniture,Black River,West,2,8500,0.0,6437.77,17000.0,12875.54,4124.46
ORD03716,2025-09-20,C0450,Gaming Mouse,Accessories,Port Louis,North,1,2200,0.0,1366.5,2200.0,1366.5,833.5
ORD03717,2024-08-27,C0215,Office Chair,Furniture,Pamplemousses,North,4,8500,0.0,5142.61,34000.0,20570.44,13429.56
ORD03718,2025-06-21,C0030,Monitor 27,Electronics,Mahebourg,South,1,12000,0.0,8647.5,12000.0,8647.5,3352.5
ORD03719,2024-01-31,C0171,Mechanical Keyboard,Accessories,Centre de Flacq,East,2,4200,0.0,2750.37,8400.0,5500.74,2899.26
ORD03720,2025-03-18,C0217,Laptop Pro 14,Electronics,Centre de Flacq,East,2,45000,0.05,27172.91,85500.0,54345.82,31154.18
ORD03721,2025-04-09,C0073,Mechanical Keyboard,Accessories,Flacq,East,1,4200,0.0,2609.2,4200.0,2609.2,1590.8
ORD03722,2025-12-01,C0331,Wireless Headphones,Accessories,Pamplemousses,North,1,6500,0.0,4729.65,6500.0,4729.65,1770.35
ORD03723,2025-05-03,C0469,Smartphone X,Electronics,Pamplemousses,North,1,28000,0.0,20607.58,28000.0,20607.58,7392.42
ORD03724,2025-03-17,C0191,Mechanical Keyboard,Accessories,Curepipe,South,1,4200,0.0,2799.53,4200.0,2799.53,1400.47
ORD03725,2025-10-13,C0119,Office Lamp,Office,Port Louis,North,1,1800,0.0,1273.66,1800.0,1273.66,526.34
ORD03726,2024-12-16,C0294,Standing Desk,Furniture,Curepipe,South,1,15000,0.05,10316.21,14250.0,10316.21,3933.79
ORD03727,2025-08-24,C0319,Wireless Headphones,Accessories,Flacq,East,1,6500,0.0,4045.17,6500.0,4045.17,2454.83
ORD03728,2025-10-27,C0035,Office Lamp,Office,Flacq,East,1,1800,0.0,1083.29,1800.0,1083.29,716.71
ORD03729,2024-02-17,C0307,Office Lamp,Office,Curepipe,South,2,1800,0.1,1123.31,3240.0,2246.62,993.38
ORD03730,2025-07-21,C0217,Office Lamp,Office,Curepipe,South,2,1800,0.0,1235.33,3600.0,2470.66,1129.34
ORD03731,2024-11-30,C0314,Laptop Pro 14,Electronics,Mahebourg,South,1,45000,0.1,33281.04,40500.0,33281.04,7218.96
ORD03732,2025-07-06,C0498,Tablet Air,Electronics,Port Louis,North,2,18000,0.05,10637.19,34200.0,21274.38,12925.62
ORD03733,2025-03-24,C0108,Standing Desk,Furniture,Flacq,East,1,15000,0.0,10660.61,15000.0,10660.61,4339.39
ORD03734,2024-12-20,C0023,Printer,Office,Mahebourg,South,1,9500,0.0,6090.01,9500.0,6090.01,3409.99
ORD03735,2024-08-21,C0189,Office Chair,Furniture,Flacq,East,1,8500,0.0,5375.15,8500.0,5375.15,3124.85
ORD03736,2024-12-16,C0343,Office Lamp,Office,Centre de Flacq,East,1,1800,0.05,1189.1,1710.0,1189.1,520.9
ORD03737,2024-07-27,C0188,Smartphone X,Electronics,Quatre Bornes,West,4,28000,0.1,17245.4,100800.0,68981.6,31818.4
ORD03738,2024-12-11,C0424,Office Chair,Furniture,Black River,West,2,8500,0.0,5602.87,17000.0,11205.74,5794.26
ORD03739,2024-12-16,C0462,Tablet Air,Electronics,Mahebourg,South,1,18000,0.05,10615.99,17100.0,10615.99,6484.01
ORD03740,2024-02-14,C0239,Office Lamp,Office,Curepipe,South,1,1800,0.0,1063.2,1800.0,1063.2,736.8
ORD03741,2024-04-17,C0040,Tablet Air,Electronics,Pamplemousses,North,1,18000,0.0,10893.86,18000.0,10893.86,7106.14
ORD03742,2025-04-23,C0341,Gaming Mouse,Accessories,Mahebourg,South,2,2200,0.05,1595.55,4180.0,3191.1,988.9
ORD03743,2024-02-28,C0322,Office Chair,Furniture,Pamplemousses,North,1,8500,0.1,4827.55,7650.0,4827.55,2822.45
ORD03744,2025-07-02,C0336,Office Lamp,Office,Flacq,East,1,1800,0.0,1019.66,1800.0,1019.66,780.34
ORD03745,2024-08-12,C0494,Office Lamp,Office,Pamplemousses,North,2,1800,0.05,1261.88,3420.0,2523.76,896.24
ORD03746,2024-11-06,C0486,Laptop Pro 14,Electronics,Centre de Flacq,East,2,45000,0.15,29211.73,76500.0,58423.46,18076.54
ORD03747,2025-05-11,C0118,USB-C Hub,Accessories,Curepipe,South,1,1800,0.05,1179.03,1710.0,1179.03,530.97
ORD03748,2024-12-26,C0469,Printer,Office,Port Louis,North,1,9500,0.1,6291.19,8550.0,6291.19,2258.81
ORD03749,2025-02-23,C0383,Office Lamp,Office,Pamplemousses,North,1,1800,0.15,1210.95,1530.0,1210.95,319.05
ORD03750,2025-01-03,C0195,Monitor 27,Electronics,Flacq,East,2,12000,0.0,9327.56,24000.0,18655.12,5344.88
ORD03751,2024-02-05,C0225,Printer,Office,Black River,West,1,9500,0.0,5254.2,9500.0,5254.2,4245.8
ORD03752,2025-01-20,C0357,Laptop Pro 14,Electronics,Pamplemousses,North,1,45000,0.1,26717.01,40500.0,26717.01,13782.99
ORD03753,2024-04-02,C0378,Tablet Air,Electronics,Black River,West,1,18000,0.1,12978.91,16200.0,12978.91,3221.09
ORD03754,2025-08-05,C0392,Smartphone X,Electronics,Pamplemousses,North,2,28000,0.0,21671.94,56000.0,43343.88,12656.12
ORD03755,2024-04-28,C0432,Standing Desk,Furniture,Quatre Bornes,West,1,15000,0.0,10696.32,15000.0,10696.32,4303.68
ORD03756,2025-10-01,C0370,Office Chair,Furniture,Black River,West,2,8500,0.0,5113.35,17000.0,10226.7,6773.3
ORD03757,2024-02-02,C0390,Mechanical Keyboard,Accessories,Pamplemousses,North,1,4200,0.0,3005.97,4200.0,3005.97,1194.03
ORD03758,2025-08-26,C0179,Gaming Mouse,Accessories,Mahebourg,South,2,2200,0.0,1277.21,4400.0,2554.42,1845.58
ORD03759,2025-10-02,C0265,Wireless Headphones,Accessories,Curepipe,South,1,6500,0.0,3817.92,6500.0,3817.92,2682.08
ORD03760,2025-03-26,C0035,USB-C Hub,Accessories,Curepipe,South,1,1800,0.0,1403.15,1800.0,1403.15,396.85
ORD03761,2024-04-23,C0301,Monitor 27,Electronics,Curepipe,South,1,12000,0.0,7811.24,12000.0,7811.24,4188.76
ORD03762,2024-04-27,C0373,Tablet Air,Electronics,Curepipe,South,1,18000,0.0,13823.3,18000.0,13823.3,4176.7
ORD03763,2024-10-25,C0373,Printer,Office,Pamplemousses,North,2,9500,0.0,6522.8,19000.0,13045.6,5954.4
ORD03764,2025-04-05,C0267,USB-C Hub,Accessories,Curepipe,South,1,1800,0.05,1203.87,1710.0,1203.87,506.13
ORD03765,2025-10-17,C0195,USB-C Hub,Accessories,Pamplemousses,North,1,1800,0.05,1258.89,1710.0,1258.89,451.11
ORD03766,2024-04-04,C0297,Monitor 27,Electronics,Black River,West,1,12000,0.05,6781.69,11400.0,6781.69,4618.31
ORD03767,2024-07-21,C0038,Laptop Pro 14,Electronics,Quatre Bornes,West,1,45000,0.1,25953.38,40500.0,25953.38,14546.62
ORD03768,2025-12-07,C0415,Mechanical Keyboard,Accessories,Curepipe,South,1,4200,0.1,3061.26,3780.0,3061.26,718.74
ORD03769,2025-09-28,C0457,Laptop Pro 14,Electronics,Port Louis,North,3,45000,0.05,30995.3,128250.0,92985.9,35264.1
ORD03770,2025-10-15,C0090,Tablet Air,Electronics,Flacq,East,1,18000,0.05,11226.6,17100.0,11226.6,5873.4
ORD03771,2025-03-13,C0179,Tablet Air,Electronics,Mahebourg,South,2,18000,0.0,12373.24,36000.0,24746.48,11253.52
ORD03772,2024-10-04,C0121,Standing Desk,Furniture,Port Louis,North,3,15000,0.0,11083.37,45000.0,33250.11,11749.89
ORD03773,2025-02-16,C0037,USB-C Hub,Accessories,Port Louis,North,1,1800,0.0,1102.69,1800.0,1102.69,697.31
ORD03774,2025-05-05,C0151,Gaming Mouse,Accessories,Mahebourg,South,4,2200,0.0,1698.57,8800.0,6794.28,2005.72
ORD03775,2025-03-06,C0441,Office Chair,Furniture,Centre de Flacq,East,1,8500,0.05,5833.88,8075.0,5833.88,2241.12
ORD03776,2025-12-04,C0011,Monitor 27,Electronics,Flacq,East,3,12000,0.0,7221.73,36000.0,21665.19,14334.81
ORD03777,2025-10-12,C0055,Monitor 27,Electronics,Curepipe,South,1,12000,0.0,6892.87,12000.0,6892.87,5107.13
ORD03778,2025-04-04,C0411,Gaming Mouse,Accessories,Pamplemousses,North,1,2200,0.05,1378.07,2090.0,1378.07,711.93
ORD03779,2025-09-17,C0174,USB-C Hub,Accessories,Quatre Bornes,West,1,1800,0.1,1088.85,1620.0,1088.85,531.15
ORD03780,2025-05-15,C0049,Standing Desk,Furniture,Quatre Bornes,West,2,15000,0.05,11604.57,28500.0,23209.14,5290.86
ORD03781,2025-08-30,C0411,Monitor 27,Electronics,Curepipe,South,1,12000,0.0,8353.74,12000.0,8353.74,3646.26
ORD03782,2024-04-05,C0192,Smartphone X,Electronics,Port Louis,North,1,28000,0.15,20750.26,23800.0,20750.26,3049.74
ORD03783,2024-04-28,C0452,Office Chair,Furniture,Black River,West,1,8500,0.1,6583.0,7650.0,6583.0,1067.0
ORD03784,2024-05-11,C0338,Laptop Pro 14,Electronics,Black River,West,1,45000,0.0,32343.39,45000.0,32343.39,12656.61
ORD03785,2025-12-27,C0408,Laptop Pro 14,Electronics,Curepipe,South,1,45000,0.05,29962.34,42750.0,29962.34,12787.66
ORD03786,2024-02-20,C0144,Smartphone X,Electronics,Quatre Bornes,West,2,28000,0.1,20588.69,50400.0,41177.38,9222.62
ORD03787,2024-03-16,C0093,Standing Desk,Furniture,Quatre Bornes,West,1,15000,0.05,11266.81,14250.0,11266.81,2983.19
ORD03788,2025-09-15,C0389,USB-C Hub,Accessories,Port Louis,North,1,1800,0.1,1375.42,1620.0,1375.42,244.58
ORD03789,2024-10-14,C0412,Office Chair,Furniture,Curepipe,South,1,8500,0.0,5982.51,8500.0,5982.51,2517.49
ORD03790,2025-10-23,C0434,Smartphone X,Electronics,Mahebourg,South,1,28000,0.0,16649.55,28000.0,16649.55,11350.45
ORD03791,2024-03-03,C0265,USB-C Hub,Accessories,Black River,West,1,1800,0.15,1257.3,1530.0,1257.3,272.7
ORD03792,2024-01-07,C0228,Wireless Headphones,Accessories,Curepipe,South,1,6500,0.0,4364.21,6500.0,4364.21,2135.79
ORD03793,2024-05-25,C0240,Monitor 27,Electronics,Curepipe,South,3,12000,0.0,9036.62,36000.0,27109.86,8890.14
ORD03794,2025-02-21,C0384,USB-C Hub,Accessories,Quatre Bornes,West,2,1800,0.0,1383.39,3600.0,2766.78,833.22
ORD03795,2025-05-27,C0109,Office Lamp,Office,Centre de Flacq,East,1,1800,0.05,1366.26,1710.0,1366.26,343.74
ORD03796,2024-01-30,C0180,Office Chair,Furniture,Quatre Bornes,West,1,8500,0.1,5051.37,7650.0,5051.37,2598.63
ORD03797,2025-09-06,C0160,Printer,Office,Port Louis,North,3,9500,0.05,6985.22,27075.0,20955.66,6119.34
ORD03798,2025-08-17,C0142,Monitor 27,Electronics,Quatre Bornes,West,1,12000,0.1,7010.04,10800.0,7010.04,3789.96
ORD03799,2024-02-11,C0206,Laptop Pro 14,Electronics,Mahebourg,South,1,45000,0.0,29059.84,45000.0,29059.84,15940.16
ORD03800,2025-02-18,C0336,Standing Desk,Furniture,Pamplemousses,North,1,15000,0.05,9345.93,14250.0,9345.93,4904.07
ORD03801,2024-03-19,C0106,Office Chair,Furniture,Curepipe,South,1,8500,0.0,4980.21,8500.0,4980.21,3519.79
ORD03802,2024-03-31,C0377,Laptop Pro 14,Electronics,Curepipe,South,1,45000,0.1,27682.57,40500.0,27682.57,12817.43
ORD03803,2025-03-17,C0343,USB-C Hub,Accessories,Centre de Flacq,East,2,1800,0.0,1333.44,3600.0,2666.88,933.12
ORD03804,2025-09-18,C0170,Gaming Mouse,Accessories,Port Louis,North,1,2200,0.0,1287.14,2200.0,1287.14,912.86
ORD03805,2024-11-16,C0346,Office Chair,Furniture,Black River,West,2,8500,0.0,5985.65,17000.0,11971.3,5028.7
ORD03806,2025-07-09,C0341,Wireless Headphones,Accessories,Flacq,East,1,6500,0.05,4573.62,6175.0,4573.62,1601.38
ORD03807,2024-05-15,C0392,Gaming Mouse,Accessories,Mahebourg,South,1,2200,0.05,1355.27,2090.0,1355.27,734.73
ORD03808,2024-12-07,C0046,Gaming Mouse,Accessories,Mahebourg,South,1,2200,0.1,1300.73,1980.0,1300.73,679.27
ORD03809,2025-07-11,C0232,Standing Desk,Furniture,Centre de Flacq,East,1,15000,0.05,8793.21,14250.0,8793.21,5456.79
ORD03810,2024-02-11,C0109,Monitor 27,Electronics,Black River,West,1,12000,0.05,8074.15,11400.0,8074.15,3325.85
ORD03811,2025-10-08,C0397,Printer,Office,Centre de Flacq,East,1,9500,0.05,5312.93,9025.0,5312.93,3712.07
ORD03812,2025-12-10,C0434,Tablet Air,Electronics,Flacq,East,1,18000,0.1,11472.96,16200.0,11472.96,4727.04
ORD03813,2024-07-27,C0036,Gaming Mouse,Accessories,Centre de Flacq,East,2,2200,0.05,1326.39,4180.0,2652.78,1527.22
ORD03814,2024-08-02,C0073,Mechanical Keyboard,Accessories,Centre de Flacq,East,2,4200,0.0,2822.59,8400.0,5645.18,2754.82
ORD03815,2024-05-02,C0039,Wireless Headphones,Accessories,Quatre Bornes,West,3,6500,0.15,4990.59,16575.0,14971.77,1603.23
ORD03816,2025-11-12,C0257,Mechanical Keyboard,Accessories,Black River,West,1,4200,0.0,2733.56,4200.0,2733.56,1466.44
ORD03817,2025-09-26,C0075,USB-C Hub,Accessories,Black River,West,1,1800,0.0,1329.1,1800.0,1329.1,470.9
ORD03818,2024-01-26,C0459,Tablet Air,Electronics,Quatre Bornes,West,1,18000,0.0,13039.82,18000.0,13039.82,4960.18
ORD03819,2024-09-15,C0123,Office Chair,Furniture,Port Louis,North,1,8500,0.05,4783.65,8075.0,4783.65,3291.35
ORD03820,2024-11-06,C0296,Standing Desk,Furniture,Pamplemousses,North,4,15000,0.0,10874.68,60000.0,43498.72,16501.28
ORD03821,2025-06-02,C0433,Printer,Office,Pamplemousses,North,1,9500,0.0,5390.04,9500.0,5390.04,4109.96
ORD03822,2024-01-07,C0053,Laptop Pro 14,Electronics,Mahebourg,South,4,45000,0.05,34080.64,171000.0,136322.56,34677.44
ORD03823,2025-11-03,C0213,Mechanical Keyboard,Accessories,Mahebourg,South,1,4200,0.0,2444.31,4200.0,2444.31,1755.69
ORD03824,2025-01-12,C0170,USB-C Hub,Accessories,Black River,West,1,1800,0.0,1113.35,1800.0,1113.35,686.65
ORD03825,2025-08-16,C0004,Monitor 27,Electronics,Curepipe,South,1,12000,0.05,6681.65,11400.0,6681.65,4718.35
ORD03826,2025-11-18,C0426,USB-C Hub,Accessories,Curepipe,South,1,1800,0.1,1278.29,1620.0,1278.29,341.71
ORD03827,2025-08-08,C0341,Standing Desk,Furniture,Mahebourg,South,1,15000,0.0,10468.67,15000.0,10468.67,4531.33
ORD03828,2025-12-22,C0266,USB-C Hub,Accessories,Mahebourg,South,2,1800,0.0,1364.37,3600.0,2728.74,871.26
ORD03829,2024-11-05,C0399,Printer,Office,Flacq,East,1,9500,0.0,6951.17,9500.0,6951.17,2548.83
ORD03830,2025-09-18,C0022,Mechanical Keyboard,Accessories,Black River,West,1,4200,0.1,2967.41,3780.0,2967.41,812.59
ORD03831,2025-12-13,C0224,USB-C Hub,Accessories,Centre de Flacq,East,3,1800,0.05,1065.05,5130.0,3195.15,1934.85
ORD03832,2025-06-23,C0195,Monitor 27,Electronics,Quatre Bornes,West,3,12000,0.05,8511.35,34200.0,25534.05,8665.95
ORD03833,2025-11-16,C0013,Smartphone X,Electronics,Port Louis,North,3,28000,0.05,18564.29,79800.0,55692.87,24107.13
ORD03834,2025-11-06,C0056,Office Lamp,Office,Port Louis,North,1,1800,0.05,1116.54,1710.0,1116.54,593.46
ORD03835,2024-06-16,C0340,Tablet Air,Electronics,Curepipe,South,1,18000,0.15,13376.71,15300.0,13376.71,1923.29
ORD03836,2024-09-15,C0225,Smartphone X,Electronics,Flacq,East,1,28000,0.05,19907.82,26600.0,19907.82,6692.18
ORD03837,2024-11-13,C0024,Office Chair,Furniture,Flacq,East,1,8500,0.05,5993.51,8075.0,5993.51,2081.49
ORD03838,2025-06-02,C0021,Laptop Pro 14,Electronics,Quatre Bornes,West,1,45000,0.05,28521.59,42750.0,28521.59,14228.41
ORD03839,2024-05-19,C0345,Printer,Office,Flacq,East,2,9500,0.0,6678.79,19000.0,13357.58,5642.42
ORD03840,2024-05-21,C0075,Tablet Air,Electronics,Pamplemousses,North,2,18000,0.05,11112.94,34200.0,22225.88,11974.12
ORD03841,2024-10-26,C0122,Mechanical Keyboard,Accessories,Port Louis,North,1,4200,0.1,2773.36,3780.0,2773.36,1006.64
ORD03842,2025-08-08,C0319,Printer,Office,Black River,West,2,9500,0.1,5667.72,17100.0,11335.44,5764.56
ORD03843,2024-04-10,C0232,USB-C Hub,Accessories,Quatre Bornes,West,1,1800,0.0,1102.16,1800.0,1102.16,697.84
ORD03844,2024-01-19,C0221,Office Chair,Furniture,Mahebourg,South,1,8500,0.1,4857.75,7650.0,4857.75,2792.25
ORD03845,2024-08-06,C0378,Office Lamp,Office,Port Louis,North,2,1800,0.0,1282.27,3600.0,2564.54,1035.46
ORD03846,2025-01-07,C0384,Mechanical Keyboard,Accessories,Black River,West,2,4200,0.1,3175.18,7560.0,6350.36,1209.64
ORD03847,2025-07-13,C0409,Wireless Headphones,Accessories,Black River,West,2,6500,0.0,3766.3,13000.0,7532.6,5467.4
ORD03848,2025-08-11,C0251,Laptop Pro 14,Electronics,Mahebourg,South,1,45000,0.0,25099.71,45000.0,25099.71,19900.29
ORD03849,2025-08-28,C0393,Monitor 27,Electronics,Mahebourg,South,1,12000,0.0,8067.04,12000.0,8067.04,3932.96
ORD03850,2025-03-18,C0387,Smartphone X,Electronics,Flacq,East,1,28000,0.0,17575.71,28000.0,17575.71,10424.29
ORD03851,2025-08-16,C0060,Mechanical Keyboard,Accessories,Quatre Bornes,West,1,4200,0.1,2854.73,3780.0,2854.73,925.27
ORD03852,2024-08-29,C0147,Tablet Air,Electronics,Black River,West,1,18000,0.1,11491.49,16200.0,11491.49,4708.51
ORD03853,2024-09-29,C0048,Laptop Pro 14,Electronics,Curepipe,South,1,45000,0.0,33406.15,45000.0,33406.15,11593.85
ORD03854,2024-07-03,C0173,Gaming Mouse,Accessories,Port Louis,North,1,2200,0.05,1392.66,2090.0,1392.66,697.34
ORD03855,2025-11-08,C0465,Printer,Office,Quatre Bornes,West,4,9500,0.1,5525.58,34200.0,22102.32,12097.68
ORD03856,2025-03-20,C0459,USB-C Hub,Accessories,Centre de Flacq,East,1,1800,0.05,1102.05,1710.0,1102.05,607.95
ORD03857,2024-09-19,C0205,Wireless Headphones,Accessories,Centre de Flacq,East,2,6500,0.0,4725.03,13000.0,9450.06,3549.94
ORD03858,2024-03-17,C0470,Mechanical Keyboard,Accessories,Centre de Flacq,East,1,4200,0.05,2848.16,3990.0,2848.16,1141.84
ORD03859,2025-02-26,C0329,USB-C Hub,Accessories,Curepipe,South,2,1800,0.0,1389.08,3600.0,2778.16,821.84
ORD03860,2025-03-30,C0239,Smartphone X,Electronics,Quatre Bornes,West,1,28000,0.0,21714.34,28000.0,21714.34,6285.66
ORD03861,2024-02-07,C0367,Office Chair,Furniture,Quatre Bornes,West,1,8500,0.0,5862.54,8500.0,5862.54,2637.46
ORD03862,2024-04-27,C0281,Office Lamp,Office,Pamplemousses,North,2,1800,0.0,1266.43,3600.0,2532.86,1067.14
ORD03863,2024-10-27,C0104,Mechanical Keyboard,Accessories,Mahebourg,South,1,4200,0.15,3160.81,3570.0,3160.81,409.19
ORD03864,2024-08-31,C0183,Standing Desk,Furniture,Curepipe,South,2,15000,0.05,10997.16,28500.0,21994.32,6505.68
ORD03865,2025-04-05,C0102,Laptop Pro 14,Electronics,Port Louis,North,1,45000,0.0,24930.24,45000.0,24930.24,20069.76
ORD03866,2024-03-12,C0106,Gaming Mouse,Accessories,Quatre Bornes,West,1,2200,0.0,1357.47,2200.0,1357.47,842.53
ORD03867,2025-07-02,C0423,Smartphone X,Electronics,Curepipe,South,1,28000,0.05,16837.36,26600.0,16837.36,9762.64
ORD03868,2024-11-30,C0498,USB-C Hub,Accessories,Flacq,East,1,1800,0.0,1295.29,1800.0,1295.29,504.71
ORD03869,2025-03-13,C0010,Tablet Air,Electronics,Pamplemousses,North,4,18000,0.05,11091.66,68400.0,44366.64,24033.36
ORD03870,2024-05-19,C0165,Office Lamp,Office,Port Louis,North,2,1800,0.05,1006.91,3420.0,2013.82,1406.18
ORD03871,2024-11-20,C0354,Office Lamp,Office,Centre de Flacq,East,1,1800,0.0,1147.95,1800.0,1147.95,652.05
ORD03872,2025-11-01,C0003,Gaming Mouse,Accessories,Centre de Flacq,East,1,2200,0.0,1248.96,2200.0,1248.96,951.04
ORD03873,2025-01-19,C0471,Office Chair,Furniture,Pamplemousses,North,2,8500,0.0,5719.45,17000.0,11438.9,5561.1
ORD03874,2025-12-04,C0322,Gaming Mouse,Accessories,Port Louis,North,2,2200,0.05,1419.88,4180.0,2839.76,1340.24
ORD03875,2025-03-08,C0146,Tablet Air,Electronics,Port Louis,North,2,18000,0.05,11807.29,34200.0,23614.58,10585.42
ORD03876,2024-10-19,C0484,Laptop Pro 14,Electronics,Quatre Bornes,West,1,45000,0.0,29303.62,45000.0,29303.62,15696.38
ORD03877,2025-12-02,C0364,Wireless Headphones,Accessories,Quatre Bornes,West,2,6500,0.0,4794.16,13000.0,9588.32,3411.68
ORD03878,2024-12-15,C0379,Tablet Air,Electronics,Mahebourg,South,1,18000,0.0,12532.56,18000.0,12532.56,5467.44
ORD03879,2025-07-07,C0167,USB-C Hub,Accessories,Pamplemousses,North,2,1800,0.05,1191.51,3420.0,2383.02,1036.98
ORD03880,2024-01-11,C0051,Laptop Pro 14,Electronics,Mahebourg,South,1,45000,0.05,27634.88,42750.0,27634.88,15115.12
ORD03881,2024-09-27,C0480,Standing Desk,Furniture,Flacq,East,1,15000,0.0,8524.14,15000.0,8524.14,6475.86
ORD03882,2025-03-29,C0222,Standing Desk,Furniture,Mahebourg,South,1,15000,0.1,11424.62,13500.0,11424.62,2075.38
ORD03883,2025-01-20,C0091,USB-C Hub,Accessories,Centre de Flacq,East,1,1800,0.0,1278.23,1800.0,1278.23,521.77
ORD03884,2024-04-03,C0369,Wireless Headphones,Accessories,Quatre Bornes,West,2,6500,0.0,4558.32,13000.0,9116.64,3883.36
ORD03885,2025-08-13,C0073,Laptop Pro 14,Electronics,Pamplemousses,North,1,45000,0.1,31222.87,40500.0,31222.87,9277.13
ORD03886,2025-05-18,C0479,Gaming Mouse,Accessories,Mahebourg,South,2,2200,0.05,1692.31,4180.0,3384.62,795.38
ORD03887,2024-01-14,C0024,USB-C Hub,Accessories,Black River,West,3,1800,0.0,1026.56,5400.0,3079.68,2320.32
ORD03888,2025-02-18,C0230,Monitor 27,Electronics,Mahebourg,South,1,12000,0.1,6973.27,10800.0,6973.27,3826.73
ORD03889,2025-08-14,C0238,USB-C Hub,Accessories,Pamplemousses,North,4,1800,0.0,1398.16,7200.0,5592.64,1607.36
ORD03890,2024-10-22,C0131,Printer,Office,Black River,West,1,9500,0.0,6036.83,9500.0,6036.83,3463.17
ORD03891,2025-01-16,C0471,Gaming Mouse,Accessories,Port Louis,North,1,2200,0.05,1309.78,2090.0,1309.78,780.22
ORD03892,2025-08-08,C0346,Printer,Office,Mahebourg,South,1,9500,0.0,5243.49,9500.0,5243.49,4256.51
ORD03893,2025-04-17,C0461,Tablet Air,Electronics,Centre de Flacq,East,2,18000,0.0,12363.05,36000.0,24726.1,11273.9
ORD03894,2025-06-11,C0402,Mechanical Keyboard,Accessories,Curepipe,South,1,4200,0.0,2343.27,4200.0,2343.27,1856.73
ORD03895,2025-04-24,C0105,Smartphone X,Electronics,Centre de Flacq,East,1,28000,0.1,20353.19,25200.0,20353.19,4846.81
ORD03896,2024-03-29,C0181,Printer,Office,Pamplemousses,North,1,9500,0.05,7300.06,9025.0,7300.06,1724.94
ORD03897,2024-07-02,C0295,Office Lamp,Office,Flacq,East,1,1800,0.1,1296.5,1620.0,1296.5,323.5
ORD03898,2024-09-16,C0379,Office Lamp,Office,Mahebourg,South,2,1800,0.1,1211.03,3240.0,2422.06,817.94
ORD03899,2025-04-05,C0256,Wireless Headphones,Accessories,Port Louis,North,1,6500,0.05,3592.88,6175.0,3592.88,2582.12
ORD03900,2024-10-07,C0422,Monitor 27,Electronics,Quatre Bornes,West,2,12000,0.05,8453.12,22800.0,16906.24,5893.76
ORD03901,2024-08-18,C0428,Wireless Headphones,Accessories,Port Louis,North,1,6500,0.0,5026.51,6500.0,5026.51,1473.49
ORD03902,2025-04-19,C0432,Gaming Mouse,Accessories,Quatre Bornes,West,3,2200,0.0,1671.71,6600.0,5015.13,1584.87
ORD03903,2025-09-12,C0053,Laptop Pro 14,Electronics,Black River,West,1,45000,0.05,34839.26,42750.0,34839.26,7910.74
ORD03904,2024-05-05,C0357,Monitor 27,Electronics,Flacq,East,1,12000,0.0,9044.76,12000.0,9044.76,2955.24
ORD03905,2025-09-25,C0042,Printer,Office,Flacq,East,1,9500,0.0,5889.38,9500.0,5889.38,3610.62
ORD03906,2025-01-31,C0087,Gaming Mouse,Accessories,Port Louis,North,1,2200,0.1,1273.49,1980.0,1273.49,706.51
ORD03907,2024-05-29,C0262,Standing Desk,Furniture,Pamplemousses,North,2,15000,0.05,9908.43,28500.0,19816.86,8683.14
ORD03908,2025-10-15,C0127,Mechanical Keyboard,Accessories,Curepipe,South,2,4200,0.0,3095.46,8400.0,6190.92,2209.08
ORD03909,2025-02-13,C0079,Laptop Pro 14,Electronics,Mahebourg,South,3,45000,0.0,25251.18,135000.0,75753.54,59246.46
ORD03910,2024-07-15,C0339,Smartphone X,Electronics,Port Louis,North,1,28000,0.0,18960.23,28000.0,18960.23,9039.77
ORD03911,2025-07-09,C0202,Monitor 27,Electronics,Quatre Bornes,West,1,12000,0.0,8613.81,12000.0,8613.81,3386.19
ORD03912,2024-02-01,C0115,Smartphone X,Electronics,Quatre Bornes,West,2,28000,0.0,15748.5,56000.0,31497.0,24503.0
ORD03913,2025-12-22,C0060,Tablet Air,Electronics,Black River,West,2,18000,0.1,10214.03,32400.0,20428.06,11971.94
ORD03914,2025-04-29,C0092,USB-C Hub,Accessories,Flacq,East,1,1800,0.0,1001.94,1800.0,1001.94,798.06
ORD03915,2025-04-28,C0499,Office Lamp,Office,Black River,West,1,1800,0.05,1038.1,1710.0,1038.1,671.9
ORD03916,2025-09-10,C0318,Office Chair,Furniture,Centre de Flacq,East,1,8500,0.0,5694.08,8500.0,5694.08,2805.92
ORD03917,2024-01-12,C0168,Standing Desk,Furniture,Mahebourg,South,1,15000,0.0,10146.49,15000.0,10146.49,4853.51
ORD03918,2024-01-08,C0084,USB-C Hub,Accessories,Black River,West,2,1800,0.0,1340.28,3600.0,2680.56,919.44
ORD03919,2024-01-21,C0040,Smartphone X,Electronics,Quatre Bornes,West,2,28000,0.0,18171.74,56000.0,36343.48,19656.52
ORD03920,2025-04-05,C0361,Standing Desk,Furniture,Black River,West,2,15000,0.0,11694.81,30000.0,23389.62,6610.38
ORD03921,2024-12-14,C0038,Monitor 27,Electronics,Pamplemousses,North,1,12000,0.0,7547.55,12000.0,7547.55,4452.45
ORD03922,2025-02-19,C0083,Tablet Air,Electronics,Quatre Bornes,West,1,18000,0.15,11424.16,15300.0,11424.16,3875.84
ORD03923,2024-03-20,C0279,Smartphone X,Electronics,Flacq,East,1,28000,0.0,21389.51,28000.0,21389.51,6610.49
ORD03924,2024-07-20,C0008,Tablet Air,Electronics,Flacq,East,1,18000,0.0,12228.63,18000.0,12228.63,5771.37
ORD03925,2024-07-01,C0185,Wireless Headphones,Accessories,Curepipe,South,1,6500,0.0,4320.11,6500.0,4320.11,2179.89
ORD03926,2024-02-24,C0332,Office Chair,Furniture,Flacq,East,1,8500,0.1,6524.99,7650.0,6524.99,1125.01
ORD03927,2025-01-05,C0122,Mechanical Keyboard,Accessories,Flacq,East,1,4200,0.1,2319.37,3780.0,2319.37,1460.63
ORD03928,2025-08-24,C0260,Gaming Mouse,Accessories,Centre de Flacq,East,3,2200,0.0,1267.41,6600.0,3802.23,2797.77
ORD03929,2025-04-19,C0125,Standing Desk,Furniture,Curepipe,South,1,15000,0.1,11475.17,13500.0,11475.17,2024.83
ORD03930,2025-06-26,C0132,Mechanical Keyboard,Accessories,Mahebourg,South,3,4200,0.0,2583.81,12600.0,7751.43,4848.57
ORD03931,2024-12-13,C0059,Office Lamp,Office,Curepipe,South,1,1800,0.05,1257.42,1710.0,1257.42,452.58
ORD03932,2024-03-01,C0164,Gaming Mouse,Accessories,Black River,West,2,2200,0.0,1571.24,4400.0,3142.48,1257.52
ORD03933,2025-02-27,C0099,Printer,Office,Port Louis,North,1,9500,0.1,7311.37,8550.0,7311.37,1238.63
ORD03934,2025-06-19,C0302,Gaming Mouse,Accessories,Pamplemousses,North,1,2200,0.1,1690.12,1980.0,1690.12,289.88
ORD03935,2025-10-29,C0098,USB-C Hub,Accessories,Black River,West,3,1800,0.05,1161.44,5130.0,3484.32,1645.68
ORD03936,2024-11-24,C0081,Laptop Pro 14,Electronics,Curepipe,South,2,45000,0.1,32293.14,81000.0,64586.28,16413.72
ORD03937,2025-05-12,C0182,Printer,Office,Quatre Bornes,West,1,9500,0.0,5330.16,9500.0,5330.16,4169.84
ORD03938,2024-05-14,C0362,USB-C Hub,Accessories,Flacq,East,4,1800,0.1,1184.03,6480.0,4736.12,1743.88
ORD03939,2024-09-16,C0392,Office Lamp,Office,Quatre Bornes,West,1,1800,0.15,1311.51,1530.0,1311.51,218.49
ORD03940,2024-09-02,C0225,Wireless Headphones,Accessories,Curepipe,South,1,6500,0.0,4311.22,6500.0,4311.22,2188.78
ORD03941,2025-08-29,C0297,Monitor 27,Electronics,Curepipe,South,1,12000,0.15,7232.95,10200.0,7232.95,2967.05
ORD03942,2025-12-07,C0213,Monitor 27,Electronics,Curepipe,South,2,12000,0.05,7380.07,22800.0,14760.14,8039.86
ORD03943,2025-05-27,C0476,Mechanical Keyboard,Accessories,Port Louis,North,1,4200,0.05,2926.65,3990.0,2926.65,1063.35
ORD03944,2024-04-15,C0256,Mechanical Keyboard,Accessories,Port Louis,North,1,4200,0.0,2935.04,4200.0,2935.04,1264.96
ORD03945,2024-05-16,C0404,Smartphone X,Electronics,Mahebourg,South,3,28000,0.1,17380.32,75600.0,52140.96,23459.04
ORD03946,2025-05-02,C0087,Smartphone X,Electronics,Centre de Flacq,East,2,28000,0.05,18603.47,53200.0,37206.94,15993.06
ORD03947,2025-08-22,C0454,Printer,Office,Port Louis,North,1,9500,0.1,6319.13,8550.0,6319.13,2230.87
ORD03948,2024-12-08,C0490,Standing Desk,Furniture,Centre de Flacq,East,1,15000,0.05,11603.37,14250.0,11603.37,2646.63
ORD03949,2024-05-04,C0124,USB-C Hub,Accessories,Mahebourg,South,1,1800,0.0,1213.83,1800.0,1213.83,586.17
ORD03950,2025-02-05,C0441,Gaming Mouse,Accessories,Centre de Flacq,East,1,2200,0.0,1389.11,2200.0,1389.11,810.89
ORD03951,2024-10-28,C0366,Standing Desk,Furniture,Port Louis,North,1,15000,0.0,9155.38,15000.0,9155.38,5844.62
ORD03952,2025-06-17,C0477,Monitor 27,Electronics,Quatre Bornes,West,1,12000,0.05,9090.95,11400.0,9090.95,2309.05
ORD03953,2024-10-09,C0447,Laptop Pro 14,Electronics,Mahebourg,South,1,45000,0.0,34721.8,45000.0,34721.8,10278.2
ORD03954,2024-04-27,C0013,Mechanical Keyboard,Accessories,Flacq,East,1,4200,0.05,3245.04,3990.0,3245.04,744.96
ORD03955,2025-05-27,C0388,Monitor 27,Electronics,Pamplemousses,North,2,12000,0.05,7373.36,22800.0,14746.72,8053.28
ORD03956,2024-03-23,C0487,Office Lamp,Office,Pamplemousses,North,2,1800,0.05,1075.19,3420.0,2150.38,1269.62
ORD03957,2024-11-23,C0175,Office Lamp,Office,Pamplemousses,North,2,1800,0.05,1180.8,3420.0,2361.6,1058.4
ORD03958,2025-07-21,C0309,Tablet Air,Electronics,Pamplemousses,North,1,18000,0.05,13504.38,17100.0,13504.38,3595.62
ORD03959,2024-12-22,C0051,Mechanical Keyboard,Accessories,Flacq,East,1,4200,0.05,3198.57,3990.0,3198.57,791.43
ORD03960,2024-10-05,C0073,Monitor 27,Electronics,Quatre Bornes,West,3,12000,0.05,8964.81,34200.0,26894.43,7305.57
ORD03961,2025-03-14,C0301,Office Chair,Furniture,Mahebourg,South,1,8500,0.05,4767.33,8075.0,4767.33,3307.67
ORD03962,2024-03-03,C0193,Mechanical Keyboard,Accessories,Port Louis,North,1,4200,0.05,2525.42,3990.0,2525.42,1464.58
ORD03963,2025-09-03,C0075,Printer,Office,Mahebourg,South,2,9500,0.05,6551.97,18050.0,13103.94,4946.06
ORD03964,2024-07-09,C0047,Laptop Pro 14,Electronics,Curepipe,South,1,45000,0.1,27435.56,40500.0,27435.56,13064.44
ORD03965,2024-08-03,C0014,Gaming Mouse,Accessories,Port Louis,North,2,2200,0.1,1248.1,3960.0,2496.2,1463.8
ORD03966,2025-09-24,C0124,Printer,Office,Port Louis,North,1,9500,0.05,6880.86,9025.0,6880.86,2144.14
ORD03967,2025-07-19,C0216,Standing Desk,Furniture,Flacq,East,1,15000,0.0,9559.79,15000.0,9559.79,5440.21
ORD03968,2025-03-02,C0385,Office Lamp,Office,Black River,West,2,1800,0.0,1060.18,3600.0,2120.36,1479.64
ORD03969,2024-06-07,C0279,Laptop Pro 14,Electronics,Mahebourg,South,4,45000,0.1,33742.17,162000.0,134968.68,27031.32
ORD03970,2025-01-31,C0306,Gaming Mouse,Accessories,Centre de Flacq,East,1,2200,0.1,1291.51,1980.0,1291.51,688.49
ORD03971,2024-12-23,C0146,Wireless Headphones,Accessories,Curepipe,South,1,6500,0.15,3957.49,5525.0,3957.49,1567.51
ORD03972,2025-04-22,C0477,Gaming Mouse,Accessories,Mahebourg,South,1,2200,0.15,1383.08,1870.0,1383.08,486.92
ORD03973,2025-07-25,C0042,Mechanical Keyboard,Accessories,Black River,West,1,4200,0.05,2993.16,3990.0,2993.16,996.84
ORD03974,2024-03-14,C0096,Office Lamp,Office,Pamplemousses,North,1,1800,0.05,1003.8,1710.0,1003.8,706.2
ORD03975,2025-10-03,C0094,Monitor 27,Electronics,Quatre Bornes,West,1,12000,0.0,7749.61,12000.0,7749.61,4250.39
ORD03976,2025-08-16,C0038,Wireless Headphones,Accessories,Flacq,East,3,6500,0.1,4913.61,17550.0,14740.83,2809.17
ORD03977,2024-04-27,C0042,Monitor 27,Electronics,Black River,West,1,12000,0.0,7563.01,12000.0,7563.01,4436.99
ORD03978,2025-09-02,C0107,Smartphone X,Electronics,Mahebourg,South,1,28000,0.0,20274.11,28000.0,20274.11,7725.89
ORD03979,2024-11-20,C0353,Wireless Headphones,Accessories,Pamplemousses,North,1,6500,0.0,4078.66,6500.0,4078.66,2421.34
ORD03980,2025-02-01,C0296,Wireless Headphones,Accessories,Mahebourg,South,1,6500,0.1,4633.78,5850.0,4633.78,1216.22
ORD03981,2024-11-10,C0134,Office Lamp,Office,Black River,West,2,1800,0.0,1219.85,3600.0,2439.7,1160.3
ORD03982,2024-12-14,C0109,Smartphone X,Electronics,Port Louis,North,2,28000,0.0,20468.64,56000.0,40937.28,15062.72
ORD03983,2025-04-05,C0186,Smartphone X,Electronics,Pamplemousses,North,1,28000,0.05,20794.54,26600.0,20794.54,5805.46
ORD03984,2025-06-25,C0226,Laptop Pro 14,Electronics,Flacq,East,1,45000,0.05,28538.25,42750.0,28538.25,14211.75
ORD03985,2024-12-26,C0093,Wireless Headphones,Accessories,Mahebourg,South,1,6500,0.1,4040.18,5850.0,4040.18,1809.82
ORD03986,2024-09-04,C0414,Wireless Headphones,Accessories,Port Louis,North,1,6500,0.0,4494.78,6500.0,4494.78,2005.22
ORD03987,2025-03-15,C0437,Tablet Air,Electronics,Flacq,East,1,18000,0.0,11741.98,18000.0,11741.98,6258.02
ORD03988,2025-12-16,C0436,Monitor 27,Electronics,Mahebourg,South,1,12000,0.05,7195.87,11400.0,7195.87,4204.13
ORD03989,2025-06-06,C0261,Mechanical Keyboard,Accessories,Mahebourg,South,1,4200,0.0,2468.77,4200.0,2468.77,1731.23
ORD03990,2024-10-23,C0359,Printer,Office,Pamplemousses,North,1,9500,0.1,6173.88,8550.0,6173.88,2376.12
ORD03991,2025-01-02,C0086,Office Chair,Furniture,Pamplemousses,North,1,8500,0.1,5546.6,7650.0,5546.6,2103.4
ORD03992,2024-04-12,C0247,Office Lamp,Office,Pamplemousses,North,1,1800,0.0,998.53,1800.0,998.53,801.47
ORD03993,2025-10-09,C0095,Monitor 27,Electronics,Centre de Flacq,East,2,12000,0.0,8337.77,24000.0,16675.54,7324.46
ORD03994,2025-12-07,C0163,Gaming Mouse,Accessories,Flacq,East,1,2200,0.05,1555.62,2090.0,1555.62,534.38
ORD03995,2025-10-14,C0146,Tablet Air,Electronics,Centre de Flacq,East,1,18000,0.05,12757.67,17100.0,12757.67,4342.33
ORD03996,2024-05-31,C0258,USB-C Hub,Accessories,Port Louis,North,1,1800,0.1,1049.2,1620.0,1049.2,570.8
ORD03997,2025-06-01,C0488,Office Chair,Furniture,Mahebourg,South,1,8500,0.0,5665.33,8500.0,5665.33,2834.67
ORD03998,2024-02-26,C0258,Office Chair,Furniture,Flacq,East,2,8500,0.05,5152.91,16150.0,10305.82,5844.18
ORD03999,2024-07-07,C0462,Tablet Air,Electronics,Mahebourg,South,1,18000,0.0,11071.68,18000.0,11071.68,6928.32
ORD04000,2025-12-05,C0040,Smartphone X,Electronics,Mahebourg,South,1,28000,0.05,16756.16,26600.0,16756.16,9843.84
ORD04001,2025-08-19,C0238,Wireless Headphones,Accessories,Pamplemousses,North,2,6500,0.1,4464.22,11700.0,8928.44,2771.56
ORD04002,2025-10-21,C0053,Office Lamp,Office,Black River,West,2,1800,0.05,1363.72,3420.0,2727.44,692.56
ORD04003,2024-09-13,C0307,Mechanical Keyboard,Accessories,Mahebourg,South,1,4200,0.1,3064.95,3780.0,3064.95,715.05
ORD04004,2024-08-03,C0172,Office Lamp,Office,Curepipe,South,1,1800,0.0,1336.76,1800.0,1336.76,463.24
ORD04005,2024-08-08,C0112,Office Lamp,Office,Port Louis,North,1,1800,0.05,1097.72,1710.0,1097.72,612.28
ORD04006,2025-12-19,C0012,Smartphone X,Electronics,Quatre Bornes,West,1,28000,0.05,20249.96,26600.0,20249.96,6350.04
ORD04007,2024-01-02,C0398,Smartphone X,Electronics,Mahebourg,South,1,28000,0.0,18451.81,28000.0,18451.81,9548.19
ORD04008,2025-04-13,C0002,Mechanical Keyboard,Accessories,Black River,West,2,4200,0.0,2768.61,8400.0,5537.22,2862.78
ORD04009,2025-06-24,C0460,Office Chair,Furniture,Pamplemousses,North,1,8500,0.05,6123.06,8075.0,6123.06,1951.94
ORD04010,2025-03-02,C0384,Gaming Mouse,Accessories,Pamplemousses,North,1,2200,0.1,1464.37,1980.0,1464.37,515.63
ORD04011,2024-08-30,C0188,Laptop Pro 14,Electronics,Mahebourg,South,1,45000,0.0,33985.36,45000.0,33985.36,11014.64
ORD04012,2025-04-13,C0148,Tablet Air,Electronics,Port Louis,North,2,18000,0.0,11762.98,36000.0,23525.96,12474.04
ORD04013,2024-03-10,C0045,Smartphone X,Electronics,Mahebourg,South,2,28000,0.15,18676.46,47600.0,37352.92,10247.08
ORD04014,2024-10-13,C0134,Mechanical Keyboard,Accessories,Curepipe,South,2,4200,0.0,2831.99,8400.0,5663.98,2736.02
ORD04015,2025-06-24,C0116,Office Chair,Furniture,Centre de Flacq,East,1,8500,0.1,6055.54,7650.0,6055.54,1594.46
ORD04016,2025-07-30,C0327,Wireless Headphones,Accessories,Mahebourg,South,2,6500,0.1,3998.75,11700.0,7997.5,3702.5
ORD04017,2025-02-22,C0187,Standing Desk,Furniture,Port Louis,North,1,15000,0.0,11191.01,15000.0,11191.01,3808.99
ORD04018,2024-12-22,C0203,Smartphone X,Electronics,Black River,West,1,28000,0.0,18129.75,28000.0,18129.75,9870.25
ORD04019,2025-09-19,C0367,Smartphone X,Electronics,Pamplemousses,North,1,28000,0.1,18609.38,25200.0,18609.38,6590.62
ORD04020,2025-02-10,C0323,Printer,Office,Pamplemousses,North,2,9500,0.0,6544.74,19000.0,13089.48,5910.52
ORD04021,2024-01-13,C0408,Gaming Mouse,Accessories,Centre de Flacq,East,2,2200,0.0,1408.2,4400.0,2816.4,1583.6
ORD04022,2025-09-09,C0127,Printer,Office,Flacq,East,4,9500,0.05,6195.91,36100.0,24783.64,11316.36
ORD04023,2024-07-09,C0302,Office Lamp,Office,Quatre Bornes,West,1,1800,0.1,1306.73,1620.0,1306.73,313.27
ORD04024,2025-09-29,C0101,Monitor 27,Electronics,Centre de Flacq,East,2,12000,0.0,7254.88,24000.0,14509.76,9490.24
ORD04025,2024-06-24,C0300,Tablet Air,Electronics,Port Louis,North,1,18000,0.0,12613.1,18000.0,12613.1,5386.9
ORD04026,2024-08-03,C0163,Gaming Mouse,Accessories,Curepipe,South,1,2200,0.0,1697.0,2200.0,1697.0,503.0
ORD04027,2024-05-25,C0435,USB-C Hub,Accessories,Mahebourg,South,2,1800,0.1,1009.07,3240.0,2018.14,1221.86
ORD04028,2025-01-04,C0473,Office Lamp,Office,Flacq,East,1,1800,0.05,1093.29,1710.0,1093.29,616.71
ORD04029,2025-07-09,C0378,Mechanical Keyboard,Accessories,Pamplemousses,North,1,4200,0.0,3198.66,4200.0,3198.66,1001.34
ORD04030,2025-02-13,C0332,Tablet Air,Electronics,Curepipe,South,1,18000,0.0,12356.38,18000.0,12356.38,5643.62
ORD04031,2025-02-02,C0401,Mechanical Keyboard,Accessories,Port Louis,North,2,4200,0.0,3005.57,8400.0,6011.14,2388.86
ORD04032,2024-05-25,C0423,Gaming Mouse,Accessories,Pamplemousses,North,1,2200,0.05,1626.13,2090.0,1626.13,463.87
ORD04033,2024-12-02,C0030,USB-C Hub,Accessories,Pamplemousses,North,1,1800,0.05,1144.41,1710.0,1144.41,565.59
ORD04034,2024-07-03,C0362,Monitor 27,Electronics,Centre de Flacq,East,2,12000,0.0,7430.82,24000.0,14861.64,9138.36
ORD04035,2024-03-17,C0280,Laptop Pro 14,Electronics,Port Louis,North,1,45000,0.0,31606.23,45000.0,31606.23,13393.77
ORD04036,2025-12-11,C0053,Office Chair,Furniture,Curepipe,South,1,8500,0.05,5315.65,8075.0,5315.65,2759.35
ORD04037,2025-12-30,C0340,Office Lamp,Office,Flacq,East,1,1800,0.0,1312.12,1800.0,1312.12,487.88
ORD04038,2025-12-01,C0256,Office Lamp,Office,Centre de Flacq,East,2,1800,0.1,1129.24,3240.0,2258.48,981.52
ORD04039,2024-06-18,C0220,Tablet Air,Electronics,Flacq,East,1,18000,0.0,13724.68,18000.0,13724.68,4275.32
ORD04040,2024-08-31,C0155,Monitor 27,Electronics,Curepipe,South,1,12000,0.05,8094.79,11400.0,8094.79,3305.21
ORD04041,2025-05-13,C0401,Laptop Pro 14,Electronics,Black River,West,1,45000,0.0,31748.15,45000.0,31748.15,13251.85
ORD04042,2025-07-21,C0218,Office Lamp,Office,Port Louis,North,1,1800,0.05,1175.36,1710.0,1175.36,534.64
ORD04043,2024-08-30,C0327,Printer,Office,Mahebourg,South,1,9500,0.1,5397.21,8550.0,5397.21,3152.79
ORD04044,2024-02-13,C0157,Standing Desk,Furniture,Black River,West,1,15000,0.15,9279.01,12750.0,9279.01,3470.99
ORD04045,2024-07-03,C0188,USB-C Hub,Accessories,Pamplemousses,North,2,1800,0.1,1047.46,3240.0,2094.92,1145.08
ORD04046,2025-02-15,C0026,Tablet Air,Electronics,Mahebourg,South,2,18000,0.15,10176.41,30600.0,20352.82,10247.18
ORD04047,2025-01-21,C0188,Tablet Air,Electronics,Quatre Bornes,West,1,18000,0.15,13514.74,15300.0,13514.74,1785.26
ORD04048,2025-01-24,C0418,Mechanical Keyboard,Accessories,Flacq,East,4,4200,0.1,2345.48,15120.0,9381.92,5738.08
ORD04049,2024-06-07,C0463,Smartphone X,Electronics,Black River,West,3,28000,0.15,21108.63,71400.0,63325.89,8074.11
ORD04050,2024-11-23,C0164,Gaming Mouse,Accessories,Pamplemousses,North,2,2200,0.0,1368.41,4400.0,2736.82,1663.18
ORD04051,2025-06-10,C0018,Office Chair,Furniture,Curepipe,South,1,8500,0.0,5521.46,8500.0,5521.46,2978.54
ORD04052,2024-08-12,C0142,USB-C Hub,Accessories,Black River,West,1,1800,0.0,1397.19,1800.0,1397.19,402.81
ORD04053,2025-12-18,C0478,Tablet Air,Electronics,Port Louis,North,1,18000,0.0,13308.11,18000.0,13308.11,4691.89
ORD04054,2025-06-10,C0453,Standing Desk,Furniture,Mahebourg,South,1,15000,0.0,8905.58,15000.0,8905.58,6094.42
ORD04055,2025-02-23,C0022,Tablet Air,Electronics,Quatre Bornes,West,1,18000,0.0,10993.96,18000.0,10993.96,7006.04
ORD04056,2025-02-25,C0105,Tablet Air,Electronics,Port Louis,North,1,18000,0.1,13044.28,16200.0,13044.28,3155.72
ORD04057,2025-01-21,C0012,Gaming Mouse,Accessories,Black River,West,1,2200,0.0,1632.66,2200.0,1632.66,567.34
ORD04058,2024-10-20,C0403,Gaming Mouse,Accessories,Port Louis,North,1,2200,0.1,1362.43,1980.0,1362.43,617.57
ORD04059,2025-02-06,C0209,Office Chair,Furniture,Centre de Flacq,East,4,8500,0.1,5464.17,30600.0,21856.68,8743.32
ORD04060,2024-12-07,C0255,Tablet Air,Electronics,Flacq,East,1,18000,0.0,11661.07,18000.0,11661.07,6338.93
ORD04061,2024-08-16,C0411,Office Lamp,Office,Port Louis,North,1,1800,0.1,1150.91,1620.0,1150.91,469.09
ORD04062,2025-08-09,C0013,Wireless Headphones,Accessories,Port Louis,North,1,6500,0.0,4656.76,6500.0,4656.76,1843.24
ORD04063,2025-02-07,C0418,Office Lamp,Office,Black River,West,2,1800,0.0,1382.8,3600.0,2765.6,834.4
ORD04064,2024-12-21,C0069,Gaming Mouse,Accessories,Quatre Bornes,West,1,2200,0.05,1714.98,2090.0,1714.98,375.02
ORD04065,2025-02-14,C0018,Office Chair,Furniture,Black River,West,1,8500,0.0,5836.66,8500.0,5836.66,2663.34
ORD04066,2025-12-30,C0293,Standing Desk,Furniture,Black River,West,1,15000,0.0,11660.71,15000.0,11660.71,3339.29
ORD04067,2025-06-17,C0292,Tablet Air,Electronics,Black River,West,1,18000,0.1,10275.1,16200.0,10275.1,5924.9
ORD04068,2024-09-08,C0500,Standing Desk,Furniture,Mahebourg,South,1,15000,0.0,9944.86,15000.0,9944.86,5055.14
ORD04069,2025-11-03,C0130,USB-C Hub,Accessories,Mahebourg,South,1,1800,0.05,990.05,1710.0,990.05,719.95
ORD04070,2024-01-23,C0217,USB-C Hub,Accessories,Curepipe,South,1,1800,0.05,1270.9,1710.0,1270.9,439.1
ORD04071,2024-08-01,C0091,Standing Desk,Furniture,Mahebourg,South,1,15000,0.0,10415.96,15000.0,10415.96,4584.04
ORD04072,2025-09-22,C0263,Standing Desk,Furniture,Pamplemousses,North,1,15000,0.0,9145.16,15000.0,9145.16,5854.84
ORD04073,2024-06-03,C0339,Printer,Office,Quatre Bornes,West,1,9500,0.0,6879.25,9500.0,6879.25,2620.75
ORD04074,2025-02-12,C0414,Office Lamp,Office,Quatre Bornes,West,1,1800,0.0,1033.07,1800.0,1033.07,766.93
ORD04075,2024-05-19,C0096,Laptop Pro 14,Electronics,Pamplemousses,North,2,45000,0.0,31296.89,90000.0,62593.78,27406.22
ORD04076,2024-01-28,C0208,Standing Desk,Furniture,Mahebourg,South,1,15000,0.0,9739.52,15000.0,9739.52,5260.48
ORD04077,2025-09-05,C0007,Gaming Mouse,Accessories,Pamplemousses,North,1,2200,0.0,1705.36,2200.0,1705.36,494.64
ORD04078,2024-11-13,C0064,USB-C Hub,Accessories,Curepipe,South,1,1800,0.1,1345.03,1620.0,1345.03,274.97
ORD04079,2024-05-15,C0302,Wireless Headphones,Accessories,Black River,West,2,6500,0.05,5036.24,12350.0,10072.48,2277.52
ORD04080,2024-11-16,C0083,USB-C Hub,Accessories,Curepipe,South,1,1800,0.05,1002.59,1710.0,1002.59,707.41
ORD04081,2025-09-15,C0214,Printer,Office,Quatre Bornes,West,1,9500,0.0,7174.07,9500.0,7174.07,2325.93
ORD04082,2024-10-30,C0251,Standing Desk,Furniture,Pamplemousses,North,2,15000,0.1,8665.8,27000.0,17331.6,9668.4
ORD04083,2024-10-06,C0429,Smartphone X,Electronics,Black River,West,3,28000,0.0,19759.61,84000.0,59278.83,24721.17
ORD04084,2025-06-22,C0218,Standing Desk,Furniture,Quatre Bornes,West,1,15000,0.0,11192.07,15000.0,11192.07,3807.93
ORD04085,2025-07-21,C0432,Standing Desk,Furniture,Curepipe,South,1,15000,0.0,9218.02,15000.0,9218.02,5781.98
ORD04086,2025-06-04,C0242,Gaming Mouse,Accessories,Centre de Flacq,East,3,2200,0.0,1584.7,6600.0,4754.1,1845.9
ORD04087,2024-11-11,C0374,Office Lamp,Office,Flacq,East,1,1800,0.05,1326.76,1710.0,1326.76,383.24
ORD04088,2024-01-12,C0308,Office Lamp,Office,Pamplemousses,North,1,1800,0.0,1087.8,1800.0,1087.8,712.2
ORD04089,2024-10-19,C0236,Wireless Headphones,Accessories,Flacq,East,1,6500,0.0,4795.21,6500.0,4795.21,1704.79
ORD04090,2025-01-23,C0217,Printer,Office,Port Louis,North,1,9500,0.05,6784.81,9025.0,6784.81,2240.19
ORD04091,2024-08-25,C0093,Printer,Office,Curepipe,South,2,9500,0.1,5839.72,17100.0,11679.44,5420.56
ORD04092,2024-07-25,C0284,Gaming Mouse,Accessories,Port Louis,North,1,2200,0.0,1702.68,2200.0,1702.68,497.32
ORD04093,2024-12-16,C0103,Wireless Headphones,Accessories,Flacq,East,1,6500,0.1,4731.38,5850.0,4731.38,1118.62
ORD04094,2025-09-07,C0424,USB-C Hub,Accessories,Quatre Bornes,West,1,1800,0.0,1372.62,1800.0,1372.62,427.38
ORD04095,2024-03-22,C0132,Office Chair,Furniture,Port Louis,North,1,8500,0.05,4707.08,8075.0,4707.08,3367.92
ORD04096,2025-01-08,C0282,Standing Desk,Furniture,Quatre Bornes,West,2,15000,0.15,10613.39,25500.0,21226.78,4273.22
ORD04097,2024-05-06,C0167,Office Chair,Furniture,Mahebourg,South,1,8500,0.05,6120.94,8075.0,6120.94,1954.06
ORD04098,2025-12-01,C0011,Printer,Office,Flacq,East,1,9500,0.0,7057.82,9500.0,7057.82,2442.18
ORD04099,2025-03-23,C0061,USB-C Hub,Accessories,Flacq,East,2,1800,0.05,1051.59,3420.0,2103.18,1316.82
ORD04100,2025-07-14,C0364,Mechanical Keyboard,Accessories,Black River,West,1,4200,0.0,3035.33,4200.0,3035.33,1164.67
ORD04101,2024-07-22,C0436,Laptop Pro 14,Electronics,Port Louis,North,2,45000,0.0,31947.17,90000.0,63894.34,26105.66
ORD04102,2025-05-09,C0120,Office Chair,Furniture,Curepipe,South,1,8500,0.0,6120.09,8500.0,6120.09,2379.91
ORD04103,2024-05-17,C0078,Office Lamp,Office,Mahebourg,South,2,1800,0.0,1228.44,3600.0,2456.88,1143.12
ORD04104,2025-06-29,C0135,Standing Desk,Furniture,Flacq,East,1,15000,0.0,10225.22,15000.0,10225.22,4774.78
ORD04105,2024-08-25,C0303,USB-C Hub,Accessories,Flacq,East,1,1800,0.1,1212.16,1620.0,1212.16,407.84
ORD04106,2025-09-05,C0032,Smartphone X,Electronics,Centre de Flacq,East,1,28000,0.05,21412.18,26600.0,21412.18,5187.82
ORD04107,2025-06-03,C0435,Office Chair,Furniture,Quatre Bornes,West,1,8500,0.1,6034.41,7650.0,6034.41,1615.59
ORD04108,2024-05-15,C0125,Office Lamp,Office,Port Louis,North,1,1800,0.0,1351.18,1800.0,1351.18,448.82
ORD04109,2024-11-27,C0290,Standing Desk,Furniture,Curepipe,South,1,15000,0.0,10900.69,15000.0,10900.69,4099.31
ORD04110,2024-07-20,C0370,Wireless Headphones,Accessories,Mahebourg,South,1,6500,0.0,3981.55,6500.0,3981.55,2518.45
ORD04111,2024-04-26,C0243,Printer,Office,Pamplemousses,North,1,9500,0.0,5972.76,9500.0,5972.76,3527.24
ORD04112,2024-04-07,C0256,Tablet Air,Electronics,Mahebourg,South,2,18000,0.15,13019.73,30600.0,26039.46,4560.54
ORD04113,2025-11-06,C0450,Monitor 27,Electronics,Mahebourg,South,2,12000,0.05,6773.44,22800.0,13546.88,9253.12
ORD04114,2025-08-19,C0489,USB-C Hub,Accessories,Flacq,East,2,1800,0.05,1112.67,3420.0,2225.34,1194.66
ORD04115,2025-08-06,C0448,Mechanical Keyboard,Accessories,Mahebourg,South,1,4200,0.0,2607.78,4200.0,2607.78,1592.22
ORD04116,2024-07-25,C0331,Mechanical Keyboard,Accessories,Curepipe,South,1,4200,0.05,2600.7,3990.0,2600.7,1389.3
ORD04117,2024-03-08,C0076,Monitor 27,Electronics,Centre de Flacq,East,1,12000,0.05,7133.69,11400.0,7133.69,4266.31
ORD04118,2024-05-30,C0286,Gaming Mouse,Accessories,Black River,West,2,2200,0.15,1507.81,3740.0,3015.62,724.38
ORD04119,2024-08-27,C0277,Office Lamp,Office,Centre de Flacq,East,1,1800,0.0,1122.14,1800.0,1122.14,677.86
ORD04120,2025-04-28,C0185,Office Chair,Furniture,Quatre Bornes,West,1,8500,0.05,5103.93,8075.0,5103.93,2971.07
ORD04121,2024-05-04,C0378,Gaming Mouse,Accessories,Curepipe,South,1,2200,0.0,1266.16,2200.0,1266.16,933.84
ORD04122,2024-04-26,C0476,Office Lamp,Office,Pamplemousses,North,2,1800,0.0,1375.9,3600.0,2751.8,848.2
ORD04123,2025-10-16,C0459,Laptop Pro 14,Electronics,Port Louis,North,1,45000,0.0,34146.37,45000.0,34146.37,10853.63
ORD04124,2024-05-07,C0227,Wireless Headphones,Accessories,Flacq,East,1,6500,0.05,4991.31,6175.0,4991.31,1183.69
ORD04125,2024-05-08,C0260,Standing Desk,Furniture,Port Louis,North,1,15000,0.0,9736.33,15000.0,9736.33,5263.67
ORD04126,2024-12-12,C0207,Standing Desk,Furniture,Quatre Bornes,West,1,15000,0.1,11181.8,13500.0,11181.8,2318.2
ORD04127,2024-11-08,C0107,Office Chair,Furniture,Port Louis,North,1,8500,0.0,6073.96,8500.0,6073.96,2426.04
ORD04128,2024-12-29,C0005,Printer,Office,Curepipe,South,2,9500,0.15,5386.66,16150.0,10773.32,5376.68
ORD04129,2025-08-10,C0347,Tablet Air,Electronics,Mahebourg,South,2,18000,0.0,12948.91,36000.0,25897.82,10102.18
ORD04130,2024-03-22,C0207,USB-C Hub,Accessories,Port Louis,North,1,1800,0.0,1280.72,1800.0,1280.72,519.28
ORD04131,2024-03-05,C0155,Standing Desk,Furniture,Curepipe,South,1,15000,0.05,10466.81,14250.0,10466.81,3783.19
ORD04132,2024-07-24,C0415,Standing Desk,Furniture,Curepipe,South,1,15000,0.0,8616.56,15000.0,8616.56,6383.44
ORD04133,2025-06-11,C0383,USB-C Hub,Accessories,Flacq,East,2,1800,0.0,1388.89,3600.0,2777.78,822.22
ORD04134,2025-05-26,C0258,Smartphone X,Electronics,Quatre Bornes,West,1,28000,0.05,17989.33,26600.0,17989.33,8610.67
ORD04135,2025-01-21,C0246,Gaming Mouse,Accessories,Curepipe,South,1,2200,0.0,1425.79,2200.0,1425.79,774.21
ORD04136,2024-05-20,C0371,Gaming Mouse,Accessories,Mahebourg,South,1,2200,0.15,1284.81,1870.0,1284.81,585.19
ORD04137,2024-01-22,C0160,Printer,Office,Pamplemousses,North,1,9500,0.1,6364.6,8550.0,6364.6,2185.4
ORD04138,2024-12-26,C0395,Wireless Headphones,Accessories,Quatre Bornes,West,1,6500,0.0,3864.38,6500.0,3864.38,2635.62
ORD04139,2024-01-27,C0199,Mechanical Keyboard,Accessories,Port Louis,North,1,4200,0.0,2885.69,4200.0,2885.69,1314.31
ORD04140,2024-04-11,C0005,Office Chair,Furniture,Centre de Flacq,East,1,8500,0.15,5300.69,7225.0,5300.69,1924.31
ORD04141,2024-08-17,C0196,Wireless Headphones,Accessories,Centre de Flacq,East,1,6500,0.15,4097.63,5525.0,4097.63,1427.37
ORD04142,2025-05-19,C0114,Wireless Headphones,Accessories,Pamplemousses,North,4,6500,0.0,4181.24,26000.0,16724.96,9275.04
ORD04143,2024-12-15,C0495,Wireless Headphones,Accessories,Mahebourg,South,2,6500,0.0,4071.78,13000.0,8143.56,4856.44
ORD04144,2025-09-07,C0104,Wireless Headphones,Accessories,Mahebourg,South,4,6500,0.05,3728.15,24700.0,14912.6,9787.4
ORD04145,2024-12-10,C0457,Mechanical Keyboard,Accessories,Flacq,East,3,4200,0.0,2751.68,12600.0,8255.04,4344.96
ORD04146,2025-06-09,C0160,Laptop Pro 14,Electronics,Mahebourg,South,1,45000,0.05,33729.45,42750.0,33729.45,9020.55
ORD04147,2024-02-24,C0264,Mechanical Keyboard,Accessories,Mahebourg,South,2,4200,0.0,2955.71,8400.0,5911.42,2488.58
ORD04148,2024-08-20,C0164,Wireless Headphones,Accessories,Curepipe,South,1,6500,0.05,5018.17,6175.0,5018.17,1156.83
ORD04149,2024-09-12,C0258,Wireless Headphones,Accessories,Flacq,East,2,6500,0.0,4675.04,13000.0,9350.08,3649.92
ORD04150,2025-07-11,C0326,Mechanical Keyboard,Accessories,Quatre Bornes,West,1,4200,0.0,2575.7,4200.0,2575.7,1624.3
ORD04151,2025-09-19,C0495,Mechanical Keyboard,Accessories,Port Louis,North,1,4200,0.05,2836.47,3990.0,2836.47,1153.53
ORD04152,2024-02-04,C0095,Smartphone X,Electronics,Curepipe,South,1,28000,0.15,18629.61,23800.0,18629.61,5170.39
ORD04153,2025-07-29,C0274,USB-C Hub,Accessories,Black River,West,1,1800,0.05,1315.06,1710.0,1315.06,394.94
ORD04154,2024-09-02,C0370,Smartphone X,Electronics,Quatre Bornes,West,1,28000,0.0,21374.72,28000.0,21374.72,6625.28
ORD04155,2025-08-03,C0348,USB-C Hub,Accessories,Centre de Flacq,East,1,1800,0.0,1014.88,1800.0,1014.88,785.12
ORD04156,2024-09-28,C0137,Standing Desk,Furniture,Flacq,East,2,15000,0.1,10335.12,27000.0,20670.24,6329.76
ORD04157,2024-12-26,C0357,USB-C Hub,Accessories,Mahebourg,South,1,1800,0.1,1140.33,1620.0,1140.33,479.67
ORD04158,2024-04-23,C0030,Office Chair,Furniture,Mahebourg,South,2,8500,0.05,5162.61,16150.0,10325.22,5824.78
ORD04159,2025-11-09,C0124,Gaming Mouse,Accessories,Curepipe,South,1,2200,0.05,1441.81,2090.0,1441.81,648.19
ORD04160,2025-03-28,C0116,Smartphone X,Electronics,Quatre Bornes,West,1,28000,0.05,20682.22,26600.0,20682.22,5917.78
ORD04161,2024-02-16,C0288,Office Chair,Furniture,Port Louis,North,1,8500,0.05,6099.9,8075.0,6099.9,1975.1
ORD04162,2024-01-02,C0054,USB-C Hub,Accessories,Pamplemousses,North,1,1800,0.1,1138.93,1620.0,1138.93,481.07
ORD04163,2024-08-15,C0037,Standing Desk,Furniture,Pamplemousses,North,1,15000,0.05,10575.0,14250.0,10575.0,3675.0
ORD04164,2025-12-24,C0348,Wireless Headphones,Accessories,Pamplemousses,North,1,6500,0.0,3868.02,6500.0,3868.02,2631.98
ORD04165,2025-12-15,C0426,Monitor 27,Electronics,Black River,West,1,12000,0.15,7272.34,10200.0,7272.34,2927.66
ORD04166,2025-06-27,C0363,Wireless Headphones,Accessories,Black River,West,2,6500,0.0,4178.73,13000.0,8357.46,4642.54
ORD04167,2024-01-16,C0466,Monitor 27,Electronics,Black River,West,1,12000,0.0,7403.85,12000.0,7403.85,4596.15
ORD04168,2025-08-16,C0087,Office Chair,Furniture,Quatre Bornes,West,1,8500,0.05,6213.58,8075.0,6213.58,1861.42
ORD04169,2025-02-04,C0154,Gaming Mouse,Accessories,Flacq,East,2,2200,0.0,1538.44,4400.0,3076.88,1323.12
ORD04170,2025-02-19,C0082,Office Lamp,Office,Black River,West,1,1800,0.0,1383.02,1800.0,1383.02,416.98
ORD04171,2024-03-15,C0363,USB-C Hub,Accessories,Port Louis,North,1,1800,0.05,1354.23,1710.0,1354.23,355.77
ORD04172,2024-10-22,C0456,Wireless Headphones,Accessories,Mahebourg,South,2,6500,0.0,4440.99,13000.0,8881.98,4118.02
ORD04173,2024-02-02,C0096,Printer,Office,Mahebourg,South,4,9500,0.0,5318.19,38000.0,21272.76,16727.24
ORD04174,2024-03-06,C0362,Mechanical Keyboard,Accessories,Flacq,East,4,4200,0.0,2317.66,16800.0,9270.64,7529.36
ORD04175,2024-06-12,C0495,Office Lamp,Office,Quatre Bornes,West,1,1800,0.0,1265.61,1800.0,1265.61,534.39
ORD04176,2024-11-09,C0241,Standing Desk,Furniture,Flacq,East,3,15000,0.1,9628.3,40500.0,28884.9,11615.1
ORD04177,2025-07-11,C0150,Wireless Headphones,Accessories,Quatre Bornes,West,1,6500,0.0,4344.75,6500.0,4344.75,2155.25
ORD04178,2025-07-30,C0183,Smartphone X,Electronics,Centre de Flacq,East,2,28000,0.05,20206.85,53200.0,40413.7,12786.3
ORD04179,2024-11-09,C0090,Office Lamp,Office,Pamplemousses,North,1,1800,0.1,1229.25,1620.0,1229.25,390.75
ORD04180,2024-12-08,C0447,Tablet Air,Electronics,Black River,West,1,18000,0.1,13242.99,16200.0,13242.99,2957.01
ORD04181,2024-01-08,C0403,USB-C Hub,Accessories,Port Louis,North,1,1800,0.0,1262.54,1800.0,1262.54,537.46
ORD04182,2025-11-11,C0465,Mechanical Keyboard,Accessories,Centre de Flacq,East,1,4200,0.05,2488.04,3990.0,2488.04,1501.96
ORD04183,2024-06-12,C0465,Standing Desk,Furniture,Flacq,East,3,15000,0.0,9215.29,45000.0,27645.87,17354.13
ORD04184,2024-10-28,C0454,Wireless Headphones,Accessories,Centre de Flacq,East,3,6500,0.0,4551.12,19500.0,13653.36,5846.64
ORD04185,2024-07-30,C0010,Tablet Air,Electronics,Pamplemousses,North,2,18000,0.05,12243.35,34200.0,24486.7,9713.3
ORD04186,2025-12-25,C0222,USB-C Hub,Accessories,Flacq,East,1,1800,0.15,1220.05,1530.0,1220.05,309.95
ORD04187,2025-05-03,C0348,Standing Desk,Furniture,Centre de Flacq,East,1,15000,0.05,10875.46,14250.0,10875.46,3374.54
ORD04188,2024-06-01,C0053,Monitor 27,Electronics,Centre de Flacq,East,1,12000,0.05,7357.22,11400.0,7357.22,4042.78
ORD04189,2025-09-20,C0087,USB-C Hub,Accessories,Curepipe,South,2,1800,0.0,1266.34,3600.0,2532.68,1067.32
ORD04190,2025-03-24,C0223,USB-C Hub,Accessories,Quatre Bornes,West,1,1800,0.0,1260.81,1800.0,1260.81,539.19
ORD04191,2025-04-09,C0245,Gaming Mouse,Accessories,Quatre Bornes,West,2,2200,0.0,1511.82,4400.0,3023.64,1376.36
ORD04192,2025-05-19,C0332,Monitor 27,Electronics,Mahebourg,South,1,12000,0.0,9071.38,12000.0,9071.38,2928.62
ORD04193,2024-02-09,C0002,Mechanical Keyboard,Accessories,Centre de Flacq,East,1,4200,0.0,2783.79,4200.0,2783.79,1416.21
ORD04194,2025-04-13,C0043,Office Chair,Furniture,Curepipe,South,2,8500,0.0,5881.82,17000.0,11763.64,5236.36
ORD04195,2024-05-17,C0192,Gaming Mouse,Accessories,Centre de Flacq,East,1,2200,0.0,1524.09,2200.0,1524.09,675.91
ORD04196,2024-04-16,C0222,Wireless Headphones,Accessories,Pamplemousses,North,1,6500,0.1,3614.83,5850.0,3614.83,2235.17
ORD04197,2024-04-15,C0487,Office Lamp,Office,Port Louis,North,2,1800,0.0,1201.63,3600.0,2403.26,1196.74
ORD04198,2025-08-01,C0219,Wireless Headphones,Accessories,Pamplemousses,North,1,6500,0.1,3621.35,5850.0,3621.35,2228.65
ORD04199,2024-07-15,C0349,Monitor 27,Electronics,Mahebourg,South,1,12000,0.05,8750.29,11400.0,8750.29,2649.71
ORD04200,2025-12-07,C0439,Standing Desk,Furniture,Pamplemousses,North,2,15000,0.0,8853.63,30000.0,17707.26,12292.74
ORD04201,2024-06-19,C0239,Printer,Office,Pamplemousses,North,1,9500,0.1,7203.33,8550.0,7203.33,1346.67
ORD04202,2025-12-11,C0190,USB-C Hub,Accessories,Port Louis,North,1,1800,0.0,1265.3,1800.0,1265.3,534.7
ORD04203,2025-02-18,C0272,Tablet Air,Electronics,Flacq,East,1,18000,0.0,11943.72,18000.0,11943.72,6056.28
ORD04204,2025-11-01,C0199,USB-C Hub,Accessories,Curepipe,South,2,1800,0.1,1278.81,3240.0,2557.62,682.38
ORD04205,2024-06-26,C0186,USB-C Hub,Accessories,Black River,West,1,1800,0.05,1299.06,1710.0,1299.06,410.94
ORD04206,2025-04-14,C0324,Mechanical Keyboard,Accessories,Black River,West,1,4200,0.0,2524.23,4200.0,2524.23,1675.77
ORD04207,2025-07-20,C0148,Wireless Headphones,Accessories,Port Louis,North,1,6500,0.05,4569.75,6175.0,4569.75,1605.25
ORD04208,2024-05-24,C0238,Wireless Headphones,Accessories,Centre de Flacq,East,1,6500,0.0,4934.89,6500.0,4934.89,1565.11
ORD04209,2024-11-05,C0416,Printer,Office,Centre de Flacq,East,1,9500,0.0,6925.46,9500.0,6925.46,2574.54
ORD04210,2024-03-06,C0001,Laptop Pro 14,Electronics,Port Louis,North,1,45000,0.0,29210.14,45000.0,29210.14,15789.86
ORD04211,2024-05-30,C0491,Wireless Headphones,Accessories,Centre de Flacq,East,2,6500,0.0,3831.3,13000.0,7662.6,5337.4
ORD04212,2024-08-28,C0169,Monitor 27,Electronics,Flacq,East,1,12000,0.05,7499.2,11400.0,7499.2,3900.8
ORD04213,2024-05-21,C0211,Standing Desk,Furniture,Mahebourg,South,1,15000,0.1,10670.03,13500.0,10670.03,2829.97
ORD04214,2024-08-31,C0496,Printer,Office,Port Louis,North,1,9500,0.0,6978.18,9500.0,6978.18,2521.82
ORD04215,2024-10-28,C0022,Office Lamp,Office,Port Louis,North,1,1800,0.0,1281.9,1800.0,1281.9,518.1
ORD04216,2024-03-08,C0388,Wireless Headphones,Accessories,Quatre Bornes,West,2,6500,0.0,3948.33,13000.0,7896.66,5103.34
ORD04217,2024-07-30,C0431,Smartphone X,Electronics,Quatre Bornes,West,1,28000,0.05,15896.41,26600.0,15896.41,10703.59
ORD04218,2024-06-16,C0068,Monitor 27,Electronics,Port Louis,North,2,12000,0.05,7179.26,22800.0,14358.52,8441.48
ORD04219,2025-07-07,C0323,Wireless Headphones,Accessories,Mahebourg,South,1,6500,0.0,5025.75,6500.0,5025.75,1474.25
ORD04220,2025-10-17,C0276,Standing Desk,Furniture,Pamplemousses,North,1,15000,0.0,11470.37,15000.0,11470.37,3529.63
ORD04221,2024-03-20,C0030,Laptop Pro 14,Electronics,Port Louis,North,2,45000,0.0,30872.7,90000.0,61745.4,28254.6
ORD04222,2024-03-03,C0056,Gaming Mouse,Accessories,Centre de Flacq,East,1,2200,0.05,1514.75,2090.0,1514.75,575.25
ORD04223,2025-02-28,C0053,Smartphone X,Electronics,Pamplemousses,North,1,28000,0.1,19564.05,25200.0,19564.05,5635.95
ORD04224,2025-08-04,C0451,USB-C Hub,Accessories,Pamplemousses,North,1,1800,0.1,1238.87,1620.0,1238.87,381.13
ORD04225,2024-11-26,C0311,Gaming Mouse,Accessories,Curepipe,South,2,2200,0.0,1261.09,4400.0,2522.18,1877.82
ORD04226,2024-09-04,C0157,Printer,Office,Port Louis,North,1,9500,0.0,5514.07,9500.0,5514.07,3985.93
ORD04227,2024-09-15,C0438,USB-C Hub,Accessories,Centre de Flacq,East,2,1800,0.0,1117.62,3600.0,2235.24,1364.76
ORD04228,2025-05-23,C0158,Standing Desk,Furniture,Flacq,East,1,15000,0.05,11565.48,14250.0,11565.48,2684.52
ORD04229,2024-12-25,C0500,Monitor 27,Electronics,Quatre Bornes,West,2,12000,0.0,7521.8,24000.0,15043.6,8956.4
ORD04230,2024-12-15,C0083,Standing Desk,Furniture,Mahebourg,South,3,15000,0.05,11081.39,42750.0,33244.17,9505.83
ORD04231,2025-06-24,C0410,Standing Desk,Furniture,Port Louis,North,1,15000,0.1,8998.27,13500.0,8998.27,4501.73
ORD04232,2025-02-13,C0478,Printer,Office,Port Louis,North,1,9500,0.0,6396.62,9500.0,6396.62,3103.38
ORD04233,2024-11-07,C0292,Office Lamp,Office,Flacq,East,1,1800,0.0,1310.42,1800.0,1310.42,489.58
ORD04234,2024-06-09,C0245,Office Lamp,Office,Flacq,East,1,1800,0.0,1299.89,1800.0,1299.89,500.11
ORD04235,2024-01-24,C0341,Gaming Mouse,Accessories,Port Louis,North,1,2200,0.0,1444.48,2200.0,1444.48,755.52
ORD04236,2025-08-17,C0031,Office Chair,Furniture,Mahebourg,South,1,8500,0.05,5633.92,8075.0,5633.92,2441.08
ORD04237,2024-11-17,C0371,Mechanical Keyboard,Accessories,Centre de Flacq,East,1,4200,0.0,2957.19,4200.0,2957.19,1242.81
ORD04238,2024-10-27,C0088,Printer,Office,Mahebourg,South,1,9500,0.0,6533.49,9500.0,6533.49,2966.51
ORD04239,2025-03-02,C0087,Office Lamp,Office,Black River,West,1,1800,0.0,1089.67,1800.0,1089.67,710.33
ORD04240,2025-11-22,C0071,Mechanical Keyboard,Accessories,Port Louis,North,2,4200,0.05,2579.68,7980.0,5159.36,2820.64
ORD04241,2024-06-06,C0400,Tablet Air,Electronics,Port Louis,North,1,18000,0.05,13622.13,17100.0,13622.13,3477.87
ORD04242,2025-05-23,C0488,Office Chair,Furniture,Port Louis,North,4,8500,0.05,6411.83,32300.0,25647.32,6652.68
ORD04243,2024-03-12,C0275,Printer,Office,Flacq,East,1,9500,0.1,7359.38,8550.0,7359.38,1190.62
ORD04244,2025-12-05,C0497,Gaming Mouse,Accessories,Flacq,East,1,2200,0.1,1670.04,1980.0,1670.04,309.96
ORD04245,2025-08-26,C0154,Mechanical Keyboard,Accessories,Quatre Bornes,West,1,4200,0.0,3051.2,4200.0,3051.2,1148.8
ORD04246,2024-01-06,C0269,Printer,Office,Curepipe,South,1,9500,0.1,6670.36,8550.0,6670.36,1879.64
ORD04247,2024-03-05,C0121,Laptop Pro 14,Electronics,Centre de Flacq,East,1,45000,0.0,34337.41,45000.0,34337.41,10662.59
ORD04248,2025-02-24,C0078,Wireless Headphones,Accessories,Pamplemousses,North,1,6500,0.0,4254.8,6500.0,4254.8,2245.2
ORD04249,2024-11-15,C0023,Mechanical Keyboard,Accessories,Curepipe,South,3,4200,0.05,3163.68,11970.0,9491.04,2478.96
ORD04250,2024-05-21,C0283,Laptop Pro 14,Electronics,Pamplemousses,North,1,45000,0.1,28332.41,40500.0,28332.41,12167.59
ORD04251,2024-06-03,C0271,USB-C Hub,Accessories,Port Louis,North,2,1800,0.0,1312.33,3600.0,2624.66,975.34
ORD04252,2025-04-17,C0154,Office Lamp,Office,Port Louis,North,4,1800,0.05,1206.8,6840.0,4827.2,2012.8
ORD04253,2025-01-18,C0418,Office Lamp,Office,Mahebourg,South,1,1800,0.0,1045.72,1800.0,1045.72,754.28
ORD04254,2024-12-08,C0478,Office Lamp,Office,Curepipe,South,2,1800,0.15,1229.47,3060.0,2458.94,601.06
ORD04255,2024-06-24,C0329,Smartphone X,Electronics,Quatre Bornes,West,1,28000,0.0,21292.77,28000.0,21292.77,6707.23
ORD04256,2024-11-21,C0216,Office Chair,Furniture,Black River,West,1,8500,0.1,5068.57,7650.0,5068.57,2581.43
ORD04257,2025-06-10,C0471,Tablet Air,Electronics,Curepipe,South,1,18000,0.05,10729.01,17100.0,10729.01,6370.99
ORD04258,2024-06-18,C0250,Tablet Air,Electronics,Centre de Flacq,East,1,18000,0.1,10359.65,16200.0,10359.65,5840.35
ORD04259,2025-07-18,C0093,Mechanical Keyboard,Accessories,Flacq,East,1,4200,0.0,3074.29,4200.0,3074.29,1125.71
ORD04260,2025-11-15,C0061,Mechanical Keyboard,Accessories,Black River,West,4,4200,0.05,3268.82,15960.0,13075.28,2884.72
ORD04261,2024-12-11,C0402,Tablet Air,Electronics,Port Louis,North,2,18000,0.1,11148.0,32400.0,22296.0,10104.0
ORD04262,2025-03-11,C0002,Office Chair,Furniture,Black River,West,1,8500,0.0,4725.31,8500.0,4725.31,3774.69
ORD04263,2025-04-27,C0296,Office Chair,Furniture,Mahebourg,South,3,8500,0.0,5645.22,25500.0,16935.66,8564.34
ORD04264,2024-01-24,C0243,Office Lamp,Office,Pamplemousses,North,1,1800,0.15,1044.17,1530.0,1044.17,485.83
ORD04265,2024-12-07,C0045,Laptop Pro 14,Electronics,Quatre Bornes,West,1,45000,0.05,25083.17,42750.0,25083.17,17666.83
ORD04266,2025-07-29,C0406,Mechanical Keyboard,Accessories,Port Louis,North,1,4200,0.1,2484.32,3780.0,2484.32,1295.68
ORD04267,2025-11-28,C0393,Mechanical Keyboard,Accessories,Flacq,East,1,4200,0.0,3032.79,4200.0,3032.79,1167.21
ORD04268,2025-12-27,C0058,Monitor 27,Electronics,Mahebourg,South,1,12000,0.1,8460.31,10800.0,8460.31,2339.69
ORD04269,2024-05-24,C0142,Smartphone X,Electronics,Quatre Bornes,West,1,28000,0.0,17437.29,28000.0,17437.29,10562.71
ORD04270,2024-09-23,C0332,Tablet Air,Electronics,Quatre Bornes,West,1,18000,0.1,12025.49,16200.0,12025.49,4174.51
ORD04271,2024-05-23,C0339,USB-C Hub,Accessories,Pamplemousses,North,2,1800,0.0,1219.31,3600.0,2438.62,1161.38
ORD04272,2025-04-03,C0389,Office Chair,Furniture,Quatre Bornes,West,1,8500,0.0,5211.4,8500.0,5211.4,3288.6
ORD04273,2025-06-06,C0473,Office Lamp,Office,Port Louis,North,3,1800,0.0,1292.37,5400.0,3877.11,1522.89
ORD04274,2024-10-18,C0272,Smartphone X,Electronics,Black River,West,2,28000,0.05,15557.19,53200.0,31114.38,22085.62
ORD04275,2024-02-12,C0354,Laptop Pro 14,Electronics,Curepipe,South,1,45000,0.05,27087.3,42750.0,27087.3,15662.7
ORD04276,2024-03-24,C0227,Printer,Office,Mahebourg,South,2,9500,0.0,6752.01,19000.0,13504.02,5495.98
ORD04277,2024-09-16,C0223,Tablet Air,Electronics,Mahebourg,South,1,18000,0.15,10190.69,15300.0,10190.69,5109.31
ORD04278,2025-02-09,C0255,Wireless Headphones,Accessories,Black River,West,1,6500,0.0,4859.28,6500.0,4859.28,1640.72
ORD04279,2024-05-21,C0005,Wireless Headphones,Accessories,Flacq,East,1,6500,0.1,4497.73,5850.0,4497.73,1352.27
ORD04280,2025-03-24,C0009,USB-C Hub,Accessories,Port Louis,North,1,1800,0.0,1214.37,1800.0,1214.37,585.63
ORD04281,2025-03-25,C0121,Standing Desk,Furniture,Centre de Flacq,East,1,15000,0.05,10751.54,14250.0,10751.54,3498.46
ORD04282,2024-07-21,C0406,Office Chair,Furniture,Curepipe,South,1,8500,0.0,6546.94,8500.0,6546.94,1953.06
ORD04283,2025-09-28,C0172,Gaming Mouse,Accessories,Quatre Bornes,West,2,2200,0.0,1508.02,4400.0,3016.04,1383.96
ORD04284,2025-02-09,C0191,Office Chair,Furniture,Curepipe,South,2,8500,0.0,4911.13,17000.0,9822.26,7177.74
ORD04285,2025-07-28,C0161,Mechanical Keyboard,Accessories,Port Louis,North,3,4200,0.05,3132.65,11970.0,9397.95,2572.05
ORD04286,2025-11-13,C0324,Gaming Mouse,Accessories,Curepipe,South,3,2200,0.0,1518.74,6600.0,4556.22,2043.78
ORD04287,2024-05-24,C0460,Wireless Headphones,Accessories,Port Louis,North,1,6500,0.1,4525.26,5850.0,4525.26,1324.74
ORD04288,2024-01-11,C0262,Wireless Headphones,Accessories,Mahebourg,South,1,6500,0.1,4540.56,5850.0,4540.56,1309.44
ORD04289,2024-01-19,C0376,Laptop Pro 14,Electronics,Quatre Bornes,West,1,45000,0.0,28230.72,45000.0,28230.72,16769.28
ORD04290,2024-05-02,C0189,Laptop Pro 14,Electronics,Pamplemousses,North,2,45000,0.0,32831.77,90000.0,65663.54,24336.46
ORD04291,2025-11-29,C0355,Gaming Mouse,Accessories,Pamplemousses,North,2,2200,0.05,1268.53,4180.0,2537.06,1642.94
ORD04292,2024-05-25,C0203,USB-C Hub,Accessories,Mahebourg,South,1,1800,0.05,1027.53,1710.0,1027.53,682.47
ORD04293,2025-04-26,C0466,Laptop Pro 14,Electronics,Centre de Flacq,East,1,45000,0.0,25513.34,45000.0,25513.34,19486.66
ORD04294,2024-02-26,C0129,USB-C Hub,Accessories,Quatre Bornes,West,2,1800,0.0,1395.6,3600.0,2791.2,808.8
ORD04295,2024-02-18,C0133,Smartphone X,Electronics,Curepipe,South,1,28000,0.0,16667.01,28000.0,16667.01,11332.99
ORD04296,2024-02-25,C0406,Gaming Mouse,Accessories,Curepipe,South,2,2200,0.0,1609.14,4400.0,3218.28,1181.72
ORD04297,2025-07-30,C0140,Standing Desk,Furniture,Port Louis,North,1,15000,0.05,10908.71,14250.0,10908.71,3341.29
ORD04298,2024-11-28,C0196,Smartphone X,Electronics,Quatre Bornes,West,2,28000,0.05,17758.0,53200.0,35516.0,17684.0
ORD04299,2024-07-26,C0393,Standing Desk,Furniture,Port Louis,North,1,15000,0.05,9679.27,14250.0,9679.27,4570.73
ORD04300,2025-11-27,C0336,Standing Desk,Furniture,Black River,West,1,15000,0.0,9402.57,15000.0,9402.57,5597.43
ORD04301,2025-03-21,C0247,Gaming Mouse,Accessories,Black River,West,1,2200,0.05,1477.59,2090.0,1477.59,612.41
ORD04302,2025-09-20,C0174,Mechanical Keyboard,Accessories,Curepipe,South,1,4200,0.0,2433.61,4200.0,2433.61,1766.39
ORD04303,2025-09-30,C0267,Office Chair,Furniture,Curepipe,South,4,8500,0.1,6575.24,30600.0,26300.96,4299.04
ORD04304,2025-08-16,C0377,Office Chair,Furniture,Black River,West,1,8500,0.0,5670.48,8500.0,5670.48,2829.52
ORD04305,2025-06-25,C0311,Office Chair,Furniture,Mahebourg,South,1,8500,0.0,6479.65,8500.0,6479.65,2020.35
ORD04306,2024-11-16,C0286,Smartphone X,Electronics,Mahebourg,South,1,28000,0.0,18019.9,28000.0,18019.9,9980.1
ORD04307,2024-01-18,C0114,Monitor 27,Electronics,Pamplemousses,North,1,12000,0.15,8236.72,10200.0,8236.72,1963.28
ORD04308,2025-06-17,C0251,Smartphone X,Electronics,Curepipe,South,1,28000,0.0,19884.53,28000.0,19884.53,8115.47
ORD04309,2025-05-13,C0031,Mechanical Keyboard,Accessories,Pamplemousses,North,1,4200,0.05,2889.44,3990.0,2889.44,1100.56
ORD04310,2024-10-12,C0314,Monitor 27,Electronics,Black River,West,1,12000,0.0,9142.11,12000.0,9142.11,2857.89
ORD04311,2024-01-28,C0089,Gaming Mouse,Accessories,Centre de Flacq,East,3,2200,0.05,1212.52,6270.0,3637.56,2632.44
ORD04312,2024-11-29,C0318,USB-C Hub,Accessories,Curepipe,South,1,1800,0.05,1198.57,1710.0,1198.57,511.43
ORD04313,2024-07-27,C0277,Office Chair,Furniture,Port Louis,North,1,8500,0.1,5420.07,7650.0,5420.07,2229.93
ORD04314,2024-03-16,C0021,Laptop Pro 14,Electronics,Mahebourg,South,1,45000,0.1,30167.59,40500.0,30167.59,10332.41
ORD04315,2024-07-06,C0435,Standing Desk,Furniture,Port Louis,North,3,15000,0.1,9981.79,40500.0,29945.37,10554.63
ORD04316,2024-11-27,C0221,Mechanical Keyboard,Accessories,Black River,West,1,4200,0.1,2615.1,3780.0,2615.1,1164.9
ORD04317,2025-10-12,C0169,USB-C Hub,Accessories,Centre de Flacq,East,1,1800,0.05,1264.9,1710.0,1264.9,445.1
ORD04318,2025-10-07,C0158,Office Lamp,Office,Curepipe,South,1,1800,0.0,1338.42,1800.0,1338.42,461.58
ORD04319,2024-10-26,C0483,Standing Desk,Furniture,Mahebourg,South,1,15000,0.0,10814.58,15000.0,10814.58,4185.42
ORD04320,2024-08-17,C0176,Smartphone X,Electronics,Mahebourg,South,2,28000,0.05,19869.82,53200.0,39739.64,13460.36
ORD04321,2025-05-31,C0111,Laptop Pro 14,Electronics,Quatre Bornes,West,1,45000,0.0,32065.4,45000.0,32065.4,12934.6
ORD04322,2025-04-17,C0112,Office Chair,Furniture,Mahebourg,South,1,8500,0.05,4958.89,8075.0,4958.89,3116.11
ORD04323,2024-01-24,C0244,Office Lamp,Office,Mahebourg,South,1,1800,0.0,1231.19,1800.0,1231.19,568.81
ORD04324,2025-06-26,C0375,Smartphone X,Electronics,Port Louis,North,1,28000,0.0,21477.94,28000.0,21477.94,6522.06
ORD04325,2025-11-21,C0293,Office Chair,Furniture,Centre de Flacq,East,1,8500,0.0,5525.06,8500.0,5525.06,2974.94
ORD04326,2024-03-23,C0443,Printer,Office,Curepipe,South,1,9500,0.05,6347.53,9025.0,6347.53,2677.47
ORD04327,2024-05-02,C0153,Smartphone X,Electronics,Curepipe,South,1,28000,0.0,17786.67,28000.0,17786.67,10213.33
ORD04328,2025-02-05,C0179,Tablet Air,Electronics,Quatre Bornes,West,1,18000,0.05,11452.21,17100.0,11452.21,5647.79
ORD04329,2024-12-04,C0310,USB-C Hub,Accessories,Port Louis,North,1,1800,0.0,1076.24,1800.0,1076.24,723.76
ORD04330,2024-06-03,C0399,Standing Desk,Furniture,Centre de Flacq,East,2,15000,0.05,11411.76,28500.0,22823.52,5676.48
ORD04331,2025-05-07,C0377,Smartphone X,Electronics,Pamplemousses,North,1,28000,0.0,16729.57,28000.0,16729.57,11270.43
ORD04332,2024-10-21,C0497,Gaming Mouse,Accessories,Mahebourg,South,1,2200,0.0,1567.32,2200.0,1567.32,632.68
ORD04333,2025-08-24,C0014,Monitor 27,Electronics,Port Louis,North,2,12000,0.0,8400.93,24000.0,16801.86,7198.14
ORD04334,2024-01-23,C0288,Monitor 27,Electronics,Pamplemousses,North,1,12000,0.05,7834.14,11400.0,7834.14,3565.86
ORD04335,2025-01-28,C0079,Smartphone X,Electronics,Quatre Bornes,West,2,28000,0.0,16604.57,56000.0,33209.14,22790.86
ORD04336,2025-12-07,C0123,Mechanical Keyboard,Accessories,Mahebourg,South,1,4200,0.05,2449.19,3990.0,2449.19,1540.81
ORD04337,2025-02-02,C0027,Mechanical Keyboard,Accessories,Centre de Flacq,East,1,4200,0.05,2494.1,3990.0,2494.1,1495.9
ORD04338,2024-10-25,C0154,Smartphone X,Electronics,Centre de Flacq,East,2,28000,0.0,17205.08,56000.0,34410.16,21589.84
ORD04339,2024-01-27,C0090,USB-C Hub,Accessories,Port Louis,North,1,1800,0.0,1329.87,1800.0,1329.87,470.13
ORD04340,2024-05-10,C0394,Monitor 27,Electronics,Quatre Bornes,West,2,12000,0.0,8770.0,24000.0,17540.0,6460.0
ORD04341,2024-01-25,C0154,Tablet Air,Electronics,Black River,West,1,18000,0.05,11738.69,17100.0,11738.69,5361.31
ORD04342,2024-09-25,C0367,Wireless Headphones,Accessories,Centre de Flacq,East,2,6500,0.0,3873.17,13000.0,7746.34,5253.66
ORD04343,2024-02-21,C0316,Wireless Headphones,Accessories,Port Louis,North,1,6500,0.0,3581.48,6500.0,3581.48,2918.52
ORD04344,2025-06-25,C0262,Office Chair,Furniture,Port Louis,North,1,8500,0.0,6565.23,8500.0,6565.23,1934.77
ORD04345,2024-01-02,C0157,Office Lamp,Office,Centre de Flacq,East,1,1800,0.0,1016.31,1800.0,1016.31,783.69
ORD04346,2024-06-22,C0157,Gaming Mouse,Accessories,Mahebourg,South,2,2200,0.0,1404.55,4400.0,2809.1,1590.9
ORD04347,2024-09-07,C0035,Tablet Air,Electronics,Black River,West,1,18000,0.05,12792.7,17100.0,12792.7,4307.3
ORD04348,2024-07-01,C0489,Tablet Air,Electronics,Curepipe,South,1,18000,0.05,13027.11,17100.0,13027.11,4072.89
ORD04349,2024-12-17,C0413,Smartphone X,Electronics,Centre de Flacq,East,1,28000,0.05,20699.15,26600.0,20699.15,5900.85
ORD04350,2024-01-18,C0106,USB-C Hub,Accessories,Centre de Flacq,East,2,1800,0.0,1099.91,3600.0,2199.82,1400.18
ORD04351,2025-06-06,C0197,Office Lamp,Office,Mahebourg,South,3,1800,0.0,1313.35,5400.0,3940.05,1459.95
ORD04352,2024-02-15,C0221,Standing Desk,Furniture,Curepipe,South,2,15000,0.1,9686.78,27000.0,19373.56,7626.44
ORD04353,2025-12-06,C0239,USB-C Hub,Accessories,Port Louis,North,2,1800,0.05,1321.87,3420.0,2643.74,776.26
ORD04354,2025-04-25,C0214,Tablet Air,Electronics,Port Louis,North,1,18000,0.1,13104.8,16200.0,13104.8,3095.2
ORD04355,2025-06-12,C0378,Tablet Air,Electronics,Port Louis,North,1,18000,0.0,11802.46,18000.0,11802.46,6197.54
ORD04356,2024-04-03,C0317,Mechanical Keyboard,Accessories,Curepipe,South,3,4200,0.0,2677.16,12600.0,8031.48,4568.52
ORD04357,2024-02-12,C0102,Wireless Headphones,Accessories,Mahebourg,South,1,6500,0.15,3971.14,5525.0,3971.14,1553.86
ORD04358,2025-07-29,C0089,USB-C Hub,Accessories,Pamplemousses,North,1,1800,0.05,1313.66,1710.0,1313.66,396.34
ORD04359,2025-02-28,C0091,Printer,Office,Quatre Bornes,West,2,9500,0.05,6479.53,18050.0,12959.06,5090.94
ORD04360,2025-07-21,C0358,Gaming Mouse,Accessories,Port Louis,North,2,2200,0.05,1432.05,4180.0,2864.1,1315.9
ORD04361,2024-06-17,C0118,Printer,Office,Mahebourg,South,1,9500,0.1,5462.53,8550.0,5462.53,3087.47
ORD04362,2025-03-23,C0002,Office Chair,Furniture,Curepipe,South,2,8500,0.0,6629.4,17000.0,13258.8,3741.2
ORD04363,2024-12-25,C0349,Office Lamp,Office,Pamplemousses,North,1,1800,0.05,1378.1,1710.0,1378.1,331.9
ORD04364,2025-07-04,C0488,Printer,Office,Quatre Bornes,West,1,9500,0.0,6316.3,9500.0,6316.3,3183.7
ORD04365,2025-07-08,C0358,Printer,Office,Quatre Bornes,West,1,9500,0.0,5452.9,9500.0,5452.9,4047.1
ORD04366,2025-06-21,C0378,Wireless Headphones,Accessories,Pamplemousses,North,2,6500,0.0,4691.26,13000.0,9382.52,3617.48
ORD04367,2024-02-15,C0076,Wireless Headphones,Accessories,Black River,West,1,6500,0.1,3727.88,5850.0,3727.88,2122.12
ORD04368,2025-10-30,C0191,Wireless Headphones,Accessories,Black River,West,1,6500,0.05,4804.98,6175.0,4804.98,1370.02
ORD04369,2024-02-23,C0337,Mechanical Keyboard,Accessories,Flacq,East,1,4200,0.0,2871.83,4200.0,2871.83,1328.17
ORD04370,2024-11-17,C0171,Printer,Office,Quatre Bornes,West,2,9500,0.0,7180.8,19000.0,14361.6,4638.4
ORD04371,2024-09-26,C0392,Smartphone X,Electronics,Port Louis,North,1,28000,0.0,19284.16,28000.0,19284.16,8715.84
ORD04372,2025-02-24,C0038,Mechanical Keyboard,Accessories,Quatre Bornes,West,2,4200,0.0,2479.37,8400.0,4958.74,3441.26
ORD04373,2025-03-01,C0040,Office Chair,Furniture,Mahebourg,South,3,8500,0.05,5206.11,24225.0,15618.33,8606.67
ORD04374,2025-02-26,C0248,Smartphone X,Electronics,Pamplemousses,North,1,28000,0.0,20402.25,28000.0,20402.25,7597.75
ORD04375,2025-12-18,C0163,Printer,Office,Centre de Flacq,East,1,9500,0.0,6608.12,9500.0,6608.12,2891.88
ORD04376,2024-10-12,C0448,Laptop Pro 14,Electronics,Pamplemousses,North,1,45000,0.0,30805.19,45000.0,30805.19,14194.81
ORD04377,2025-08-13,C0140,Wireless Headphones,Accessories,Black River,West,1,6500,0.05,4640.88,6175.0,4640.88,1534.12
ORD04378,2025-10-16,C0390,Office Chair,Furniture,Black River,West,1,8500,0.05,5468.16,8075.0,5468.16,2606.84
ORD04379,2024-06-18,C0207,USB-C Hub,Accessories,Flacq,East,1,1800,0.05,1086.93,1710.0,1086.93,623.07
ORD04380,2025-11-09,C0278,Standing Desk,Furniture,Pamplemousses,North,2,15000,0.1,10781.96,27000.0,21563.92,5436.08
ORD04381,2024-06-28,C0087,Tablet Air,Electronics,Quatre Bornes,West,2,18000,0.0,13273.0,36000.0,26546.0,9454.0
ORD04382,2025-07-11,C0428,Smartphone X,Electronics,Black River,West,2,28000,0.0,18458.48,56000.0,36916.96,19083.04
ORD04383,2024-10-08,C0126,Printer,Office,Quatre Bornes,West,1,9500,0.0,6687.89,9500.0,6687.89,2812.11
ORD04384,2025-12-10,C0052,Standing Desk,Furniture,Quatre Bornes,West,1,15000,0.05,11412.05,14250.0,11412.05,2837.95
ORD04385,2024-11-27,C0478,USB-C Hub,Accessories,Mahebourg,South,1,1800,0.0,1364.46,1800.0,1364.46,435.54
ORD04386,2025-07-09,C0350,Office Lamp,Office,Port Louis,North,1,1800,0.1,1403.56,1620.0,1403.56,216.44
ORD04387,2024-02-13,C0426,Mechanical Keyboard,Accessories,Curepipe,South,2,4200,0.0,2921.46,8400.0,5842.92,2557.08
ORD04388,2025-04-19,C0138,Office Chair,Furniture,Mahebourg,South,1,8500,0.05,5476.24,8075.0,5476.24,2598.76
ORD04389,2025-04-23,C0028,Tablet Air,Electronics,Black River,West,1,18000,0.0,13621.64,18000.0,13621.64,4378.36
ORD04390,2024-06-11,C0042,Standing Desk,Furniture,Quatre Bornes,West,2,15000,0.0,8268.66,30000.0,16537.32,13462.68
ORD04391,2025-01-22,C0150,Laptop Pro 14,Electronics,Quatre Bornes,West,2,45000,0.0,26019.43,90000.0,52038.86,37961.14
ORD04392,2025-08-19,C0411,Smartphone X,Electronics,Port Louis,North,1,28000,0.0,18755.22,28000.0,18755.22,9244.78
ORD04393,2024-09-03,C0245,Tablet Air,Electronics,Flacq,East,2,18000,0.15,11966.02,30600.0,23932.04,6667.96
ORD04394,2025-04-30,C0292,Monitor 27,Electronics,Mahebourg,South,1,12000,0.0,9329.31,12000.0,9329.31,2670.69
ORD04395,2024-07-28,C0408,Tablet Air,Electronics,Flacq,East,2,18000,0.1,10367.24,32400.0,20734.48,11665.52
ORD04396,2024-05-03,C0371,Office Chair,Furniture,Black River,West,1,8500,0.0,6355.05,8500.0,6355.05,2144.95
ORD04397,2025-09-15,C0250,Mechanical Keyboard,Accessories,Centre de Flacq,East,1,4200,0.1,2865.01,3780.0,2865.01,914.99
ORD04398,2025-03-26,C0219,Tablet Air,Electronics,Mahebourg,South,2,18000,0.0,12469.34,36000.0,24938.68,11061.32
ORD04399,2025-07-08,C0128,Printer,Office,Pamplemousses,North,2,9500,0.0,6713.18,19000.0,13426.36,5573.64
ORD04400,2025-08-10,C0442,USB-C Hub,Accessories,Flacq,East,1,1800,0.1,1272.38,1620.0,1272.38,347.62
ORD04401,2025-08-12,C0048,Mechanical Keyboard,Accessories,Pamplemousses,North,1,4200,0.0,2798.65,4200.0,2798.65,1401.35
ORD04402,2024-05-29,C0245,Printer,Office,Flacq,East,1,9500,0.0,6819.9,9500.0,6819.9,2680.1
ORD04403,2025-04-12,C0108,Gaming Mouse,Accessories,Port Louis,North,2,2200,0.15,1503.17,3740.0,3006.34,733.66
ORD04404,2024-07-08,C0322,Wireless Headphones,Accessories,Curepipe,South,1,6500,0.0,4552.18,6500.0,4552.18,1947.82
ORD04405,2024-09-24,C0341,USB-C Hub,Accessories,Port Louis,North,4,1800,0.05,1096.15,6840.0,4384.6,2455.4
ORD04406,2024-09-17,C0119,Monitor 27,Electronics,Port Louis,North,1,12000,0.05,8696.26,11400.0,8696.26,2703.74
ORD04407,2024-02-16,C0018,Standing Desk,Furniture,Centre de Flacq,East,1,15000,0.05,9524.95,14250.0,9524.95,4725.05
ORD04408,2025-08-25,C0457,Gaming Mouse,Accessories,Black River,West,1,2200,0.0,1293.24,2200.0,1293.24,906.76
ORD04409,2024-06-21,C0049,Laptop Pro 14,Electronics,Pamplemousses,North,1,45000,0.0,32156.86,45000.0,32156.86,12843.14
ORD04410,2024-06-29,C0242,Office Lamp,Office,Curepipe,South,2,1800,0.1,1125.86,3240.0,2251.72,988.28
ORD04411,2024-09-19,C0149,Mechanical Keyboard,Accessories,Black River,West,1,4200,0.0,2704.17,4200.0,2704.17,1495.83
ORD04412,2024-04-16,C0423,Smartphone X,Electronics,Black River,West,1,28000,0.0,20627.08,28000.0,20627.08,7372.92
ORD04413,2024-01-04,C0044,USB-C Hub,Accessories,Black River,West,1,1800,0.0,1095.78,1800.0,1095.78,704.22
ORD04414,2025-12-24,C0469,Laptop Pro 14,Electronics,Black River,West,1,45000,0.1,33910.47,40500.0,33910.47,6589.53
ORD04415,2024-01-15,C0228,Mechanical Keyboard,Accessories,Pamplemousses,North,1,4200,0.05,2997.48,3990.0,2997.48,992.52
ORD04416,2025-06-25,C0399,USB-C Hub,Accessories,Black River,West,4,1800,0.1,1071.0,6480.0,4284.0,2196.0
ORD04417,2025-12-07,C0268,Wireless Headphones,Accessories,Curepipe,South,1,6500,0.0,4860.52,6500.0,4860.52,1639.48
ORD04418,2024-03-19,C0430,Office Chair,Furniture,Pamplemousses,North,1,8500,0.05,4985.62,8075.0,4985.62,3089.38
ORD04419,2025-11-20,C0470,Laptop Pro 14,Electronics,Pamplemousses,North,1,45000,0.0,32885.25,45000.0,32885.25,12114.75
ORD04420,2025-02-14,C0323,Mechanical Keyboard,Accessories,Quatre Bornes,West,2,4200,0.0,3145.84,8400.0,6291.68,2108.32
ORD04421,2024-06-28,C0049,USB-C Hub,Accessories,Mahebourg,South,4,1800,0.15,1068.58,6120.0,4274.32,1845.68
ORD04422,2024-09-10,C0299,Standing Desk,Furniture,Quatre Bornes,West,3,15000,0.0,8737.33,45000.0,26211.99,18788.01
ORD04423,2024-02-29,C0165,USB-C Hub,Accessories,Pamplemousses,North,1,1800,0.0,1125.27,1800.0,1125.27,674.73
ORD04424,2024-01-28,C0349,Gaming Mouse,Accessories,Black River,West,2,2200,0.0,1450.05,4400.0,2900.1,1499.9
ORD04425,2025-09-27,C0279,Office Chair,Furniture,Flacq,East,1,8500,0.0,6007.22,8500.0,6007.22,2492.78
ORD04426,2025-04-26,C0269,Mechanical Keyboard,Accessories,Flacq,East,2,4200,0.0,2648.94,8400.0,5297.88,3102.12
ORD04427,2025-05-12,C0014,USB-C Hub,Accessories,Pamplemousses,North,1,1800,0.0,1386.45,1800.0,1386.45,413.55
ORD04428,2025-10-28,C0492,Tablet Air,Electronics,Pamplemousses,North,1,18000,0.05,11047.37,17100.0,11047.37,6052.63
ORD04429,2025-05-14,C0105,Office Lamp,Office,Centre de Flacq,East,1,1800,0.0,1148.51,1800.0,1148.51,651.49
ORD04430,2025-01-15,C0125,Standing Desk,Furniture,Curepipe,South,2,15000,0.0,9055.89,30000.0,18111.78,11888.22
ORD04431,2024-01-11,C0208,Printer,Office,Quatre Bornes,West,1,9500,0.05,6938.11,9025.0,6938.11,2086.89
ORD04432,2025-09-12,C0056,USB-C Hub,Accessories,Flacq,East,1,1800,0.0,1268.6,1800.0,1268.6,531.4
ORD04433,2024-06-15,C0156,Smartphone X,Electronics,Centre de Flacq,East,2,28000,0.1,20391.16,50400.0,40782.32,9617.68
ORD04434,2025-04-18,C0190,Office Chair,Furniture,Mahebourg,South,1,8500,0.0,5827.03,8500.0,5827.03,2672.97
ORD04435,2024-08-12,C0089,Gaming Mouse,Accessories,Mahebourg,South,1,2200,0.0,1274.32,2200.0,1274.32,925.68
ORD04436,2024-08-13,C0025,Mechanical Keyboard,Accessories,Quatre Bornes,West,1,4200,0.0,3082.74,4200.0,3082.74,1117.26
ORD04437,2025-08-01,C0445,Monitor 27,Electronics,Pamplemousses,North,2,12000,0.1,9310.88,21600.0,18621.76,2978.24
ORD04438,2025-11-07,C0036,Wireless Headphones,Accessories,Port Louis,North,2,6500,0.0,4187.82,13000.0,8375.64,4624.36
ORD04439,2024-06-03,C0263,Wireless Headphones,Accessories,Quatre Bornes,West,3,6500,0.0,3996.69,19500.0,11990.07,7509.93
ORD04440,2025-07-01,C0303,Mechanical Keyboard,Accessories,Pamplemousses,North,2,4200,0.0,2876.01,8400.0,5752.02,2647.98
ORD04441,2024-05-30,C0459,Mechanical Keyboard,Accessories,Curepipe,South,1,4200,0.0,2575.23,4200.0,2575.23,1624.77
ORD04442,2024-04-07,C0017,Monitor 27,Electronics,Mahebourg,South,1,12000,0.15,9174.34,10200.0,9174.34,1025.66
ORD04443,2025-07-16,C0301,Office Lamp,Office,Black River,West,3,1800,0.05,1267.85,5130.0,3803.55,1326.45
ORD04444,2024-04-27,C0246,Wireless Headphones,Accessories,Pamplemousses,North,1,6500,0.0,5051.45,6500.0,5051.45,1448.55
ORD04445,2025-08-24,C0430,Wireless Headphones,Accessories,Mahebourg,South,4,6500,0.15,4760.63,22100.0,19042.52,3057.48
ORD04446,2024-12-04,C0496,USB-C Hub,Accessories,Port Louis,North,1,1800,0.0,1377.68,1800.0,1377.68,422.32
ORD04447,2025-05-22,C0387,USB-C Hub,Accessories,Centre de Flacq,East,1,1800,0.0,1324.74,1800.0,1324.74,475.26
ORD04448,2024-05-14,C0202,Standing Desk,Furniture,Pamplemousses,North,2,15000,0.0,9823.33,30000.0,19646.66,10353.34
ORD04449,2024-05-04,C0350,Smartphone X,Electronics,Port Louis,North,1,28000,0.1,17741.13,25200.0,17741.13,7458.87
ORD04450,2024-08-27,C0232,Standing Desk,Furniture,Curepipe,South,2,15000,0.0,10272.92,30000.0,20545.84,9454.16
ORD04451,2025-10-23,C0138,Gaming Mouse,Accessories,Flacq,East,1,2200,0.0,1660.04,2200.0,1660.04,539.96
ORD04452,2024-01-11,C0330,Wireless Headphones,Accessories,Quatre Bornes,West,1,6500,0.05,4788.89,6175.0,4788.89,1386.11
ORD04453,2025-12-17,C0006,Tablet Air,Electronics,Centre de Flacq,East,1,18000,0.1,13715.03,16200.0,13715.03,2484.97
ORD04454,2025-07-07,C0380,Wireless Headphones,Accessories,Centre de Flacq,East,1,6500,0.05,3868.73,6175.0,3868.73,2306.27
ORD04455,2024-08-04,C0054,Tablet Air,Electronics,Port Louis,North,1,18000,0.0,11630.26,18000.0,11630.26,6369.74
ORD04456,2025-08-14,C0099,Laptop Pro 14,Electronics,Curepipe,South,1,45000,0.0,34809.43,45000.0,34809.43,10190.57
ORD04457,2025-09-07,C0237,Laptop Pro 14,Electronics,Mahebourg,South,2,45000,0.05,29484.66,85500.0,58969.32,26530.68
ORD04458,2024-05-05,C0205,Mechanical Keyboard,Accessories,Curepipe,South,1,4200,0.1,2436.14,3780.0,2436.14,1343.86
ORD04459,2024-08-15,C0171,Wireless Headphones,Accessories,Port Louis,North,1,6500,0.0,4048.04,6500.0,4048.04,2451.96
ORD04460,2024-05-31,C0472,USB-C Hub,Accessories,Mahebourg,South,1,1800,0.05,1036.49,1710.0,1036.49,673.51
ORD04461,2025-03-28,C0451,Gaming Mouse,Accessories,Pamplemousses,North,1,2200,0.0,1551.56,2200.0,1551.56,648.44
ORD04462,2024-10-08,C0038,Gaming Mouse,Accessories,Quatre Bornes,West,1,2200,0.0,1295.8,2200.0,1295.8,904.2
ORD04463,2025-02-22,C0368,Tablet Air,Electronics,Quatre Bornes,West,1,18000,0.15,11435.97,15300.0,11435.97,3864.03
ORD04464,2024-07-25,C0220,Office Chair,Furniture,Mahebourg,South,1,8500,0.0,4752.95,8500.0,4752.95,3747.05
ORD04465,2025-02-11,C0079,Office Lamp,Office,Quatre Bornes,West,2,1800,0.15,1365.83,3060.0,2731.66,328.34
ORD04466,2024-03-05,C0377,Smartphone X,Electronics,Curepipe,South,2,28000,0.0,21702.94,56000.0,43405.88,12594.12
ORD04467,2025-09-03,C0443,Office Chair,Furniture,Pamplemousses,North,1,8500,0.05,5648.19,8075.0,5648.19,2426.81
ORD04468,2025-05-20,C0272,Office Chair,Furniture,Mahebourg,South,2,8500,0.0,4854.71,17000.0,9709.42,7290.58
ORD04469,2024-03-11,C0125,Gaming Mouse,Accessories,Centre de Flacq,East,2,2200,0.1,1488.61,3960.0,2977.22,982.78
ORD04470,2024-05-10,C0332,USB-C Hub,Accessories,Pamplemousses,North,1,1800,0.05,1196.37,1710.0,1196.37,513.63
ORD04471,2025-04-12,C0003,Gaming Mouse,Accessories,Pamplemousses,North,1,2200,0.1,1615.06,1980.0,1615.06,364.94
ORD04472,2025-04-25,C0461,Laptop Pro 14,Electronics,Curepipe,South,2,45000,0.0,29585.07,90000.0,59170.14,30829.86
ORD04473,2024-10-31,C0220,Office Lamp,Office,Port Louis,North,1,1800,0.1,1103.09,1620.0,1103.09,516.91
ORD04474,2024-11-19,C0050,Mechanical Keyboard,Accessories,Quatre Bornes,West,1,4200,0.1,3100.16,3780.0,3100.16,679.84
ORD04475,2024-11-18,C0249,Gaming Mouse,Accessories,Curepipe,South,1,2200,0.05,1365.55,2090.0,1365.55,724.45
ORD04476,2025-11-23,C0200,Standing Desk,Furniture,Flacq,East,2,15000,0.0,8852.5,30000.0,17705.0,12295.0
ORD04477,2024-06-29,C0457,Printer,Office,Quatre Bornes,West,1,9500,0.05,6883.73,9025.0,6883.73,2141.27
ORD04478,2024-05-13,C0282,Monitor 27,Electronics,Port Louis,North,1,12000,0.05,8183.88,11400.0,8183.88,3216.12
ORD04479,2025-04-14,C0238,Printer,Office,Mahebourg,South,1,9500,0.0,5284.15,9500.0,5284.15,4215.85
ORD04480,2024-03-15,C0059,Office Lamp,Office,Centre de Flacq,East,2,1800,0.0,1188.95,3600.0,2377.9,1222.1
ORD04481,2025-03-29,C0310,Wireless Headphones,Accessories,Mahebourg,South,1,6500,0.05,4625.37,6175.0,4625.37,1549.63
ORD04482,2024-06-04,C0055,USB-C Hub,Accessories,Flacq,East,1,1800,0.0,1045.57,1800.0,1045.57,754.43
ORD04483,2024-03-25,C0317,Monitor 27,Electronics,Flacq,East,2,12000,0.0,8324.38,24000.0,16648.76,7351.24
ORD04484,2024-06-12,C0495,Standing Desk,Furniture,Black River,West,2,15000,0.0,11148.48,30000.0,22296.96,7703.04
ORD04485,2024-04-09,C0154,Office Lamp,Office,Port Louis,North,1,1800,0.05,1278.0,1710.0,1278.0,432.0
ORD04486,2025-05-08,C0019,Wireless Headphones,Accessories,Quatre Bornes,West,2,6500,0.15,4373.51,11050.0,8747.02,2302.98
ORD04487,2025-10-16,C0388,Standing Desk,Furniture,Curepipe,South,1,15000,0.0,9508.34,15000.0,9508.34,5491.66
ORD04488,2025-12-06,C0060,Smartphone X,Electronics,Port Louis,North,2,28000,0.0,15544.44,56000.0,31088.88,24911.12
ORD04489,2025-01-02,C0428,Standing Desk,Furniture,Centre de Flacq,East,2,15000,0.05,11032.61,28500.0,22065.22,6434.78
ORD04490,2024-01-14,C0317,Office Lamp,Office,Centre de Flacq,East,1,1800,0.0,1282.86,1800.0,1282.86,517.14
ORD04491,2024-12-26,C0471,USB-C Hub,Accessories,Mahebourg,South,1,1800,0.0,1119.67,1800.0,1119.67,680.33
ORD04492,2024-02-16,C0255,Standing Desk,Furniture,Pamplemousses,North,1,15000,0.0,8967.73,15000.0,8967.73,6032.27
ORD04493,2025-10-21,C0484,Printer,Office,Quatre Bornes,West,2,9500,0.05,7278.5,18050.0,14557.0,3493.0
ORD04494,2024-11-05,C0213,Office Chair,Furniture,Flacq,East,2,8500,0.15,5386.29,14450.0,10772.58,3677.42
ORD04495,2024-07-19,C0335,Monitor 27,Electronics,Centre de Flacq,East,1,12000,0.0,8486.6,12000.0,8486.6,3513.4
ORD04496,2024-06-29,C0219,Smartphone X,Electronics,Black River,West,1,28000,0.0,20353.22,28000.0,20353.22,7646.78
ORD04497,2024-11-22,C0212,Monitor 27,Electronics,Curepipe,South,1,12000,0.0,8689.12,12000.0,8689.12,3310.88
ORD04498,2025-11-13,C0350,Wireless Headphones,Accessories,Port Louis,North,1,6500,0.0,4010.71,6500.0,4010.71,2489.29
ORD04499,2025-05-28,C0127,Printer,Office,Black River,West,1,9500,0.0,6330.12,9500.0,6330.12,3169.88
ORD04500,2024-10-22,C0191,Smartphone X,Electronics,Mahebourg,South,1,28000,0.0,16449.09,28000.0,16449.09,11550.91
ORD04501,2024-08-19,C0083,Tablet Air,Electronics,Centre de Flacq,East,4,18000,0.0,10778.87,72000.0,43115.48,28884.52
ORD04502,2024-04-02,C0370,Gaming Mouse,Accessories,Port Louis,North,1,2200,0.0,1671.5,2200.0,1671.5,528.5
ORD04503,2025-10-12,C0209,Office Chair,Furniture,Mahebourg,South,1,8500,0.0,5763.8,8500.0,5763.8,2736.2
ORD04504,2024-05-10,C0355,USB-C Hub,Accessories,Black River,West,1,1800,0.0,1336.8,1800.0,1336.8,463.2
ORD04505,2024-04-09,C0149,Laptop Pro 14,Electronics,Port Louis,North,2,45000,0.05,33523.0,85500.0,67046.0,18454.0
ORD04506,2025-01-15,C0222,Office Lamp,Office,Curepipe,South,1,1800,0.05,1358.25,1710.0,1358.25,351.75
ORD04507,2025-02-12,C0088,Mechanical Keyboard,Accessories,Curepipe,South,1,4200,0.05,2933.11,3990.0,2933.11,1056.89
ORD04508,2024-03-18,C0193,Wireless Headphones,Accessories,Black River,West,1,6500,0.0,4484.79,6500.0,4484.79,2015.21
ORD04509,2025-12-29,C0359,Printer,Office,Port Louis,North,1,9500,0.0,6476.24,9500.0,6476.24,3023.76
ORD04510,2024-08-12,C0064,Wireless Headphones,Accessories,Pamplemousses,North,1,6500,0.1,4832.21,5850.0,4832.21,1017.79
ORD04511,2024-11-28,C0274,Mechanical Keyboard,Accessories,Pamplemousses,North,1,4200,0.0,2679.43,4200.0,2679.43,1520.57
ORD04512,2024-10-27,C0299,Office Chair,Furniture,Pamplemousses,North,1,8500,0.05,5778.72,8075.0,5778.72,2296.28
ORD04513,2024-04-06,C0131,Office Lamp,Office,Pamplemousses,North,1,1800,0.05,1042.52,1710.0,1042.52,667.48
ORD04514,2024-02-08,C0207,Smartphone X,Electronics,Black River,West,1,28000,0.05,21060.67,26600.0,21060.67,5539.33
ORD04515,2024-04-24,C0047,Monitor 27,Electronics,Pamplemousses,North,2,12000,0.0,9127.12,24000.0,18254.24,5745.76
ORD04516,2025-04-05,C0181,Tablet Air,Electronics,Pamplemousses,North,1,18000,0.0,11548.59,18000.0,11548.59,6451.41
ORD04517,2025-05-10,C0350,Laptop Pro 14,Electronics,Centre de Flacq,East,1,45000,0.0,28528.28,45000.0,28528.28,16471.72
ORD04518,2025-10-06,C0088,Office Lamp,Office,Pamplemousses,North,1,1800,0.0,1310.35,1800.0,1310.35,489.65
ORD04519,2025-02-02,C0096,Smartphone X,Electronics,Black River,West,4,28000,0.1,19371.72,100800.0,77486.88,23313.12
ORD04520,2025-04-16,C0186,Standing Desk,Furniture,Flacq,East,1,15000,0.05,9781.97,14250.0,9781.97,4468.03
ORD04521,2025-12-01,C0304,USB-C Hub,Accessories,Pamplemousses,North,2,1800,0.0,1058.34,3600.0,2116.68,1483.32
ORD04522,2024-05-14,C0059,Wireless Headphones,Accessories,Port Louis,North,1,6500,0.0,4695.35,6500.0,4695.35,1804.65
ORD04523,2024-04-18,C0380,Printer,Office,Mahebourg,South,1,9500,0.0,6637.23,9500.0,6637.23,2862.77
ORD04524,2024-06-13,C0251,Smartphone X,Electronics,Flacq,East,1,28000,0.0,17351.99,28000.0,17351.99,10648.01
ORD04525,2024-06-25,C0151,Standing Desk,Furniture,Pamplemousses,North,1,15000,0.1,10570.99,13500.0,10570.99,2929.01
ORD04526,2024-09-29,C0330,Standing Desk,Furniture,Curepipe,South,1,15000,0.1,11192.86,13500.0,11192.86,2307.14
ORD04527,2024-05-23,C0390,Monitor 27,Electronics,Pamplemousses,North,1,12000,0.0,8914.15,12000.0,8914.15,3085.85
ORD04528,2024-03-04,C0119,Gaming Mouse,Accessories,Mahebourg,South,1,2200,0.0,1695.91,2200.0,1695.91,504.09
ORD04529,2024-08-13,C0497,Printer,Office,Port Louis,North,1,9500,0.0,6796.72,9500.0,6796.72,2703.28
ORD04530,2024-07-11,C0148,Mechanical Keyboard,Accessories,Mahebourg,South,1,4200,0.0,2415.02,4200.0,2415.02,1784.98
ORD04531,2024-09-06,C0367,Printer,Office,Flacq,East,1,9500,0.05,5895.89,9025.0,5895.89,3129.11
ORD04532,2024-10-23,C0194,Tablet Air,Electronics,Quatre Bornes,West,2,18000,0.0,13031.83,36000.0,26063.66,9936.34
ORD04533,2024-02-25,C0204,Office Lamp,Office,Pamplemousses,North,1,1800,0.0,1026.45,1800.0,1026.45,773.55
ORD04534,2025-12-23,C0070,Office Chair,Furniture,Flacq,East,1,8500,0.05,6493.52,8075.0,6493.52,1581.48
ORD04535,2025-07-03,C0019,Smartphone X,Electronics,Flacq,East,2,28000,0.0,19371.86,56000.0,38743.72,17256.28
ORD04536,2024-12-15,C0140,Mechanical Keyboard,Accessories,Pamplemousses,North,1,4200,0.0,3191.92,4200.0,3191.92,1008.08
ORD04537,2025-01-04,C0076,Mechanical Keyboard,Accessories,Flacq,East,1,4200,0.0,2739.27,4200.0,2739.27,1460.73
ORD04538,2024-12-31,C0228,Office Chair,Furniture,Quatre Bornes,West,1,8500,0.0,5824.09,8500.0,5824.09,2675.91
ORD04539,2025-11-29,C0453,Mechanical Keyboard,Accessories,Port Louis,North,1,4200,0.0,3140.29,4200.0,3140.29,1059.71
ORD04540,2024-08-29,C0331,Office Chair,Furniture,Quatre Bornes,West,3,8500,0.05,4777.33,24225.0,14331.99,9893.01
ORD04541,2025-12-10,C0462,Mechanical Keyboard,Accessories,Port Louis,North,2,4200,0.0,2641.68,8400.0,5283.36,3116.64
ORD04542,2024-02-18,C0449,Standing Desk,Furniture,Centre de Flacq,East,2,15000,0.0,11084.93,30000.0,22169.86,7830.14
ORD04543,2024-03-03,C0184,USB-C Hub,Accessories,Mahebourg,South,1,1800,0.05,1123.55,1710.0,1123.55,586.45
ORD04544,2024-02-17,C0229,Mechanical Keyboard,Accessories,Centre de Flacq,East,1,4200,0.1,2974.85,3780.0,2974.85,805.15
ORD04545,2024-10-10,C0442,Monitor 27,Electronics,Curepipe,South,1,12000,0.0,8403.82,12000.0,8403.82,3596.18
ORD04546,2025-08-22,C0285,Laptop Pro 14,Electronics,Flacq,East,1,45000,0.0,30256.05,45000.0,30256.05,14743.95
ORD04547,2024-11-08,C0380,Laptop Pro 14,Electronics,Centre de Flacq,East,4,45000,0.0,26890.43,180000.0,107561.72,72438.28
ORD04548,2025-12-15,C0114,Office Lamp,Office,Port Louis,North,1,1800,0.0,1302.0,1800.0,1302.0,498.0
ORD04549,2025-08-08,C0057,Mechanical Keyboard,Accessories,Centre de Flacq,East,1,4200,0.0,2609.98,4200.0,2609.98,1590.02
ORD04550,2024-08-01,C0497,Laptop Pro 14,Electronics,Pamplemousses,North,1,45000,0.0,29799.08,45000.0,29799.08,15200.92
ORD04551,2024-08-05,C0230,Wireless Headphones,Accessories,Quatre Bornes,West,1,6500,0.0,4860.8,6500.0,4860.8,1639.2
ORD04552,2025-05-29,C0001,Mechanical Keyboard,Accessories,Mahebourg,South,1,4200,0.0,3020.54,4200.0,3020.54,1179.46
ORD04553,2025-04-03,C0069,Tablet Air,Electronics,Mahebourg,South,2,18000,0.0,10488.94,36000.0,20977.88,15022.12
ORD04554,2025-04-15,C0068,Office Chair,Furniture,Black River,West,1,8500,0.0,6331.11,8500.0,6331.11,2168.89
ORD04555,2025-11-13,C0132,Laptop Pro 14,Electronics,Mahebourg,South,2,45000,0.0,27994.94,90000.0,55989.88,34010.12
ORD04556,2024-12-28,C0153,Smartphone X,Electronics,Mahebourg,South,2,28000,0.1,19068.04,50400.0,38136.08,12263.92
ORD04557,2024-11-27,C0147,Office Chair,Furniture,Curepipe,South,2,8500,0.0,4818.85,17000.0,9637.7,7362.3
ORD04558,2025-02-06,C0138,Mechanical Keyboard,Accessories,Flacq,East,1,4200,0.0,2341.02,4200.0,2341.02,1858.98
ORD04559,2024-11-14,C0256,Monitor 27,Electronics,Pamplemousses,North,2,12000,0.05,7481.03,22800.0,14962.06,7837.94
ORD04560,2025-04-16,C0446,Gaming Mouse,Accessories,Mahebourg,South,1,2200,0.05,1292.34,2090.0,1292.34,797.66
ORD04561,2024-04-08,C0305,Office Lamp,Office,Curepipe,South,2,1800,0.0,1097.83,3600.0,2195.66,1404.34
ORD04562,2025-05-10,C0419,Standing Desk,Furniture,Black River,West,2,15000,0.05,11664.56,28500.0,23329.12,5170.88
ORD04563,2025-02-20,C0084,Mechanical Keyboard,Accessories,Curepipe,South,1,4200,0.0,2979.65,4200.0,2979.65,1220.35
ORD04564,2024-05-18,C0462,USB-C Hub,Accessories,Curepipe,South,1,1800,0.0,1110.51,1800.0,1110.51,689.49
ORD04565,2024-01-25,C0447,Monitor 27,Electronics,Port Louis,North,3,12000,0.1,8535.72,32400.0,25607.16,6792.84
ORD04566,2025-12-20,C0310,Smartphone X,Electronics,Pamplemousses,North,1,28000,0.05,17485.72,26600.0,17485.72,9114.28
ORD04567,2025-05-30,C0273,USB-C Hub,Accessories,Mahebourg,South,1,1800,0.1,1077.42,1620.0,1077.42,542.58
ORD04568,2024-06-07,C0475,Laptop Pro 14,Electronics,Port Louis,North,1,45000,0.0,25368.92,45000.0,25368.92,19631.08
ORD04569,2024-12-20,C0486,Smartphone X,Electronics,Mahebourg,South,1,28000,0.0,18435.41,28000.0,18435.41,9564.59
ORD04570,2025-04-22,C0280,Laptop Pro 14,Electronics,Flacq,East,1,45000,0.0,29560.1,45000.0,29560.1,15439.9
ORD04571,2025-04-12,C0396,Laptop Pro 14,Electronics,Curepipe,South,1,45000,0.1,26716.27,40500.0,26716.27,13783.73
ORD04572,2024-03-29,C0010,Monitor 27,Electronics,Quatre Bornes,West,1,12000,0.0,8093.27,12000.0,8093.27,3906.73
ORD04573,2025-05-29,C0218,Smartphone X,Electronics,Flacq,East,1,28000,0.05,18108.91,26600.0,18108.91,8491.09
ORD04574,2024-02-27,C0009,Standing Desk,Furniture,Mahebourg,South,1,15000,0.0,9724.57,15000.0,9724.57,5275.43
ORD04575,2025-06-01,C0211,Standing Desk,Furniture,Pamplemousses,North,2,15000,0.05,11199.29,28500.0,22398.58,6101.42
ORD04576,2024-04-09,C0427,USB-C Hub,Accessories,Quatre Bornes,West,1,1800,0.0,1106.19,1800.0,1106.19,693.81
ORD04577,2024-03-24,C0206,USB-C Hub,Accessories,Flacq,East,1,1800,0.0,1204.26,1800.0,1204.26,595.74
ORD04578,2025-01-22,C0073,Wireless Headphones,Accessories,Port Louis,North,1,6500,0.1,4496.49,5850.0,4496.49,1353.51
ORD04579,2024-04-30,C0307,Wireless Headphones,Accessories,Pamplemousses,North,1,6500,0.1,4269.37,5850.0,4269.37,1580.63
ORD04580,2024-02-20,C0455,Tablet Air,Electronics,Quatre Bornes,West,2,18000,0.0,12803.77,36000.0,25607.54,10392.46
ORD04581,2024-02-10,C0215,Laptop Pro 14,Electronics,Pamplemousses,North,1,45000,0.0,25056.54,45000.0,25056.54,19943.46
ORD04582,2025-02-28,C0368,Wireless Headphones,Accessories,Port Louis,North,1,6500,0.0,3592.3,6500.0,3592.3,2907.7
ORD04583,2024-06-07,C0470,Mechanical Keyboard,Accessories,Pamplemousses,North,1,4200,0.05,2934.25,3990.0,2934.25,1055.75
ORD04584,2024-11-24,C0350,Wireless Headphones,Accessories,Port Louis,North,2,6500,0.0,3846.38,13000.0,7692.76,5307.24
ORD04585,2025-12-26,C0321,Monitor 27,Electronics,Quatre Bornes,West,2,12000,0.05,6778.13,22800.0,13556.26,9243.74
ORD04586,2025-08-18,C0274,Mechanical Keyboard,Accessories,Black River,West,1,4200,0.0,2471.26,4200.0,2471.26,1728.74
ORD04587,2025-08-11,C0379,USB-C Hub,Accessories,Pamplemousses,North,1,1800,0.0,1109.88,1800.0,1109.88,690.12
ORD04588,2025-04-19,C0454,Standing Desk,Furniture,Centre de Flacq,East,1,15000,0.1,9023.03,13500.0,9023.03,4476.97
ORD04589,2025-01-05,C0056,USB-C Hub,Accessories,Centre de Flacq,East,3,1800,0.05,1247.56,5130.0,3742.68,1387.32
ORD04590,2025-07-28,C0440,Office Chair,Furniture,Curepipe,South,1,8500,0.0,5197.29,8500.0,5197.29,3302.71
ORD04591,2024-08-03,C0336,USB-C Hub,Accessories,Black River,West,2,1800,0.15,1053.54,3060.0,2107.08,952.92
ORD04592,2025-05-29,C0292,Wireless Headphones,Accessories,Centre de Flacq,East,1,6500,0.0,4629.93,6500.0,4629.93,1870.07
ORD04593,2024-12-23,C0300,Gaming Mouse,Accessories,Pamplemousses,North,3,2200,0.15,1634.99,5610.0,4904.97,705.03
ORD04594,2024-03-30,C0126,Office Lamp,Office,Pamplemousses,North,1,1800,0.0,1263.8,1800.0,1263.8,536.2
ORD04595,2024-06-19,C0425,Mechanical Keyboard,Accessories,Centre de Flacq,East,2,4200,0.0,2911.15,8400.0,5822.3,2577.7
ORD04596,2024-01-30,C0379,Printer,Office,Centre de Flacq,East,2,9500,0.05,5843.78,18050.0,11687.56,6362.44
ORD04597,2025-01-03,C0101,Office Lamp,Office,Mahebourg,South,1,1800,0.1,1151.08,1620.0,1151.08,468.92
ORD04598,2025-06-27,C0434,Smartphone X,Electronics,Port Louis,North,1,28000,0.05,15672.66,26600.0,15672.66,10927.34
ORD04599,2024-09-20,C0395,Smartphone X,Electronics,Pamplemousses,North,1,28000,0.0,20942.98,28000.0,20942.98,7057.02
ORD04600,2025-01-31,C0370,Gaming Mouse,Accessories,Quatre Bornes,West,1,2200,0.0,1379.7,2200.0,1379.7,820.3
ORD04601,2025-11-30,C0222,Laptop Pro 14,Electronics,Black River,West,2,45000,0.05,31945.44,85500.0,63890.88,21609.12
ORD04602,2024-09-23,C0426,Monitor 27,Electronics,Mahebourg,South,1,12000,0.05,8846.2,11400.0,8846.2,2553.8
ORD04603,2025-06-18,C0447,Wireless Headphones,Accessories,Quatre Bornes,West,1,6500,0.0,4001.83,6500.0,4001.83,2498.17
ORD04604,2024-05-23,C0198,Smartphone X,Electronics,Pamplemousses,North,1,28000,0.0,15860.08,28000.0,15860.08,12139.92
ORD04605,2025-01-11,C0275,Office Chair,Furniture,Flacq,East,1,8500,0.1,4681.39,7650.0,4681.39,2968.61
ORD04606,2024-05-25,C0063,Gaming Mouse,Accessories,Pamplemousses,North,1,2200,0.1,1235.56,1980.0,1235.56,744.44
ORD04607,2025-06-07,C0451,Wireless Headphones,Accessories,Mahebourg,South,2,6500,0.0,4788.94,13000.0,9577.88,3422.12
ORD04608,2024-04-08,C0423,Office Chair,Furniture,Curepipe,South,1,8500,0.0,4694.27,8500.0,4694.27,3805.73
ORD04609,2024-12-24,C0472,Standing Desk,Furniture,Mahebourg,South,2,15000,0.05,9385.66,28500.0,18771.32,9728.68
ORD04610,2025-07-01,C0109,Laptop Pro 14,Electronics,Quatre Bornes,West,1,45000,0.0,30863.18,45000.0,30863.18,14136.82
ORD04611,2024-05-08,C0066,Gaming Mouse,Accessories,Pamplemousses,North,1,2200,0.1,1565.85,1980.0,1565.85,414.15
ORD04612,2024-01-31,C0098,USB-C Hub,Accessories,Curepipe,South,1,1800,0.0,1289.56,1800.0,1289.56,510.44
ORD04613,2025-04-12,C0306,Smartphone X,Electronics,Pamplemousses,North,1,28000,0.0,19852.25,28000.0,19852.25,8147.75
ORD04614,2024-02-14,C0118,Printer,Office,Mahebourg,South,1,9500,0.1,6659.07,8550.0,6659.07,1890.93
ORD04615,2024-12-25,C0366,Office Chair,Furniture,Pamplemousses,North,3,8500,0.0,5627.19,25500.0,16881.57,8618.43
ORD04616,2024-09-09,C0485,Printer,Office,Black River,West,1,9500,0.0,5952.08,9500.0,5952.08,3547.92
ORD04617,2024-09-16,C0411,Office Chair,Furniture,Mahebourg,South,1,8500,0.0,5622.17,8500.0,5622.17,2877.83
ORD04618,2025-01-28,C0128,USB-C Hub,Accessories,Centre de Flacq,East,1,1800,0.05,1182.73,1710.0,1182.73,527.27
ORD04619,2024-11-02,C0444,Office Lamp,Office,Curepipe,South,1,1800,0.0,1107.1,1800.0,1107.1,692.9
ORD04620,2025-06-02,C0303,Office Lamp,Office,Flacq,East,2,1800,0.0,1100.11,3600.0,2200.22,1399.78
ORD04621,2024-12-12,C0440,Laptop Pro 14,Electronics,Curepipe,South,1,45000,0.0,26283.0,45000.0,26283.0,18717.0
ORD04622,2025-06-12,C0038,Gaming Mouse,Accessories,Port Louis,North,2,2200,0.0,1655.98,4400.0,3311.96,1088.04
ORD04623,2024-09-07,C0122,Gaming Mouse,Accessories,Centre de Flacq,East,1,2200,0.05,1418.12,2090.0,1418.12,671.88
ORD04624,2024-11-21,C0275,Office Lamp,Office,Quatre Bornes,West,2,1800,0.05,1264.38,3420.0,2528.76,891.24
ORD04625,2024-12-25,C0375,Laptop Pro 14,Electronics,Port Louis,North,1,45000,0.1,29860.71,40500.0,29860.71,10639.29
ORD04626,2025-12-31,C0453,Office Chair,Furniture,Flacq,East,1,8500,0.05,4919.42,8075.0,4919.42,3155.58
ORD04627,2024-03-08,C0424,Tablet Air,Electronics,Mahebourg,South,2,18000,0.05,13325.29,34200.0,26650.58,7549.42
ORD04628,2025-01-15,C0083,Office Lamp,Office,Centre de Flacq,East,2,1800,0.15,1363.22,3060.0,2726.44,333.56
ORD04629,2025-10-15,C0162,Mechanical Keyboard,Accessories,Curepipe,South,1,4200,0.0,2681.8,4200.0,2681.8,1518.2
ORD04630,2025-02-28,C0095,Gaming Mouse,Accessories,Black River,West,3,2200,0.1,1686.31,5940.0,5058.93,881.07
ORD04631,2024-03-11,C0018,Wireless Headphones,Accessories,Port Louis,North,1,6500,0.15,4114.33,5525.0,4114.33,1410.67
ORD04632,2025-11-17,C0376,Wireless Headphones,Accessories,Flacq,East,1,6500,0.05,4536.08,6175.0,4536.08,1638.92
ORD04633,2025-08-23,C0221,Office Lamp,Office,Port Louis,North,1,1800,0.05,1228.2,1710.0,1228.2,481.8
ORD04634,2024-01-26,C0147,USB-C Hub,Accessories,Port Louis,North,1,1800,0.05,1302.87,1710.0,1302.87,407.13
ORD04635,2024-05-06,C0018,Gaming Mouse,Accessories,Flacq,East,2,2200,0.0,1679.21,4400.0,3358.42,1041.58
ORD04636,2025-11-27,C0476,Tablet Air,Electronics,Centre de Flacq,East,1,18000,0.0,12172.22,18000.0,12172.22,5827.78
ORD04637,2025-08-06,C0432,Office Chair,Furniture,Curepipe,South,3,8500,0.05,6260.8,24225.0,18782.4,5442.6
ORD04638,2024-03-02,C0045,Tablet Air,Electronics,Flacq,East,1,18000,0.05,10131.03,17100.0,10131.03,6968.97
ORD04639,2024-05-23,C0148,Gaming Mouse,Accessories,Quatre Bornes,West,1,2200,0.0,1355.47,2200.0,1355.47,844.53
ORD04640,2024-09-03,C0296,USB-C Hub,Accessories,Pamplemousses,North,1,1800,0.1,1093.18,1620.0,1093.18,526.82
ORD04641,2025-10-17,C0351,Office Lamp,Office,Port Louis,North,1,1800,0.1,1151.01,1620.0,1151.01,468.99
ORD04642,2024-03-01,C0362,Wireless Headphones,Accessories,Mahebourg,South,1,6500,0.1,3744.31,5850.0,3744.31,2105.69
ORD04643,2025-02-16,C0457,Mechanical Keyboard,Accessories,Port Louis,North,1,4200,0.0,2973.45,4200.0,2973.45,1226.55
ORD04644,2025-06-17,C0024,Standing Desk,Furniture,Pamplemousses,North,3,15000,0.1,9490.75,40500.0,28472.25,12027.75
ORD04645,2025-05-25,C0443,Mechanical Keyboard,Accessories,Quatre Bornes,West,2,4200,0.0,2641.61,8400.0,5283.22,3116.78
ORD04646,2024-06-01,C0310,Monitor 27,Electronics,Curepipe,South,1,12000,0.0,7294.9,12000.0,7294.9,4705.1
ORD04647,2025-04-30,C0172,USB-C Hub,Accessories,Centre de Flacq,East,1,1800,0.05,1366.5,1710.0,1366.5,343.5
ORD04648,2025-01-27,C0107,Laptop Pro 14,Electronics,Flacq,East,1,45000,0.05,32216.54,42750.0,32216.54,10533.46
ORD04649,2024-05-18,C0293,Smartphone X,Electronics,Mahebourg,South,2,28000,0.05,18125.25,53200.0,36250.5,16949.5
ORD04650,2024-09-03,C0271,Gaming Mouse,Accessories,Curepipe,South,1,2200,0.1,1467.96,1980.0,1467.96,512.04
ORD04651,2025-03-06,C0409,Laptop Pro 14,Electronics,Curepipe,South,1,45000,0.1,30923.29,40500.0,30923.29,9576.71
ORD04652,2024-08-24,C0012,Office Lamp,Office,Flacq,East,1,1800,0.0,1139.94,1800.0,1139.94,660.06
ORD04653,2024-06-17,C0404,Laptop Pro 14,Electronics,Flacq,East,2,45000,0.1,32878.58,81000.0,65757.16,15242.84
ORD04654,2024-04-07,C0122,Office Chair,Furniture,Port Louis,North,4,8500,0.0,5348.25,34000.0,21393.0,12607.0
ORD04655,2024-01-16,C0212,Mechanical Keyboard,Accessories,Centre de Flacq,East,1,4200,0.0,2954.39,4200.0,2954.39,1245.61
ORD04656,2024-09-18,C0488,Tablet Air,Electronics,Black River,West,3,18000,0.1,11730.94,48600.0,35192.82,13407.18
ORD04657,2025-12-11,C0069,Standing Desk,Furniture,Mahebourg,South,1,15000,0.0,11110.02,15000.0,11110.02,3889.98
ORD04658,2024-10-07,C0371,Standing Desk,Furniture,Curepipe,South,1,15000,0.1,10955.48,13500.0,10955.48,2544.52
ORD04659,2025-07-05,C0447,Mechanical Keyboard,Accessories,Port Louis,North,1,4200,0.15,2726.92,3570.0,2726.92,843.08
ORD04660,2024-04-03,C0411,Wireless Headphones,Accessories,Black River,West,1,6500,0.0,4134.21,6500.0,4134.21,2365.79
ORD04661,2025-10-05,C0017,Office Lamp,Office,Black River,West,2,1800,0.0,1081.12,3600.0,2162.24,1437.76
ORD04662,2024-11-24,C0419,Gaming Mouse,Accessories,Black River,West,1,2200,0.0,1632.23,2200.0,1632.23,567.77
ORD04663,2025-05-06,C0446,Monitor 27,Electronics,Port Louis,North,1,12000,0.05,8178.09,11400.0,8178.09,3221.91
ORD04664,2024-10-30,C0025,Mechanical Keyboard,Accessories,Quatre Bornes,West,3,4200,0.0,2955.43,12600.0,8866.29,3733.71
ORD04665,2025-08-18,C0091,Printer,Office,Flacq,East,1,9500,0.0,5931.41,9500.0,5931.41,3568.59
ORD04666,2024-06-16,C0471,Tablet Air,Electronics,Centre de Flacq,East,1,18000,0.0,13461.78,18000.0,13461.78,4538.22
ORD04667,2024-08-05,C0279,Standing Desk,Furniture,Mahebourg,South,1,15000,0.0,9551.02,15000.0,9551.02,5448.98
ORD04668,2025-03-30,C0335,Standing Desk,Furniture,Black River,West,1,15000,0.0,8311.94,15000.0,8311.94,6688.06
ORD04669,2025-02-02,C0294,Standing Desk,Furniture,Mahebourg,South,2,15000,0.0,9341.3,30000.0,18682.6,11317.4
ORD04670,2024-09-21,C0233,Wireless Headphones,Accessories,Pamplemousses,North,1,6500,0.0,4027.06,6500.0,4027.06,2472.94
ORD04671,2025-03-13,C0063,Mechanical Keyboard,Accessories,Quatre Bornes,West,1,4200,0.0,2568.06,4200.0,2568.06,1631.94
ORD04672,2024-04-01,C0168,Mechanical Keyboard,Accessories,Mahebourg,South,1,4200,0.0,2564.08,4200.0,2564.08,1635.92
ORD04673,2024-09-20,C0443,Tablet Air,Electronics,Black River,West,1,18000,0.05,11627.59,17100.0,11627.59,5472.41
ORD04674,2024-08-17,C0046,Gaming Mouse,Accessories,Mahebourg,South,1,2200,0.0,1412.83,2200.0,1412.83,787.17
ORD04675,2025-02-08,C0086,Wireless Headphones,Accessories,Mahebourg,South,1,6500,0.05,3957.59,6175.0,3957.59,2217.41
ORD04676,2025-08-15,C0152,Mechanical Keyboard,Accessories,Centre de Flacq,East,1,4200,0.05,2845.64,3990.0,2845.64,1144.36
ORD04677,2025-03-22,C0369,USB-C Hub,Accessories,Quatre Bornes,West,2,1800,0.1,1155.09,3240.0,2310.18,929.82
ORD04678,2024-03-05,C0269,Printer,Office,Quatre Bornes,West,1,9500,0.0,6263.26,9500.0,6263.26,3236.74
ORD04679,2025-07-20,C0390,Monitor 27,Electronics,Black River,West,1,12000,0.05,8513.57,11400.0,8513.57,2886.43
ORD04680,2025-06-30,C0207,Laptop Pro 14,Electronics,Mahebourg,South,1,45000,0.0,31556.74,45000.0,31556.74,13443.26
ORD04681,2024-02-12,C0214,Printer,Office,Port Louis,North,1,9500,0.0,6546.78,9500.0,6546.78,2953.22
ORD04682,2025-07-21,C0411,Monitor 27,Electronics,Pamplemousses,North,1,12000,0.05,7548.68,11400.0,7548.68,3851.32
ORD04683,2024-10-10,C0471,Office Chair,Furniture,Port Louis,North,1,8500,0.0,4807.59,8500.0,4807.59,3692.41
ORD04684,2025-01-28,C0178,Smartphone X,Electronics,Flacq,East,1,28000,0.05,16495.79,26600.0,16495.79,10104.21
ORD04685,2025-12-25,C0448,Standing Desk,Furniture,Port Louis,North,1,15000,0.0,9817.72,15000.0,9817.72,5182.28
ORD04686,2025-10-29,C0040,Office Chair,Furniture,Pamplemousses,North,2,8500,0.0,5700.87,17000.0,11401.74,5598.26
ORD04687,2024-09-29,C0024,USB-C Hub,Accessories,Quatre Bornes,West,1,1800,0.05,1371.3,1710.0,1371.3,338.7
ORD04688,2024-05-26,C0011,Printer,Office,Quatre Bornes,West,2,9500,0.05,5272.77,18050.0,10545.54,7504.46
ORD04689,2025-08-06,C0072,Office Chair,Furniture,Port Louis,North,1,8500,0.0,4693.72,8500.0,4693.72,3806.28
ORD04690,2025-12-12,C0160,Gaming Mouse,Accessories,Centre de Flacq,East,1,2200,0.1,1261.26,1980.0,1261.26,718.74
ORD04691,2024-01-14,C0157,Mechanical Keyboard,Accessories,Mahebourg,South,1,4200,0.05,2700.86,3990.0,2700.86,1289.14
ORD04692,2025-07-22,C0171,Printer,Office,Mahebourg,South,1,9500,0.0,6072.5,9500.0,6072.5,3427.5
ORD04693,2024-11-10,C0326,Gaming Mouse,Accessories,Centre de Flacq,East,1,2200,0.15,1585.38,1870.0,1585.38,284.62
ORD04694,2025-05-20,C0444,Gaming Mouse,Accessories,Quatre Bornes,West,3,2200,0.05,1375.4,6270.0,4126.2,2143.8
ORD04695,2024-03-19,C0006,Office Lamp,Office,Flacq,East,1,1800,0.05,1180.15,1710.0,1180.15,529.85
ORD04696,2025-10-14,C0315,Wireless Headphones,Accessories,Pamplemousses,North,2,6500,0.1,4183.42,11700.0,8366.84,3333.16
ORD04697,2024-02-21,C0167,Office Chair,Furniture,Curepipe,South,2,8500,0.0,4971.31,17000.0,9942.62,7057.38
ORD04698,2024-07-20,C0263,Mechanical Keyboard,Accessories,Port Louis,North,2,4200,0.0,3229.04,8400.0,6458.08,1941.92
ORD04699,2025-08-07,C0145,Smartphone X,Electronics,Centre de Flacq,East,1,28000,0.0,20380.11,28000.0,20380.11,7619.89
ORD04700,2025-09-02,C0030,Tablet Air,Electronics,Pamplemousses,North,1,18000,0.15,12518.12,15300.0,12518.12,2781.88
ORD04701,2025-08-16,C0132,Mechanical Keyboard,Accessories,Mahebourg,South,1,4200,0.0,2341.86,4200.0,2341.86,1858.14
ORD04702,2024-11-24,C0376,USB-C Hub,Accessories,Curepipe,South,1,1800,0.05,1057.52,1710.0,1057.52,652.48
ORD04703,2024-11-28,C0195,Printer,Office,Flacq,East,1,9500,0.15,6483.18,8075.0,6483.18,1591.82
ORD04704,2024-06-25,C0070,Smartphone X,Electronics,Pamplemousses,North,1,28000,0.05,21100.58,26600.0,21100.58,5499.42
ORD04705,2024-03-11,C0374,Mechanical Keyboard,Accessories,Port Louis,North,2,4200,0.0,2442.73,8400.0,4885.46,3514.54
ORD04706,2025-02-22,C0270,Office Chair,Furniture,Centre de Flacq,East,1,8500,0.0,5396.14,8500.0,5396.14,3103.86
ORD04707,2024-08-20,C0102,Smartphone X,Electronics,Mahebourg,South,1,28000,0.0,17983.47,28000.0,17983.47,10016.53
ORD04708,2025-06-20,C0292,Smartphone X,Electronics,Black River,West,2,28000,0.15,20748.63,47600.0,41497.26,6102.74
ORD04709,2025-10-29,C0172,USB-C Hub,Accessories,Flacq,East,3,1800,0.1,1399.05,4860.0,4197.15,662.85
ORD04710,2024-03-24,C0452,Smartphone X,Electronics,Black River,West,2,28000,0.0,21017.38,56000.0,42034.76,13965.24
ORD04711,2024-11-02,C0251,USB-C Hub,Accessories,Curepipe,South,1,1800,0.0,1302.2,1800.0,1302.2,497.8
ORD04712,2025-02-11,C0269,Wireless Headphones,Accessories,Pamplemousses,North,1,6500,0.0,3640.85,6500.0,3640.85,2859.15
ORD04713,2024-02-06,C0143,Printer,Office,Flacq,East,1,9500,0.0,5652.58,9500.0,5652.58,3847.42
ORD04714,2024-04-17,C0459,Standing Desk,Furniture,Mahebourg,South,1,15000,0.05,8508.0,14250.0,8508.0,5742.0
ORD04715,2025-07-13,C0005,Standing Desk,Furniture,Black River,West,2,15000,0.0,8679.21,30000.0,17358.42,12641.58
ORD04716,2024-07-15,C0079,USB-C Hub,Accessories,Black River,West,1,1800,0.1,1019.92,1620.0,1019.92,600.08
ORD04717,2024-05-31,C0169,Mechanical Keyboard,Accessories,Port Louis,North,1,4200,0.0,2707.75,4200.0,2707.75,1492.25
ORD04718,2025-01-25,C0340,Smartphone X,Electronics,Black River,West,2,28000,0.05,21437.4,53200.0,42874.8,10325.2
ORD04719,2025-06-14,C0441,Smartphone X,Electronics,Centre de Flacq,East,1,28000,0.0,20229.07,28000.0,20229.07,7770.93
ORD04720,2025-12-18,C0196,Gaming Mouse,Accessories,Mahebourg,South,1,2200,0.0,1692.11,2200.0,1692.11,507.89
ORD04721,2024-06-28,C0462,USB-C Hub,Accessories,Centre de Flacq,East,2,1800,0.1,1330.25,3240.0,2660.5,579.5
ORD04722,2025-07-31,C0019,Tablet Air,Electronics,Black River,West,1,18000,0.0,11283.61,18000.0,11283.61,6716.39
ORD04723,2025-06-15,C0059,Office Lamp,Office,Flacq,East,1,1800,0.05,1062.42,1710.0,1062.42,647.58
ORD04724,2025-10-05,C0196,Office Chair,Furniture,Flacq,East,1,8500,0.0,6183.83,8500.0,6183.83,2316.17
ORD04725,2024-12-19,C0389,USB-C Hub,Accessories,Mahebourg,South,1,1800,0.1,1257.56,1620.0,1257.56,362.44
ORD04726,2024-11-11,C0432,Printer,Office,Centre de Flacq,East,1,9500,0.05,6179.66,9025.0,6179.66,2845.34
ORD04727,2025-10-11,C0292,Printer,Office,Pamplemousses,North,1,9500,0.05,7077.83,9025.0,7077.83,1947.17
ORD04728,2024-07-07,C0128,Wireless Headphones,Accessories,Centre de Flacq,East,1,6500,0.0,4426.43,6500.0,4426.43,2073.57
ORD04729,2025-03-24,C0347,Smartphone X,Electronics,Port Louis,North,1,28000,0.0,16983.36,28000.0,16983.36,11016.64
ORD04730,2024-01-10,C0369,Monitor 27,Electronics,Flacq,East,1,12000,0.0,7493.62,12000.0,7493.62,4506.38
ORD04731,2025-05-12,C0424,USB-C Hub,Accessories,Flacq,East,1,1800,0.05,1213.56,1710.0,1213.56,496.44
ORD04732,2025-12-27,C0167,Gaming Mouse,Accessories,Port Louis,North,1,2200,0.0,1478.14,2200.0,1478.14,721.86
ORD04733,2025-04-19,C0461,Laptop Pro 14,Electronics,Curepipe,South,4,45000,0.15,30203.72,153000.0,120814.88,32185.12
ORD04734,2025-09-12,C0134,Printer,Office,Pamplemousses,North,2,9500,0.05,5729.13,18050.0,11458.26,6591.74
ORD04735,2025-06-21,C0497,Monitor 27,Electronics,Black River,West,1,12000,0.0,7877.29,12000.0,7877.29,4122.71
ORD04736,2024-02-17,C0162,Smartphone X,Electronics,Pamplemousses,North,2,28000,0.0,17223.91,56000.0,34447.82,21552.18
ORD04737,2025-05-18,C0445,Office Chair,Furniture,Centre de Flacq,East,1,8500,0.0,5426.75,8500.0,5426.75,3073.25
ORD04738,2024-06-07,C0452,Office Lamp,Office,Quatre Bornes,West,4,1800,0.0,1336.25,7200.0,5345.0,1855.0
ORD04739,2024-04-25,C0229,Smartphone X,Electronics,Port Louis,North,1,28000,0.0,20672.09,28000.0,20672.09,7327.91
ORD04740,2024-11-22,C0201,Office Lamp,Office,Pamplemousses,North,2,1800,0.0,1145.57,3600.0,2291.14,1308.86
ORD04741,2024-04-09,C0143,Gaming Mouse,Accessories,Pamplemousses,North,3,2200,0.05,1234.72,6270.0,3704.16,2565.84
ORD04742,2024-04-08,C0114,Mechanical Keyboard,Accessories,Port Louis,North,2,4200,0.0,2384.39,8400.0,4768.78,3631.22
ORD04743,2025-04-13,C0232,Office Chair,Furniture,Black River,West,1,8500,0.0,5690.14,8500.0,5690.14,2809.86
ORD04744,2025-09-08,C0257,USB-C Hub,Accessories,Black River,West,1,1800,0.0,1278.68,1800.0,1278.68,521.32
ORD04745,2025-05-08,C0064,Wireless Headphones,Accessories,Black River,West,2,6500,0.1,4561.66,11700.0,9123.32,2576.68
ORD04746,2024-03-28,C0409,Printer,Office,Pamplemousses,North,3,9500,0.05,5900.66,27075.0,17701.98,9373.02
ORD04747,2024-04-30,C0208,Monitor 27,Electronics,Black River,West,1,12000,0.05,7459.07,11400.0,7459.07,3940.93
ORD04748,2025-01-20,C0396,Mechanical Keyboard,Accessories,Flacq,East,1,4200,0.0,3170.09,4200.0,3170.09,1029.91
ORD04749,2025-11-24,C0282,USB-C Hub,Accessories,Mahebourg,South,1,1800,0.0,1209.42,1800.0,1209.42,590.58
ORD04750,2025-02-01,C0128,Laptop Pro 14,Electronics,Pamplemousses,North,2,45000,0.05,29736.92,85500.0,59473.84,26026.16
ORD04751,2024-03-14,C0458,Office Lamp,Office,Mahebourg,South,2,1800,0.0,1285.3,3600.0,2570.6,1029.4
ORD04752,2024-10-09,C0396,Mechanical Keyboard,Accessories,Pamplemousses,North,1,4200,0.0,3048.63,4200.0,3048.63,1151.37
ORD04753,2025-03-04,C0010,Mechanical Keyboard,Accessories,Quatre Bornes,West,1,4200,0.0,2730.99,4200.0,2730.99,1469.01
ORD04754,2025-07-10,C0126,Laptop Pro 14,Electronics,Pamplemousses,North,1,45000,0.0,34640.25,45000.0,34640.25,10359.75
ORD04755,2025-05-13,C0291,USB-C Hub,Accessories,Pamplemousses,North,1,1800,0.1,1343.7,1620.0,1343.7,276.3
ORD04756,2025-07-23,C0361,Gaming Mouse,Accessories,Centre de Flacq,East,2,2200,0.05,1630.58,4180.0,3261.16,918.84
ORD04757,2024-06-06,C0367,USB-C Hub,Accessories,Mahebourg,South,1,1800,0.1,1329.03,1620.0,1329.03,290.97
ORD04758,2025-02-05,C0422,Tablet Air,Electronics,Port Louis,North,1,18000,0.0,12455.59,18000.0,12455.59,5544.41
ORD04759,2024-09-25,C0391,Gaming Mouse,Accessories,Pamplemousses,North,2,2200,0.0,1639.62,4400.0,3279.24,1120.76
ORD04760,2025-01-06,C0079,Wireless Headphones,Accessories,Port Louis,North,3,6500,0.0,4601.52,19500.0,13804.56,5695.44
ORD04761,2024-09-15,C0041,Tablet Air,Electronics,Quatre Bornes,West,3,18000,0.05,13362.87,51300.0,40088.61,11211.39
ORD04762,2025-01-19,C0065,Tablet Air,Electronics,Centre de Flacq,East,2,18000,0.15,13293.98,30600.0,26587.96,4012.04
ORD04763,2025-07-06,C0320,USB-C Hub,Accessories,Mahebourg,South,1,1800,0.05,1178.37,1710.0,1178.37,531.63
ORD04764,2024-12-29,C0264,Office Chair,Furniture,Mahebourg,South,1,8500,0.1,6159.07,7650.0,6159.07,1490.93
ORD04765,2024-01-27,C0485,Monitor 27,Electronics,Curepipe,South,1,12000,0.05,8124.15,11400.0,8124.15,3275.85
ORD04766,2025-01-05,C0289,Smartphone X,Electronics,Port Louis,North,1,28000,0.1,20134.42,25200.0,20134.42,5065.58
ORD04767,2024-09-14,C0295,Gaming Mouse,Accessories,Mahebourg,South,2,2200,0.05,1324.31,4180.0,2648.62,1531.38
ORD04768,2024-10-02,C0230,Printer,Office,Curepipe,South,1,9500,0.0,5932.15,9500.0,5932.15,3567.85
ORD04769,2024-08-09,C0009,Office Chair,Furniture,Centre de Flacq,East,1,8500,0.0,4855.09,8500.0,4855.09,3644.91
ORD04770,2024-08-14,C0360,Office Chair,Furniture,Pamplemousses,North,3,8500,0.05,5004.73,24225.0,15014.19,9210.81
ORD04771,2025-01-10,C0429,Mechanical Keyboard,Accessories,Black River,West,1,4200,0.15,3213.83,3570.0,3213.83,356.17
ORD04772,2025-09-02,C0028,Wireless Headphones,Accessories,Black River,West,2,6500,0.0,4138.88,13000.0,8277.76,4722.24
ORD04773,2024-05-20,C0109,Wireless Headphones,Accessories,Quatre Bornes,West,1,6500,0.15,4734.28,5525.0,4734.28,790.72
ORD04774,2024-11-15,C0071,Office Chair,Furniture,Quatre Bornes,West,2,8500,0.1,4804.12,15300.0,9608.24,5691.76
ORD04775,2025-01-19,C0060,Tablet Air,Electronics,Port Louis,North,2,18000,0.05,11379.42,34200.0,22758.84,11441.16
ORD04776,2024-11-07,C0429,Office Lamp,Office,Flacq,East,1,1800,0.1,1131.72,1620.0,1131.72,488.28
ORD04777,2024-12-16,C0467,USB-C Hub,Accessories,Curepipe,South,1,1800,0.0,1309.34,1800.0,1309.34,490.66
ORD04778,2024-10-11,C0070,Standing Desk,Furniture,Pamplemousses,North,1,15000,0.0,10134.81,15000.0,10134.81,4865.19
ORD04779,2024-09-16,C0194,Gaming Mouse,Accessories,Quatre Bornes,West,2,2200,0.05,1545.75,4180.0,3091.5,1088.5
ORD04780,2025-05-20,C0180,Wireless Headphones,Accessories,Mahebourg,South,3,6500,0.0,4984.62,19500.0,14953.86,4546.14
ORD04781,2025-11-19,C0002,Mechanical Keyboard,Accessories,Mahebourg,South,1,4200,0.0,3022.38,4200.0,3022.38,1177.62
ORD04782,2025-02-13,C0230,Standing Desk,Furniture,Port Louis,North,1,15000,0.0,9778.51,15000.0,9778.51,5221.49
ORD04783,2024-06-02,C0068,USB-C Hub,Accessories,Mahebourg,South,3,1800,0.0,1234.89,5400.0,3704.67,1695.33
ORD04784,2024-09-07,C0199,Standing Desk,Furniture,Flacq,East,1,15000,0.1,9844.18,13500.0,9844.18,3655.82
ORD04785,2025-03-16,C0122,Mechanical Keyboard,Accessories,Port Louis,North,1,4200,0.0,3029.94,4200.0,3029.94,1170.06
ORD04786,2025-04-09,C0492,Printer,Office,Centre de Flacq,East,2,9500,0.1,6131.21,17100.0,12262.42,4837.58
ORD04787,2025-09-27,C0036,Wireless Headphones,Accessories,Flacq,East,1,6500,0.0,5054.12,6500.0,5054.12,1445.88
ORD04788,2024-01-04,C0495,Standing Desk,Furniture,Quatre Bornes,West,1,15000,0.0,9914.96,15000.0,9914.96,5085.04
ORD04789,2024-01-25,C0432,Mechanical Keyboard,Accessories,Quatre Bornes,West,1,4200,0.05,3116.12,3990.0,3116.12,873.88
ORD04790,2025-01-14,C0291,Standing Desk,Furniture,Centre de Flacq,East,2,15000,0.0,9829.89,30000.0,19659.78,10340.22
ORD04791,2025-12-15,C0478,Office Chair,Furniture,Black River,West,1,8500,0.0,6574.47,8500.0,6574.47,1925.53
ORD04792,2024-07-12,C0078,Smartphone X,Electronics,Port Louis,North,1,28000,0.0,18697.37,28000.0,18697.37,9302.63
ORD04793,2025-12-22,C0340,Standing Desk,Furniture,Mahebourg,South,2,15000,0.05,11594.69,28500.0,23189.38,5310.62
ORD04794,2025-04-06,C0007,Laptop Pro 14,Electronics,Pamplemousses,North,2,45000,0.05,31498.03,85500.0,62996.06,22503.94
ORD04795,2024-09-29,C0498,Mechanical Keyboard,Accessories,Pamplemousses,North,1,4200,0.05,2520.86,3990.0,2520.86,1469.14
ORD04796,2024-02-25,C0451,USB-C Hub,Accessories,Mahebourg,South,1,1800,0.0,1223.52,1800.0,1223.52,576.48
ORD04797,2024-02-17,C0461,USB-C Hub,Accessories,Port Louis,North,1,1800,0.0,1279.84,1800.0,1279.84,520.16
ORD04798,2025-10-31,C0058,Printer,Office,Port Louis,North,1,9500,0.0,7041.38,9500.0,7041.38,2458.62
ORD04799,2025-05-10,C0201,Laptop Pro 14,Electronics,Curepipe,South,1,45000,0.0,34176.05,45000.0,34176.05,10823.95
ORD04800,2025-05-13,C0314,Tablet Air,Electronics,Black River,West,1,18000,0.15,12043.09,15300.0,12043.09,3256.91
ORD04801,2025-03-06,C0203,Office Chair,Furniture,Curepipe,South,1,8500,0.15,5492.03,7225.0,5492.03,1732.97
ORD04802,2024-06-10,C0240,Smartphone X,Electronics,Black River,West,1,28000,0.0,20220.57,28000.0,20220.57,7779.43
ORD04803,2024-07-24,C0222,Printer,Office,Mahebourg,South,1,9500,0.05,5821.53,9025.0,5821.53,3203.47
ORD04804,2025-08-28,C0138,Laptop Pro 14,Electronics,Mahebourg,South,1,45000,0.0,33634.42,45000.0,33634.42,11365.58
ORD04805,2024-07-28,C0304,USB-C Hub,Accessories,Black River,West,2,1800,0.0,1309.97,3600.0,2619.94,980.06
ORD04806,2024-04-18,C0032,Standing Desk,Furniture,Quatre Bornes,West,1,15000,0.05,9101.21,14250.0,9101.21,5148.79
ORD04807,2024-11-25,C0337,Tablet Air,Electronics,Quatre Bornes,West,1,18000,0.0,12070.55,18000.0,12070.55,5929.45
ORD04808,2024-04-17,C0322,Monitor 27,Electronics,Centre de Flacq,East,1,12000,0.05,7062.68,11400.0,7062.68,4337.32
ORD04809,2024-12-13,C0259,Tablet Air,Electronics,Port Louis,North,1,18000,0.05,12648.73,17100.0,12648.73,4451.27
ORD04810,2025-06-14,C0162,Smartphone X,Electronics,Curepipe,South,1,28000,0.0,20651.25,28000.0,20651.25,7348.75
ORD04811,2024-08-03,C0422,Standing Desk,Furniture,Pamplemousses,North,3,15000,0.0,8627.24,45000.0,25881.72,19118.28
ORD04812,2025-09-28,C0246,Monitor 27,Electronics,Mahebourg,South,1,12000,0.0,8021.03,12000.0,8021.03,3978.97
ORD04813,2025-11-07,C0095,Standing Desk,Furniture,Pamplemousses,North,1,15000,0.0,10443.31,15000.0,10443.31,4556.69
ORD04814,2025-12-12,C0336,Smartphone X,Electronics,Quatre Bornes,West,2,28000,0.1,17906.84,50400.0,35813.68,14586.32
ORD04815,2025-03-24,C0439,Mechanical Keyboard,Accessories,Port Louis,North,1,4200,0.05,2665.83,3990.0,2665.83,1324.17
ORD04816,2025-04-03,C0149,Gaming Mouse,Accessories,Curepipe,South,1,2200,0.05,1656.77,2090.0,1656.77,433.23
ORD04817,2025-05-07,C0020,Printer,Office,Port Louis,North,1,9500,0.1,5485.41,8550.0,5485.41,3064.59
ORD04818,2024-03-21,C0096,USB-C Hub,Accessories,Flacq,East,3,1800,0.05,1339.64,5130.0,4018.92,1111.08
ORD04819,2025-06-26,C0169,Laptop Pro 14,Electronics,Pamplemousses,North,1,45000,0.0,32878.17,45000.0,32878.17,12121.83
ORD04820,2025-12-07,C0002,Mechanical Keyboard,Accessories,Port Louis,North,1,4200,0.1,2640.44,3780.0,2640.44,1139.56
ORD04821,2024-11-04,C0056,Office Lamp,Office,Pamplemousses,North,1,1800,0.05,1364.53,1710.0,1364.53,345.47
ORD04822,2024-04-30,C0414,Office Chair,Furniture,Pamplemousses,North,1,8500,0.05,6092.52,8075.0,6092.52,1982.48
ORD04823,2024-08-11,C0333,Printer,Office,Pamplemousses,North,2,9500,0.0,6670.52,19000.0,13341.04,5658.96
ORD04824,2025-11-05,C0075,Smartphone X,Electronics,Mahebourg,South,3,28000,0.0,19014.46,84000.0,57043.38,26956.62
ORD04825,2024-09-16,C0063,Office Lamp,Office,Port Louis,North,1,1800,0.1,1118.85,1620.0,1118.85,501.15
ORD04826,2024-04-09,C0252,Office Lamp,Office,Flacq,East,1,1800,0.0,1289.98,1800.0,1289.98,510.02
ORD04827,2024-02-11,C0347,Office Lamp,Office,Port Louis,North,1,1800,0.05,1241.5,1710.0,1241.5,468.5
ORD04828,2024-09-20,C0234,Tablet Air,Electronics,Pamplemousses,North,1,18000,0.0,11977.56,18000.0,11977.56,6022.44
ORD04829,2024-01-22,C0499,Office Chair,Furniture,Mahebourg,South,1,8500,0.0,5179.05,8500.0,5179.05,3320.95
ORD04830,2024-10-17,C0070,Office Chair,Furniture,Pamplemousses,North,2,8500,0.0,6143.06,17000.0,12286.12,4713.88
ORD04831,2024-03-06,C0397,Mechanical Keyboard,Accessories,Port Louis,North,1,4200,0.0,2801.32,4200.0,2801.32,1398.68
ORD04832,2024-12-02,C0179,Office Chair,Furniture,Quatre Bornes,West,1,8500,0.15,5743.91,7225.0,5743.91,1481.09
ORD04833,2025-07-01,C0382,Office Lamp,Office,Pamplemousses,North,2,1800,0.0,1037.11,3600.0,2074.22,1525.78
ORD04834,2025-01-31,C0410,Gaming Mouse,Accessories,Black River,West,1,2200,0.0,1420.5,2200.0,1420.5,779.5
ORD04835,2024-04-20,C0252,Smartphone X,Electronics,Port Louis,North,2,28000,0.1,17903.92,50400.0,35807.84,14592.16
ORD04836,2024-08-22,C0141,Laptop Pro 14,Electronics,Mahebourg,South,1,45000,0.05,25796.37,42750.0,25796.37,16953.63
ORD04837,2024-05-04,C0351,Mechanical Keyboard,Accessories,Pamplemousses,North,1,4200,0.05,2842.82,3990.0,2842.82,1147.18
ORD04838,2025-05-29,C0384,Laptop Pro 14,Electronics,Centre de Flacq,East,1,45000,0.15,30860.64,38250.0,30860.64,7389.36
ORD04839,2024-07-06,C0360,Laptop Pro 14,Electronics,Mahebourg,South,2,45000,0.05,35076.64,85500.0,70153.28,15346.72
ORD04840,2025-01-22,C0415,Monitor 27,Electronics,Mahebourg,South,1,12000,0.15,6689.12,10200.0,6689.12,3510.88
ORD04841,2024-04-29,C0460,Gaming Mouse,Accessories,Mahebourg,South,2,2200,0.0,1340.4,4400.0,2680.8,1719.2
ORD04842,2024-04-19,C0320,Printer,Office,Pamplemousses,North,1,9500,0.15,6066.73,8075.0,6066.73,2008.27
ORD04843,2025-04-19,C0468,Office Chair,Furniture,Centre de Flacq,East,1,8500,0.0,5763.99,8500.0,5763.99,2736.01
ORD04844,2024-06-12,C0309,Mechanical Keyboard,Accessories,Curepipe,South,1,4200,0.05,2960.54,3990.0,2960.54,1029.46
ORD04845,2025-06-23,C0023,Monitor 27,Electronics,Black River,West,2,12000,0.0,6902.99,24000.0,13805.98,10194.02
ORD04846,2024-08-15,C0356,Smartphone X,Electronics,Pamplemousses,North,1,28000,0.0,20393.69,28000.0,20393.69,7606.31
ORD04847,2024-06-06,C0260,Monitor 27,Electronics,Black River,West,2,12000,0.0,6995.84,24000.0,13991.68,10008.32
ORD04848,2025-03-08,C0475,Tablet Air,Electronics,Black River,West,1,18000,0.0,10175.47,18000.0,10175.47,7824.53
ORD04849,2025-06-07,C0410,Laptop Pro 14,Electronics,Quatre Bornes,West,1,45000,0.05,29283.82,42750.0,29283.82,13466.18
ORD04850,2024-01-10,C0398,Office Lamp,Office,Mahebourg,South,2,1800,0.1,1301.84,3240.0,2603.68,636.32
ORD04851,2024-02-21,C0440,Mechanical Keyboard,Accessories,Pamplemousses,North,1,4200,0.0,3124.27,4200.0,3124.27,1075.73
ORD04852,2024-04-19,C0207,Monitor 27,Electronics,Quatre Bornes,West,1,12000,0.0,9093.02,12000.0,9093.02,2906.98
ORD04853,2025-11-14,C0017,USB-C Hub,Accessories,Pamplemousses,North,1,1800,0.0,1249.38,1800.0,1249.38,550.62
ORD04854,2025-01-02,C0349,Standing Desk,Furniture,Mahebourg,South,2,15000,0.0,9477.99,30000.0,18955.98,11044.02
ORD04855,2025-08-09,C0229,Printer,Office,Black River,West,1,9500,0.0,6483.51,9500.0,6483.51,3016.49
ORD04856,2025-11-24,C0378,Smartphone X,Electronics,Flacq,East,1,28000,0.05,16152.11,26600.0,16152.11,10447.89
ORD04857,2025-06-09,C0189,Office Lamp,Office,Centre de Flacq,East,2,1800,0.05,1275.56,3420.0,2551.12,868.88
ORD04858,2025-06-12,C0493,Office Chair,Furniture,Mahebourg,South,3,8500,0.0,5171.74,25500.0,15515.22,9984.78
ORD04859,2024-12-11,C0331,Wireless Headphones,Accessories,Pamplemousses,North,1,6500,0.0,3691.84,6500.0,3691.84,2808.16
ORD04860,2024-06-24,C0085,Office Chair,Furniture,Black River,West,2,8500,0.0,5750.49,17000.0,11500.98,5499.02
ORD04861,2025-03-02,C0219,Gaming Mouse,Accessories,Pamplemousses,North,2,2200,0.0,1538.37,4400.0,3076.74,1323.26
ORD04862,2025-02-28,C0373,Tablet Air,Electronics,Mahebourg,South,2,18000,0.05,12900.65,34200.0,25801.3,8398.7
ORD04863,2024-01-08,C0031,Tablet Air,Electronics,Curepipe,South,1,18000,0.0,10735.94,18000.0,10735.94,7264.06
ORD04864,2025-01-12,C0011,USB-C Hub,Accessories,Flacq,East,1,1800,0.05,1247.85,1710.0,1247.85,462.15
ORD04865,2024-01-23,C0274,Laptop Pro 14,Electronics,Curepipe,South,2,45000,0.05,25412.93,85500.0,50825.86,34674.14
ORD04866,2025-08-28,C0043,Smartphone X,Electronics,Pamplemousses,North,1,28000,0.05,15901.18,26600.0,15901.18,10698.82
ORD04867,2024-09-26,C0162,USB-C Hub,Accessories,Black River,West,3,1800,0.05,1374.43,5130.0,4123.29,1006.71
ORD04868,2024-09-02,C0020,Smartphone X,Electronics,Mahebourg,South,2,28000,0.0,20948.89,56000.0,41897.78,14102.22
ORD04869,2025-02-26,C0023,Mechanical Keyboard,Accessories,Centre de Flacq,East,2,4200,0.0,3087.85,8400.0,6175.7,2224.3
ORD04870,2025-10-19,C0011,Wireless Headphones,Accessories,Port Louis,North,2,6500,0.15,4119.88,11050.0,8239.76,2810.24
ORD04871,2025-12-22,C0198,Printer,Office,Pamplemousses,North,3,9500,0.0,7324.01,28500.0,21972.03,6527.97
ORD04872,2025-03-25,C0241,Office Lamp,Office,Quatre Bornes,West,2,1800,0.0,1365.5,3600.0,2731.0,869.0
ORD04873,2024-02-10,C0342,Printer,Office,Centre de Flacq,East,1,9500,0.1,5614.55,8550.0,5614.55,2935.45
ORD04874,2025-05-23,C0498,Smartphone X,Electronics,Pamplemousses,North,4,28000,0.0,16089.56,112000.0,64358.24,47641.76
ORD04875,2024-11-27,C0177,Office Lamp,Office,Port Louis,North,1,1800,0.0,997.57,1800.0,997.57,802.43
ORD04876,2025-04-17,C0058,Office Lamp,Office,Port Louis,North,1,1800,0.0,1257.71,1800.0,1257.71,542.29
ORD04877,2024-09-29,C0126,Monitor 27,Electronics,Pamplemousses,North,2,12000,0.0,7635.41,24000.0,15270.82,8729.18
ORD04878,2024-05-19,C0163,Smartphone X,Electronics,Pamplemousses,North,1,28000,0.0,16568.01,28000.0,16568.01,11431.99
ORD04879,2025-12-28,C0106,USB-C Hub,Accessories,Flacq,East,2,1800,0.1,1350.13,3240.0,2700.26,539.74
ORD04880,2025-05-27,C0146,Mechanical Keyboard,Accessories,Black River,West,4,4200,0.05,2450.07,15960.0,9800.28,6159.72
ORD04881,2024-04-01,C0473,Office Lamp,Office,Curepipe,South,1,1800,0.05,1321.16,1710.0,1321.16,388.84
ORD04882,2024-02-26,C0207,Mechanical Keyboard,Accessories,Black River,West,3,4200,0.0,2379.81,12600.0,7139.43,5460.57
ORD04883,2024-09-23,C0133,Laptop Pro 14,Electronics,Quatre Bornes,West,1,45000,0.05,24962.11,42750.0,24962.11,17787.89
ORD04884,2025-01-13,C0300,Laptop Pro 14,Electronics,Centre de Flacq,East,1,45000,0.0,28991.69,45000.0,28991.69,16008.31
ORD04885,2025-05-03,C0081,USB-C Hub,Accessories,Pamplemousses,North,1,1800,0.0,1364.51,1800.0,1364.51,435.49
ORD04886,2024-01-30,C0233,Printer,Office,Port Louis,North,4,9500,0.0,6069.94,38000.0,24279.76,13720.24
ORD04887,2024-04-01,C0348,Office Chair,Furniture,Pamplemousses,North,2,8500,0.05,4925.44,16150.0,9850.88,6299.12
ORD04888,2025-11-26,C0157,Wireless Headphones,Accessories,Curepipe,South,1,6500,0.1,3919.9,5850.0,3919.9,1930.1
ORD04889,2025-07-24,C0184,Tablet Air,Electronics,Pamplemousses,North,1,18000,0.0,10596.48,18000.0,10596.48,7403.52
ORD04890,2025-02-12,C0338,Office Chair,Furniture,Mahebourg,South,1,8500,0.0,5325.56,8500.0,5325.56,3174.44
ORD04891,2024-11-17,C0422,Gaming Mouse,Accessories,Centre de Flacq,East,1,2200,0.1,1352.1,1980.0,1352.1,627.9
ORD04892,2025-04-20,C0191,Standing Desk,Furniture,Mahebourg,South,1,15000,0.0,10141.13,15000.0,10141.13,4858.87
ORD04893,2024-03-19,C0413,Mechanical Keyboard,Accessories,Curepipe,South,1,4200,0.05,2965.1,3990.0,2965.1,1024.9
ORD04894,2024-09-17,C0483,Office Lamp,Office,Quatre Bornes,West,1,1800,0.05,1281.8,1710.0,1281.8,428.2
ORD04895,2024-02-26,C0216,Smartphone X,Electronics,Pamplemousses,North,2,28000,0.0,15726.15,56000.0,31452.3,24547.7
ORD04896,2025-12-29,C0041,Smartphone X,Electronics,Port Louis,North,1,28000,0.0,16051.82,28000.0,16051.82,11948.18
ORD04897,2025-12-23,C0070,Office Chair,Furniture,Curepipe,South,2,8500,0.05,6232.09,16150.0,12464.18,3685.82
ORD04898,2025-08-10,C0294,Monitor 27,Electronics,Pamplemousses,North,2,12000,0.0,7904.52,24000.0,15809.04,8190.96
ORD04899,2024-12-13,C0409,Monitor 27,Electronics,Port Louis,North,1,12000,0.0,8428.49,12000.0,8428.49,3571.51
ORD04900,2025-07-15,C0068,Gaming Mouse,Accessories,Pamplemousses,North,1,2200,0.0,1422.86,2200.0,1422.86,777.14
ORD04901,2024-06-18,C0093,Printer,Office,Black River,West,1,9500,0.0,6516.4,9500.0,6516.4,2983.6
ORD04902,2025-10-03,C0340,Wireless Headphones,Accessories,Flacq,East,1,6500,0.0,4751.36,6500.0,4751.36,1748.64
ORD04903,2025-05-27,C0311,Office Chair,Furniture,Port Louis,North,3,8500,0.0,6445.41,25500.0,19336.23,6163.77
ORD04904,2025-01-19,C0247,Office Chair,Furniture,Pamplemousses,North,1,8500,0.0,4941.61,8500.0,4941.61,3558.39
ORD04905,2025-10-07,C0352,Laptop Pro 14,Electronics,Port Louis,North,1,45000,0.0,31972.82,45000.0,31972.82,13027.18
ORD04906,2024-06-02,C0142,Tablet Air,Electronics,Black River,West,1,18000,0.05,10846.84,17100.0,10846.84,6253.16
ORD04907,2025-04-10,C0084,Office Chair,Furniture,Mahebourg,South,2,8500,0.0,6558.21,17000.0,13116.42,3883.58
ORD04908,2025-05-22,C0168,Mechanical Keyboard,Accessories,Centre de Flacq,East,1,4200,0.0,3132.5,4200.0,3132.5,1067.5
ORD04909,2025-07-31,C0057,Mechanical Keyboard,Accessories,Port Louis,North,1,4200,0.1,2350.92,3780.0,2350.92,1429.08
ORD04910,2025-11-13,C0102,Tablet Air,Electronics,Flacq,East,1,18000,0.15,11390.48,15300.0,11390.48,3909.52
ORD04911,2025-05-16,C0222,Standing Desk,Furniture,Mahebourg,South,2,15000,0.15,9802.25,25500.0,19604.5,5895.5
ORD04912,2024-10-12,C0315,Laptop Pro 14,Electronics,Black River,West,2,45000,0.0,25748.39,90000.0,51496.78,38503.22
ORD04913,2024-10-06,C0204,Office Lamp,Office,Quatre Bornes,West,1,1800,0.1,1333.12,1620.0,1333.12,286.88
ORD04914,2024-07-08,C0257,Wireless Headphones,Accessories,Flacq,East,2,6500,0.15,3967.43,11050.0,7934.86,3115.14
ORD04915,2024-02-22,C0429,Tablet Air,Electronics,Curepipe,South,2,18000,0.0,10199.69,36000.0,20399.38,15600.62
ORD04916,2025-01-31,C0061,Monitor 27,Electronics,Curepipe,South,2,12000,0.0,9017.82,24000.0,18035.64,5964.36
ORD04917,2024-03-22,C0353,Office Lamp,Office,Quatre Bornes,West,1,1800,0.0,1010.91,1800.0,1010.91,789.09
ORD04918,2024-03-31,C0325,Gaming Mouse,Accessories,Curepipe,South,2,2200,0.0,1541.26,4400.0,3082.52,1317.48
ORD04919,2024-04-19,C0459,Tablet Air,Electronics,Black River,West,1,18000,0.0,11752.88,18000.0,11752.88,6247.12
ORD04920,2025-01-16,C0394,Laptop Pro 14,Electronics,Black River,West,2,45000,0.1,34314.81,81000.0,68629.62,12370.38
ORD04921,2024-11-28,C0340,Gaming Mouse,Accessories,Flacq,East,2,2200,0.0,1480.73,4400.0,2961.46,1438.54
ORD04922,2025-10-06,C0248,Laptop Pro 14,Electronics,Mahebourg,South,1,45000,0.0,26850.14,45000.0,26850.14,18149.86
ORD04923,2024-04-13,C0261,Tablet Air,Electronics,Pamplemousses,North,1,18000,0.05,12694.04,17100.0,12694.04,4405.96
ORD04924,2024-09-10,C0075,Wireless Headphones,Accessories,Black River,West,1,6500,0.05,3943.79,6175.0,3943.79,2231.21
ORD04925,2025-08-19,C0426,Standing Desk,Furniture,Quatre Bornes,West,3,15000,0.05,10750.1,42750.0,32250.3,10499.7
ORD04926,2025-10-14,C0056,Smartphone X,Electronics,Pamplemousses,North,1,28000,0.15,17119.23,23800.0,17119.23,6680.77
ORD04927,2025-06-24,C0100,Wireless Headphones,Accessories,Centre de Flacq,East,1,6500,0.0,4787.51,6500.0,4787.51,1712.49
ORD04928,2025-08-17,C0346,Monitor 27,Electronics,Port Louis,North,2,12000,0.1,8401.27,21600.0,16802.54,4797.46
ORD04929,2024-06-28,C0028,Office Chair,Furniture,Curepipe,South,2,8500,0.15,4776.48,14450.0,9552.96,4897.04
ORD04930,2025-04-04,C0145,Laptop Pro 14,Electronics,Centre de Flacq,East,1,45000,0.05,29648.56,42750.0,29648.56,13101.44
ORD04931,2025-08-13,C0064,Tablet Air,Electronics,Black River,West,1,18000,0.05,12820.8,17100.0,12820.8,4279.2
ORD04932,2025-07-01,C0086,USB-C Hub,Accessories,Flacq,East,2,1800,0.1,1358.23,3240.0,2716.46,523.54
ORD04933,2025-08-07,C0182,Smartphone X,Electronics,Centre de Flacq,East,1,28000,0.05,18802.0,26600.0,18802.0,7798.0
ORD04934,2025-05-20,C0251,Smartphone X,Electronics,Quatre Bornes,West,1,28000,0.0,15525.67,28000.0,15525.67,12474.33
ORD04935,2024-03-01,C0139,Office Chair,Furniture,Flacq,East,1,8500,0.0,5616.14,8500.0,5616.14,2883.86
ORD04936,2025-08-22,C0409,Wireless Headphones,Accessories,Port Louis,North,1,6500,0.05,4151.93,6175.0,4151.93,2023.07
ORD04937,2025-10-16,C0357,Gaming Mouse,Accessories,Centre de Flacq,East,1,2200,0.0,1344.89,2200.0,1344.89,855.11
ORD04938,2024-07-21,C0292,Monitor 27,Electronics,Port Louis,North,3,12000,0.0,7287.96,36000.0,21863.88,14136.12
ORD04939,2024-06-04,C0258,USB-C Hub,Accessories,Black River,West,2,1800,0.0,1386.02,3600.0,2772.04,827.96
ORD04940,2025-08-07,C0037,Office Lamp,Office,Black River,West,3,1800,0.0,1209.45,5400.0,3628.35,1771.65
ORD04941,2025-09-13,C0258,Laptop Pro 14,Electronics,Centre de Flacq,East,1,45000,0.0,30124.96,45000.0,30124.96,14875.04
ORD04942,2024-02-08,C0478,Office Chair,Furniture,Pamplemousses,North,2,8500,0.1,6143.11,15300.0,12286.22,3013.78
ORD04943,2024-10-07,C0009,Tablet Air,Electronics,Quatre Bornes,West,2,18000,0.0,10889.58,36000.0,21779.16,14220.84
ORD04944,2024-01-28,C0429,Mechanical Keyboard,Accessories,Centre de Flacq,East,1,4200,0.05,3157.57,3990.0,3157.57,832.43
ORD04945,2025-09-29,C0218,Tablet Air,Electronics,Curepipe,South,1,18000,0.0,12658.05,18000.0,12658.05,5341.95
ORD04946,2025-10-09,C0311,Laptop Pro 14,Electronics,Quatre Bornes,West,1,45000,0.0,26881.63,45000.0,26881.63,18118.37
ORD04947,2025-08-01,C0487,Laptop Pro 14,Electronics,Port Louis,North,4,45000,0.0,31445.37,180000.0,125781.48,54218.52
ORD04948,2024-04-22,C0067,Wireless Headphones,Accessories,Mahebourg,South,1,6500,0.0,4539.3,6500.0,4539.3,1960.7
ORD04949,2024-05-01,C0298,Office Chair,Furniture,Black River,West,3,8500,0.1,6610.65,22950.0,19831.95,3118.05
ORD04950,2025-04-30,C0177,Laptop Pro 14,Electronics,Pamplemousses,North,1,45000,0.1,28026.87,40500.0,28026.87,12473.13
ORD04951,2025-08-10,C0382,Smartphone X,Electronics,Black River,West,1,28000,0.0,19912.65,28000.0,19912.65,8087.35
ORD04952,2025-01-23,C0223,Gaming Mouse,Accessories,Flacq,East,1,2200,0.05,1531.88,2090.0,1531.88,558.12
ORD04953,2024-06-29,C0278,Mechanical Keyboard,Accessories,Port Louis,North,1,4200,0.0,2423.65,4200.0,2423.65,1776.35
ORD04954,2024-11-08,C0192,Office Lamp,Office,Pamplemousses,North,2,1800,0.0,1319.09,3600.0,2638.18,961.82
ORD04955,2024-11-28,C0253,Tablet Air,Electronics,Port Louis,North,1,18000,0.0,11446.47,18000.0,11446.47,6553.53
ORD04956,2025-08-13,C0007,Wireless Headphones,Accessories,Mahebourg,South,1,6500,0.15,4781.99,5525.0,4781.99,743.01
ORD04957,2025-06-17,C0153,Printer,Office,Centre de Flacq,East,1,9500,0.05,5740.6,9025.0,5740.6,3284.4
ORD04958,2024-03-13,C0471,Office Lamp,Office,Pamplemousses,North,1,1800,0.15,1093.43,1530.0,1093.43,436.57
ORD04959,2024-07-25,C0455,Printer,Office,Mahebourg,South,2,9500,0.05,6135.76,18050.0,12271.52,5778.48
ORD04960,2025-10-23,C0479,Mechanical Keyboard,Accessories,Curepipe,South,1,4200,0.0,2638.19,4200.0,2638.19,1561.81
ORD04961,2024-02-12,C0402,Mechanical Keyboard,Accessories,Quatre Bornes,West,1,4200,0.0,2716.75,4200.0,2716.75,1483.25
ORD04962,2025-08-24,C0184,Monitor 27,Electronics,Flacq,East,3,12000,0.05,8296.11,34200.0,24888.33,9311.67
ORD04963,2025-09-22,C0094,Wireless Headphones,Accessories,Flacq,East,2,6500,0.0,4962.9,13000.0,9925.8,3074.2
ORD04964,2024-09-10,C0209,Gaming Mouse,Accessories,Port Louis,North,1,2200,0.1,1693.44,1980.0,1693.44,286.56
ORD04965,2025-08-30,C0467,Printer,Office,Centre de Flacq,East,1,9500,0.0,6282.31,9500.0,6282.31,3217.69
ORD04966,2025-01-09,C0265,Office Chair,Furniture,Curepipe,South,2,8500,0.0,5047.12,17000.0,10094.24,6905.76
ORD04967,2025-05-21,C0291,Standing Desk,Furniture,Black River,West,2,15000,0.0,8721.97,30000.0,17443.94,12556.06
ORD04968,2025-07-28,C0415,Office Lamp,Office,Quatre Bornes,West,1,1800,0.0,1327.05,1800.0,1327.05,472.95
ORD04969,2024-04-19,C0018,Office Lamp,Office,Pamplemousses,North,1,1800,0.0,1205.99,1800.0,1205.99,594.01
ORD04970,2025-02-11,C0247,Monitor 27,Electronics,Curepipe,South,2,12000,0.0,8284.35,24000.0,16568.7,7431.3
ORD04971,2025-01-24,C0319,Monitor 27,Electronics,Flacq,East,2,12000,0.0,8333.97,24000.0,16667.94,7332.06
ORD04972,2024-12-16,C0465,Monitor 27,Electronics,Quatre Bornes,West,1,12000,0.0,8431.15,12000.0,8431.15,3568.85
ORD04973,2025-03-19,C0179,Laptop Pro 14,Electronics,Flacq,East,2,45000,0.0,30377.4,90000.0,60754.8,29245.2
ORD04974,2025-01-27,C0381,Tablet Air,Electronics,Flacq,East,4,18000,0.0,12872.81,72000.0,51491.24,20508.76
ORD04975,2025-08-07,C0245,Laptop Pro 14,Electronics,Port Louis,North,1,45000,0.1,33784.64,40500.0,33784.64,6715.36
ORD04976,2025-06-26,C0422,Monitor 27,Electronics,Pamplemousses,North,1,12000,0.0,7724.31,12000.0,7724.31,4275.69
ORD04977,2025-07-11,C0249,Gaming Mouse,Accessories,Curepipe,South,1,2200,0.1,1370.74,1980.0,1370.74,609.26
ORD04978,2024-01-02,C0249,USB-C Hub,Accessories,Pamplemousses,North,3,1800,0.05,1367.07,5130.0,4101.21,1028.79
ORD04979,2025-02-01,C0264,Tablet Air,Electronics,Quatre Bornes,West,1,18000,0.0,13309.12,18000.0,13309.12,4690.88
ORD04980,2024-10-05,C0015,Smartphone X,Electronics,Flacq,East,1,28000,0.05,17440.86,26600.0,17440.86,9159.14
ORD04981,2024-04-02,C0476,Office Chair,Furniture,Curepipe,South,2,8500,0.0,5271.92,17000.0,10543.84,6456.16
ORD04982,2025-11-02,C0427,Wireless Headphones,Accessories,Curepipe,South,2,6500,0.0,4165.9,13000.0,8331.8,4668.2
ORD04983,2024-07-27,C0106,Monitor 27,Electronics,Curepipe,South,2,12000,0.0,6668.88,24000.0,13337.76,10662.24
ORD04984,2025-12-24,C0263,Gaming Mouse,Accessories,Port Louis,North,1,2200,0.0,1631.64,2200.0,1631.64,568.36
ORD04985,2025-11-12,C0415,Mechanical Keyboard,Accessories,Mahebourg,South,1,4200,0.0,2767.62,4200.0,2767.62,1432.38
ORD04986,2024-09-15,C0329,Monitor 27,Electronics,Curepipe,South,1,12000,0.0,7235.14,12000.0,7235.14,4764.86
ORD04987,2024-07-11,C0116,Laptop Pro 14,Electronics,Black River,West,1,45000,0.0,27957.91,45000.0,27957.91,17042.09
ORD04988,2024-10-19,C0210,USB-C Hub,Accessories,Quatre Bornes,West,1,1800,0.05,998.29,1710.0,998.29,711.71
ORD04989,2025-06-22,C0228,Office Lamp,Office,Mahebourg,South,1,1800,0.0,1180.92,1800.0,1180.92,619.08
ORD04990,2024-08-20,C0449,Tablet Air,Electronics,Mahebourg,South,1,18000,0.05,11704.09,17100.0,11704.09,5395.91
ORD04991,2024-02-28,C0216,Office Chair,Furniture,Black River,West,3,8500,0.1,6095.76,22950.0,18287.28,4662.72
ORD04992,2025-03-12,C0398,USB-C Hub,Accessories,Centre de Flacq,East,3,1800,0.0,1066.93,5400.0,3200.79,2199.21
ORD04993,2025-05-21,C0191,Standing Desk,Furniture,Mahebourg,South,1,15000,0.05,8976.65,14250.0,8976.65,5273.35
ORD04994,2025-02-07,C0177,Tablet Air,Electronics,Black River,West,1,18000,0.05,11886.86,17100.0,11886.86,5213.14
ORD04995,2024-07-24,C0188,Gaming Mouse,Accessories,Quatre Bornes,West,1,2200,0.0,1511.71,2200.0,1511.71,688.29
ORD04996,2025-05-15,C0097,Standing Desk,Furniture,Black River,West,2,15000,0.0,8555.4,30000.0,17110.8,12889.2
ORD04997,2025-07-29,C0055,Mechanical Keyboard,Accessories,Curepipe,South,2,4200,0.1,2908.48,7560.0,5816.96,1743.04
ORD04998,2024-04-30,C0061,Office Lamp,Office,Curepipe,South,1,1800,0.05,1106.77,1710.0,1106.77,603.23
ORD04999,2025-12-26,C0406,Standing Desk,Furniture,Flacq,East,1,15000,0.05,10120.79,14250.0,10120.79,4129.21
ORD05000,2024-11-03,C0413,Printer,Office,Mahebourg,South,1,9500,0.0,6304.02,9500.0,6304.02,3195.98
ORD05001,2024-05-02,C0004,Laptop Pro 14,Electronics,Centre de Flacq,East,2,45000,0.1,32550.24,81000.0,65100.48,15899.52
ORD05002,2025-11-16,C0240,Office Lamp,Office,Black River,West,2,1800,0.1,1358.68,3240.0,2717.36,522.64
ORD05003,2024-03-04,C0454,Wireless Headphones,Accessories,Quatre Bornes,West,2,6500,0.1,4618.85,11700.0,9237.7,2462.3
ORD05004,2025-10-05,C0068,Smartphone X,Electronics,Quatre Bornes,West,4,28000,0.1,18269.58,100800.0,73078.32,27721.68
ORD05005,2024-11-10,C0407,Tablet Air,Electronics,Curepipe,South,2,18000,0.15,13300.43,30600.0,26600.86,3999.14
ORD05006,2024-10-14,C0334,Mechanical Keyboard,Accessories,Curepipe,South,1,4200,0.05,2641.35,3990.0,2641.35,1348.65
ORD05007,2024-11-23,C0119,Office Chair,Furniture,Centre de Flacq,East,2,8500,0.0,5155.06,17000.0,10310.12,6689.88
ORD05008,2024-02-26,C0059,Wireless Headphones,Accessories,Mahebourg,South,1,6500,0.0,5029.91,6500.0,5029.91,1470.09
ORD05009,2024-10-01,C0098,Smartphone X,Electronics,Port Louis,North,2,28000,0.0,19539.34,56000.0,39078.68,16921.32
ORD05010,2024-12-14,C0325,Office Lamp,Office,Black River,West,1,1800,0.05,1252.28,1710.0,1252.28,457.72
ORD05011,2024-04-25,C0398,Smartphone X,Electronics,Quatre Bornes,West,2,28000,0.0,18430.55,56000.0,36861.1,19138.9
ORD05012,2024-04-11,C0436,Gaming Mouse,Accessories,Port Louis,North,2,2200,0.0,1669.47,4400.0,3338.94,1061.06
ORD05013,2024-07-08,C0416,Printer,Office,Mahebourg,South,1,9500,0.15,5903.8,8075.0,5903.8,2171.2
ORD05014,2025-12-28,C0147,Wireless Headphones,Accessories,Curepipe,South,2,6500,0.05,4190.64,12350.0,8381.28,3968.72
ORD05015,2024-04-27,C0004,Laptop Pro 14,Electronics,Quatre Bornes,West,2,45000,0.05,33550.05,85500.0,67100.1,18399.9
ORD05016,2024-01-03,C0051,Office Chair,Furniture,Flacq,East,1,8500,0.0,4749.65,8500.0,4749.65,3750.35
ORD05017,2025-04-14,C0433,Printer,Office,Centre de Flacq,East,1,9500,0.0,7058.21,9500.0,7058.21,2441.79
ORD05018,2025-01-06,C0422,Office Lamp,Office,Port Louis,North,1,1800,0.0,1345.96,1800.0,1345.96,454.04
ORD05019,2025-05-29,C0419,Monitor 27,Electronics,Mahebourg,South,1,12000,0.0,8846.48,12000.0,8846.48,3153.52
ORD05020,2025-04-04,C0014,Printer,Office,Mahebourg,South,1,9500,0.05,5640.6,9025.0,5640.6,3384.4
ORD05021,2024-01-29,C0144,Tablet Air,Electronics,Curepipe,South,1,18000,0.05,13292.6,17100.0,13292.6,3807.4
ORD05022,2024-05-20,C0470,Standing Desk,Furniture,Centre de Flacq,East,3,15000,0.05,10447.31,42750.0,31341.93,11408.07
ORD05023,2025-01-14,C0036,Smartphone X,Electronics,Port Louis,North,1,28000,0.0,19115.88,28000.0,19115.88,8884.12
ORD05024,2025-09-03,C0249,Standing Desk,Furniture,Curepipe,South,1,15000,0.0,11224.82,15000.0,11224.82,3775.18
ORD05025,2024-04-05,C0006,Office Lamp,Office,Quatre Bornes,West,1,1800,0.0,1195.27,1800.0,1195.27,604.73
ORD05026,2024-11-12,C0080,Smartphone X,Electronics,Pamplemousses,North,1,28000,0.0,20665.57,28000.0,20665.57,7334.43
ORD05027,2024-06-23,C0067,Smartphone X,Electronics,Flacq,East,2,28000,0.1,19542.96,50400.0,39085.92,11314.08
ORD05028,2025-05-28,C0236,Gaming Mouse,Accessories,Pamplemousses,North,1,2200,0.0,1392.78,2200.0,1392.78,807.22
ORD05029,2024-04-02,C0289,Printer,Office,Port Louis,North,2,9500,0.05,5496.64,18050.0,10993.28,7056.72
ORD05030,2024-09-04,C0284,Printer,Office,Centre de Flacq,East,1,9500,0.15,7081.03,8075.0,7081.03,993.97
ORD05031,2025-10-24,C0384,Office Chair,Furniture,Port Louis,North,2,8500,0.0,5469.8,17000.0,10939.6,6060.4
ORD05032,2024-09-21,C0465,Office Chair,Furniture,Curepipe,South,1,8500,0.0,6430.96,8500.0,6430.96,2069.04
ORD05033,2024-08-15,C0262,Mechanical Keyboard,Accessories,Mahebourg,South,1,4200,0.0,2512.45,4200.0,2512.45,1687.55
ORD05034,2024-12-29,C0135,Smartphone X,Electronics,Port Louis,North,2,28000,0.0,17539.23,56000.0,35078.46,20921.54
ORD05035,2024-09-15,C0356,Mechanical Keyboard,Accessories,Port Louis,North,1,4200,0.05,2631.59,3990.0,2631.59,1358.41
ORD05036,2024-05-28,C0356,USB-C Hub,Accessories,Flacq,East,1,1800,0.0,1267.51,1800.0,1267.51,532.49
ORD05037,2025-06-15,C0414,Standing Desk,Furniture,Mahebourg,South,1,15000,0.1,9726.92,13500.0,9726.92,3773.08
ORD05038,2024-06-12,C0393,Office Chair,Furniture,Pamplemousses,North,1,8500,0.05,5134.27,8075.0,5134.27,2940.73
ORD05039,2024-01-17,C0442,Standing Desk,Furniture,Mahebourg,South,1,15000,0.1,8936.31,13500.0,8936.31,4563.69
ORD05040,2024-01-08,C0431,Monitor 27,Electronics,Black River,West,1,12000,0.0,7321.41,12000.0,7321.41,4678.59
ORD05041,2024-08-21,C0179,Smartphone X,Electronics,Mahebourg,South,1,28000,0.1,15982.37,25200.0,15982.37,9217.63
ORD05042,2024-04-03,C0122,Smartphone X,Electronics,Quatre Bornes,West,2,28000,0.0,16891.58,56000.0,33783.16,22216.84
ORD05043,2024-02-26,C0134,Office Chair,Furniture,Curepipe,South,1,8500,0.05,5195.85,8075.0,5195.85,2879.15
ORD05044,2025-06-11,C0489,Wireless Headphones,Accessories,Pamplemousses,North,1,6500,0.15,4020.52,5525.0,4020.52,1504.48
ORD05045,2025-04-03,C0047,Office Chair,Furniture,Curepipe,South,1,8500,0.0,5168.33,8500.0,5168.33,3331.67
ORD05046,2024-03-21,C0408,Office Lamp,Office,Centre de Flacq,East,1,1800,0.0,1292.6,1800.0,1292.6,507.4
ORD05047,2024-11-22,C0272,Gaming Mouse,Accessories,Black River,West,2,2200,0.15,1539.21,3740.0,3078.42,661.58
ORD05048,2024-09-17,C0281,Tablet Air,Electronics,Centre de Flacq,East,1,18000,0.0,10261.61,18000.0,10261.61,7738.39
ORD05049,2024-02-10,C0395,Gaming Mouse,Accessories,Port Louis,North,2,2200,0.05,1515.99,4180.0,3031.98,1148.02
ORD05050,2024-05-26,C0439,Gaming Mouse,Accessories,Flacq,East,1,2200,0.05,1456.11,2090.0,1456.11,633.89
ORD05051,2025-06-14,C0106,Monitor 27,Electronics,Curepipe,South,1,12000,0.0,7514.89,12000.0,7514.89,4485.11
ORD05052,2024-05-05,C0208,Gaming Mouse,Accessories,Curepipe,South,2,2200,0.0,1712.97,4400.0,3425.94,974.06
ORD05053,2025-10-22,C0417,Office Chair,Furniture,Curepipe,South,1,8500,0.0,5761.98,8500.0,5761.98,2738.02
ORD05054,2025-04-14,C0186,Gaming Mouse,Accessories,Pamplemousses,North,1,2200,0.0,1673.97,2200.0,1673.97,526.03
ORD05055,2024-12-09,C0238,Monitor 27,Electronics,Flacq,East,2,12000,0.0,7738.33,24000.0,15476.66,8523.34
ORD05056,2024-11-11,C0352,Standing Desk,Furniture,Black River,West,3,15000,0.0,8740.43,45000.0,26221.29,18778.71
ORD05057,2025-03-17,C0192,Mechanical Keyboard,Accessories,Mahebourg,South,1,4200,0.0,2647.45,4200.0,2647.45,1552.55
ORD05058,2025-04-02,C0036,Office Lamp,Office,Quatre Bornes,West,2,1800,0.0,1084.68,3600.0,2169.36,1430.64
ORD05059,2025-02-10,C0344,Printer,Office,Curepipe,South,3,9500,0.1,7318.5,25650.0,21955.5,3694.5
ORD05060,2024-10-30,C0195,Office Chair,Furniture,Black River,West,1,8500,0.1,6087.58,7650.0,6087.58,1562.42
ORD05061,2024-06-19,C0283,Smartphone X,Electronics,Curepipe,South,1,28000,0.0,16310.92,28000.0,16310.92,11689.08
ORD05062,2024-07-25,C0448,Mechanical Keyboard,Accessories,Curepipe,South,2,4200,0.0,2405.05,8400.0,4810.1,3589.9
ORD05063,2024-08-13,C0123,Mechanical Keyboard,Accessories,Flacq,East,1,4200,0.1,3222.12,3780.0,3222.12,557.88
ORD05064,2024-05-04,C0164,Office Lamp,Office,Pamplemousses,North,1,1800,0.0,1194.47,1800.0,1194.47,605.53
ORD05065,2025-01-02,C0303,Printer,Office,Port Louis,North,1,9500,0.05,7382.2,9025.0,7382.2,1642.8
ORD05066,2025-09-05,C0286,Printer,Office,Quatre Bornes,West,1,9500,0.0,6336.31,9500.0,6336.31,3163.69
ORD05067,2025-07-24,C0220,Gaming Mouse,Accessories,Flacq,East,2,2200,0.0,1558.64,4400.0,3117.28,1282.72
ORD05068,2024-10-11,C0128,Tablet Air,Electronics,Black River,West,1,18000,0.1,12729.6,16200.0,12729.6,3470.4
ORD05069,2024-05-14,C0054,Smartphone X,Electronics,Pamplemousses,North,2,28000,0.05,20684.1,53200.0,41368.2,11831.8
ORD05070,2025-10-22,C0040,Wireless Headphones,Accessories,Port Louis,North,2,6500,0.0,3743.95,13000.0,7487.9,5512.1
ORD05071,2024-03-21,C0373,Mechanical Keyboard,Accessories,Quatre Bornes,West,1,4200,0.0,2975.27,4200.0,2975.27,1224.73
ORD05072,2025-01-23,C0098,Monitor 27,Electronics,Black River,West,3,12000,0.0,8195.75,36000.0,24587.25,11412.75
ORD05073,2025-07-21,C0463,Office Chair,Furniture,Mahebourg,South,2,8500,0.0,5357.56,17000.0,10715.12,6284.88
ORD05074,2024-05-06,C0027,Gaming Mouse,Accessories,Flacq,East,2,2200,0.05,1635.41,4180.0,3270.82,909.18
ORD05075,2024-03-12,C0045,Mechanical Keyboard,Accessories,Pamplemousses,North,2,4200,0.0,3210.65,8400.0,6421.3,1978.7
ORD05076,2024-07-30,C0349,USB-C Hub,Accessories,Mahebourg,South,1,1800,0.0,1004.93,1800.0,1004.93,795.07
ORD05077,2024-01-15,C0300,Gaming Mouse,Accessories,Black River,West,1,2200,0.0,1321.75,2200.0,1321.75,878.25
ORD05078,2024-09-26,C0386,Office Lamp,Office,Quatre Bornes,West,2,1800,0.05,1096.7,3420.0,2193.4,1226.6
ORD05079,2025-12-18,C0106,Office Chair,Furniture,Pamplemousses,North,2,8500,0.0,6165.14,17000.0,12330.28,4669.72
ORD05080,2024-07-16,C0459,Smartphone X,Electronics,Pamplemousses,North,1,28000,0.1,19776.15,25200.0,19776.15,5423.85
ORD05081,2025-05-15,C0158,Office Lamp,Office,Pamplemousses,North,1,1800,0.0,1291.64,1800.0,1291.64,508.36
ORD05082,2024-08-15,C0182,Gaming Mouse,Accessories,Quatre Bornes,West,1,2200,0.15,1486.21,1870.0,1486.21,383.79
ORD05083,2024-12-15,C0286,Gaming Mouse,Accessories,Quatre Bornes,West,3,2200,0.0,1600.12,6600.0,4800.36,1799.64
ORD05084,2025-12-29,C0100,Laptop Pro 14,Electronics,Curepipe,South,1,45000,0.05,33974.54,42750.0,33974.54,8775.46
ORD05085,2025-09-14,C0095,Office Lamp,Office,Quatre Bornes,West,1,1800,0.0,1265.66,1800.0,1265.66,534.34
ORD05086,2024-10-11,C0138,Monitor 27,Electronics,Pamplemousses,North,1,12000,0.1,7459.26,10800.0,7459.26,3340.74
ORD05087,2025-02-25,C0137,Gaming Mouse,Accessories,Black River,West,1,2200,0.0,1220.83,2200.0,1220.83,979.17
ORD05088,2024-07-05,C0363,Tablet Air,Electronics,Mahebourg,South,1,18000,0.0,10805.73,18000.0,10805.73,7194.27
ORD05089,2025-12-10,C0244,USB-C Hub,Accessories,Centre de Flacq,East,2,1800,0.0,1117.94,3600.0,2235.88,1364.12
ORD05090,2024-05-20,C0016,Standing Desk,Furniture,Mahebourg,South,1,15000,0.1,11242.69,13500.0,11242.69,2257.31
ORD05091,2025-01-19,C0143,Laptop Pro 14,Electronics,Curepipe,South,1,45000,0.05,34131.53,42750.0,34131.53,8618.47
ORD05092,2024-10-11,C0003,Tablet Air,Electronics,Flacq,East,2,18000,0.0,10159.81,36000.0,20319.62,15680.38
ORD05093,2025-09-07,C0037,USB-C Hub,Accessories,Quatre Bornes,West,1,1800,0.0,1344.75,1800.0,1344.75,455.25
ORD05094,2025-05-04,C0347,Mechanical Keyboard,Accessories,Mahebourg,South,1,4200,0.15,2901.2,3570.0,2901.2,668.8
ORD05095,2025-06-28,C0307,Smartphone X,Electronics,Mahebourg,South,1,28000,0.0,21205.16,28000.0,21205.16,6794.84
ORD05096,2025-07-23,C0208,Mechanical Keyboard,Accessories,Pamplemousses,North,1,4200,0.15,2367.93,3570.0,2367.93,1202.07
ORD05097,2025-12-06,C0010,Smartphone X,Electronics,Quatre Bornes,West,1,28000,0.0,16713.72,28000.0,16713.72,11286.28
ORD05098,2025-10-22,C0220,Wireless Headphones,Accessories,Black River,West,1,6500,0.1,4928.83,5850.0,4928.83,921.17
ORD05099,2025-02-21,C0207,Mechanical Keyboard,Accessories,Quatre Bornes,West,3,4200,0.0,2796.05,12600.0,8388.15,4211.85
ORD05100,2024-09-28,C0261,USB-C Hub,Accessories,Quatre Bornes,West,1,1800,0.1,1390.69,1620.0,1390.69,229.31
ORD05101,2025-03-18,C0494,Gaming Mouse,Accessories,Pamplemousses,North,2,2200,0.05,1277.09,4180.0,2554.18,1625.82
ORD05102,2024-09-22,C0107,Monitor 27,Electronics,Black River,West,2,12000,0.0,8069.66,24000.0,16139.32,7860.68
ORD05103,2025-05-17,C0439,Standing Desk,Furniture,Centre de Flacq,East,1,15000,0.05,11162.17,14250.0,11162.17,3087.83
ORD05104,2025-06-15,C0443,Tablet Air,Electronics,Pamplemousses,North,3,18000,0.0,13290.08,54000.0,39870.24,14129.76
ORD05105,2025-09-20,C0106,Office Lamp,Office,Flacq,East,2,1800,0.1,1172.8,3240.0,2345.6,894.4
ORD05106,2025-09-22,C0215,Laptop Pro 14,Electronics,Centre de Flacq,East,1,45000,0.0,33708.83,45000.0,33708.83,11291.17
ORD05107,2024-02-27,C0097,Standing Desk,Furniture,Curepipe,South,1,15000,0.1,9835.17,13500.0,9835.17,3664.83
ORD05108,2025-08-09,C0441,USB-C Hub,Accessories,Centre de Flacq,East,1,1800,0.0,1265.13,1800.0,1265.13,534.87
ORD05109,2025-12-22,C0247,Wireless Headphones,Accessories,Mahebourg,South,1,6500,0.05,3619.03,6175.0,3619.03,2555.97
ORD05110,2025-11-04,C0223,Office Lamp,Office,Curepipe,South,1,1800,0.0,1203.86,1800.0,1203.86,596.14
ORD05111,2024-07-11,C0432,Office Chair,Furniture,Flacq,East,2,8500,0.0,5919.84,17000.0,11839.68,5160.32
ORD05112,2025-12-16,C0217,Mechanical Keyboard,Accessories,Curepipe,South,1,4200,0.0,3109.07,4200.0,3109.07,1090.93
ORD05113,2024-04-03,C0419,Smartphone X,Electronics,Centre de Flacq,East,2,28000,0.1,16712.31,50400.0,33424.62,16975.38
ORD05114,2024-07-04,C0221,Office Chair,Furniture,Centre de Flacq,East,1,8500,0.0,5844.34,8500.0,5844.34,2655.66
ORD05115,2025-07-04,C0484,Standing Desk,Furniture,Curepipe,South,1,15000,0.0,9778.9,15000.0,9778.9,5221.1
ORD05116,2024-07-08,C0043,Office Lamp,Office,Centre de Flacq,East,2,1800,0.0,1301.37,3600.0,2602.74,997.26
ORD05117,2025-08-20,C0317,USB-C Hub,Accessories,Black River,West,1,1800,0.0,1021.82,1800.0,1021.82,778.18
ORD05118,2025-05-27,C0224,Tablet Air,Electronics,Curepipe,South,1,18000,0.15,11546.11,15300.0,11546.11,3753.89
ORD05119,2025-11-29,C0298,Smartphone X,Electronics,Quatre Bornes,West,2,28000,0.0,19860.3,56000.0,39720.6,16279.4
ORD05120,2024-10-25,C0338,Wireless Headphones,Accessories,Pamplemousses,North,1,6500,0.0,3762.21,6500.0,3762.21,2737.79
ORD05121,2024-03-24,C0086,Gaming Mouse,Accessories,Centre de Flacq,East,2,2200,0.05,1641.71,4180.0,3283.42,896.58
ORD05122,2025-08-09,C0042,Wireless Headphones,Accessories,Mahebourg,South,1,6500,0.0,4332.28,6500.0,4332.28,2167.72
ORD05123,2025-10-23,C0327,Tablet Air,Electronics,Flacq,East,2,18000,0.15,11977.71,30600.0,23955.42,6644.58
ORD05124,2024-08-08,C0436,Tablet Air,Electronics,Port Louis,North,1,18000,0.0,11985.89,18000.0,11985.89,6014.11
ORD05125,2024-06-09,C0197,Wireless Headphones,Accessories,Curepipe,South,1,6500,0.0,4283.68,6500.0,4283.68,2216.32
ORD05126,2024-06-09,C0492,Office Chair,Furniture,Flacq,East,1,8500,0.15,6436.62,7225.0,6436.62,788.38
ORD05127,2024-07-03,C0265,Office Lamp,Office,Curepipe,South,1,1800,0.1,997.43,1620.0,997.43,622.57
ORD05128,2024-10-11,C0214,Office Lamp,Office,Mahebourg,South,1,1800,0.0,1048.9,1800.0,1048.9,751.1
ORD05129,2025-11-24,C0330,Office Chair,Furniture,Mahebourg,South,1,8500,0.0,5431.34,8500.0,5431.34,3068.66
ORD05130,2025-10-22,C0219,Gaming Mouse,Accessories,Flacq,East,1,2200,0.0,1270.61,2200.0,1270.61,929.39
ORD05131,2025-04-17,C0036,Gaming Mouse,Accessories,Flacq,East,1,2200,0.0,1422.84,2200.0,1422.84,777.16
ORD05132,2024-08-12,C0389,USB-C Hub,Accessories,Flacq,East,1,1800,0.0,1319.5,1800.0,1319.5,480.5
ORD05133,2024-04-26,C0166,Standing Desk,Furniture,Curepipe,South,1,15000,0.0,9190.08,15000.0,9190.08,5809.92
ORD05134,2025-03-20,C0414,USB-C Hub,Accessories,Port Louis,North,1,1800,0.0,1341.77,1800.0,1341.77,458.23
ORD05135,2024-06-17,C0226,Smartphone X,Electronics,Black River,West,1,28000,0.0,18745.71,28000.0,18745.71,9254.29
ORD05136,2025-09-03,C0478,Standing Desk,Furniture,Flacq,East,1,15000,0.1,8762.95,13500.0,8762.95,4737.05
ORD05137,2025-12-06,C0430,Monitor 27,Electronics,Curepipe,South,2,12000,0.0,6778.76,24000.0,13557.52,10442.48
ORD05138,2025-06-03,C0252,Gaming Mouse,Accessories,Centre de Flacq,East,1,2200,0.0,1567.75,2200.0,1567.75,632.25
ORD05139,2024-03-03,C0059,Printer,Office,Black River,West,1,9500,0.0,6276.77,9500.0,6276.77,3223.23
ORD05140,2024-01-09,C0063,USB-C Hub,Accessories,Flacq,East,1,1800,0.05,1070.41,1710.0,1070.41,639.59
ORD05141,2024-01-04,C0358,Tablet Air,Electronics,Pamplemousses,North,1,18000,0.0,11355.99,18000.0,11355.99,6644.01
ORD05142,2025-01-19,C0408,Office Chair,Furniture,Port Louis,North,1,8500,0.1,5746.43,7650.0,5746.43,1903.57
ORD05143,2024-12-03,C0268,USB-C Hub,Accessories,Port Louis,North,2,1800,0.0,1042.61,3600.0,2085.22,1514.78
ORD05144,2025-07-28,C0205,Tablet Air,Electronics,Pamplemousses,North,2,18000,0.0,12661.44,36000.0,25322.88,10677.12
ORD05145,2024-10-17,C0297,Smartphone X,Electronics,Centre de Flacq,East,1,28000,0.0,17451.34,28000.0,17451.34,10548.66
ORD05146,2025-05-30,C0309,Tablet Air,Electronics,Mahebourg,South,1,18000,0.05,10573.39,17100.0,10573.39,6526.61
ORD05147,2025-02-22,C0454,Mechanical Keyboard,Accessories,Port Louis,North,2,4200,0.0,2941.49,8400.0,5882.98,2517.02
ORD05148,2024-07-08,C0486,Office Chair,Furniture,Pamplemousses,North,1,8500,0.05,6068.57,8075.0,6068.57,2006.43
ORD05149,2024-11-26,C0389,Gaming Mouse,Accessories,Pamplemousses,North,1,2200,0.0,1624.9,2200.0,1624.9,575.1
ORD05150,2025-09-07,C0427,Standing Desk,Furniture,Port Louis,North,2,15000,0.0,10211.87,30000.0,20423.74,9576.26
ORD05151,2024-04-10,C0465,Wireless Headphones,Accessories,Flacq,East,2,6500,0.1,4457.82,11700.0,8915.64,2784.36
ORD05152,2024-09-25,C0077,Standing Desk,Furniture,Black River,West,1,15000,0.0,10671.78,15000.0,10671.78,4328.22
ORD05153,2024-12-19,C0148,Laptop Pro 14,Electronics,Black River,West,3,45000,0.0,27917.46,135000.0,83752.38,51247.62
ORD05154,2025-07-27,C0034,USB-C Hub,Accessories,Quatre Bornes,West,2,1800,0.05,1172.33,3420.0,2344.66,1075.34
ORD05155,2025-11-02,C0382,Standing Desk,Furniture,Quatre Bornes,West,1,15000,0.0,11086.4,15000.0,11086.4,3913.6
ORD05156,2024-04-23,C0101,Printer,Office,Quatre Bornes,West,2,9500,0.1,5708.39,17100.0,11416.78,5683.22
ORD05157,2025-05-21,C0494,Tablet Air,Electronics,Black River,West,2,18000,0.05,12082.2,34200.0,24164.4,10035.6
ORD05158,2024-10-05,C0046,Tablet Air,Electronics,Port Louis,North,1,18000,0.0,13719.57,18000.0,13719.57,4280.43
ORD05159,2024-01-27,C0457,Gaming Mouse,Accessories,Mahebourg,South,1,2200,0.1,1370.4,1980.0,1370.4,609.6
ORD05160,2024-01-09,C0329,Standing Desk,Furniture,Port Louis,North,1,15000,0.0,8343.89,15000.0,8343.89,6656.11
ORD05161,2024-07-21,C0205,Laptop Pro 14,Electronics,Curepipe,South,2,45000,0.1,30214.47,81000.0,60428.94,20571.06
ORD05162,2025-10-28,C0205,Wireless Headphones,Accessories,Curepipe,South,1,6500,0.0,4106.83,6500.0,4106.83,2393.17
ORD05163,2025-07-25,C0014,Office Chair,Furniture,Flacq,East,1,8500,0.05,5294.2,8075.0,5294.2,2780.8
ORD05164,2024-02-03,C0406,Monitor 27,Electronics,Centre de Flacq,East,1,12000,0.05,8280.56,11400.0,8280.56,3119.44
ORD05165,2024-01-18,C0048,Gaming Mouse,Accessories,Centre de Flacq,East,1,2200,0.0,1647.19,2200.0,1647.19,552.81
ORD05166,2025-11-21,C0425,Wireless Headphones,Accessories,Flacq,East,1,6500,0.05,4714.65,6175.0,4714.65,1460.35
ORD05167,2025-03-01,C0041,Office Chair,Furniture,Mahebourg,South,1,8500,0.05,6024.28,8075.0,6024.28,2050.72
ORD05168,2025-10-31,C0452,Monitor 27,Electronics,Black River,West,1,12000,0.0,7679.47,12000.0,7679.47,4320.53
ORD05169,2024-08-30,C0017,Office Lamp,Office,Black River,West,2,1800,0.05,1339.3,3420.0,2678.6,741.4
ORD05170,2025-08-14,C0488,Office Chair,Furniture,Flacq,East,2,8500,0.0,6440.05,17000.0,12880.1,4119.9
ORD05171,2024-05-25,C0431,Office Chair,Furniture,Quatre Bornes,West,2,8500,0.0,4956.98,17000.0,9913.96,7086.04
ORD05172,2024-10-05,C0289,Office Chair,Furniture,Curepipe,South,1,8500,0.1,6621.6,7650.0,6621.6,1028.4
ORD05173,2025-11-18,C0439,USB-C Hub,Accessories,Quatre Bornes,West,2,1800,0.0,1241.71,3600.0,2483.42,1116.58
ORD05174,2025-05-09,C0161,Office Chair,Furniture,Quatre Bornes,West,1,8500,0.1,5786.43,7650.0,5786.43,1863.57
ORD05175,2025-08-23,C0367,Standing Desk,Furniture,Quatre Bornes,West,1,15000,0.0,10313.99,15000.0,10313.99,4686.01
ORD05176,2024-06-22,C0441,Standing Desk,Furniture,Port Louis,North,1,15000,0.05,10619.11,14250.0,10619.11,3630.89
ORD05177,2025-05-03,C0181,Standing Desk,Furniture,Pamplemousses,North,1,15000,0.0,11467.51,15000.0,11467.51,3532.49
ORD05178,2024-02-07,C0490,Smartphone X,Electronics,Quatre Bornes,West,2,28000,0.0,21551.52,56000.0,43103.04,12896.96
ORD05179,2025-11-25,C0144,Office Chair,Furniture,Black River,West,1,8500,0.1,4762.66,7650.0,4762.66,2887.34
ORD05180,2024-10-10,C0171,Mechanical Keyboard,Accessories,Mahebourg,South,1,4200,0.15,2604.71,3570.0,2604.71,965.29
ORD05181,2025-09-08,C0141,Monitor 27,Electronics,Pamplemousses,North,1,12000,0.15,8304.64,10200.0,8304.64,1895.36
ORD05182,2025-08-10,C0463,Mechanical Keyboard,Accessories,Pamplemousses,North,1,4200,0.1,2803.57,3780.0,2803.57,976.43
ORD05183,2024-04-17,C0319,Gaming Mouse,Accessories,Black River,West,1,2200,0.0,1410.4,2200.0,1410.4,789.6
ORD05184,2025-08-26,C0300,Monitor 27,Electronics,Black River,West,1,12000,0.0,7160.13,12000.0,7160.13,4839.87
ORD05185,2024-06-28,C0388,Wireless Headphones,Accessories,Mahebourg,South,1,6500,0.1,3701.13,5850.0,3701.13,2148.87
ORD05186,2024-12-19,C0208,Laptop Pro 14,Electronics,Pamplemousses,North,1,45000,0.0,26909.72,45000.0,26909.72,18090.28
ORD05187,2024-11-02,C0178,Mechanical Keyboard,Accessories,Black River,West,1,4200,0.05,2654.61,3990.0,2654.61,1335.39
ORD05188,2024-01-25,C0201,Office Chair,Furniture,Mahebourg,South,1,8500,0.05,5777.44,8075.0,5777.44,2297.56
ORD05189,2024-11-21,C0218,Office Chair,Furniture,Port Louis,North,2,8500,0.0,6281.09,17000.0,12562.18,4437.82
ORD05190,2024-07-25,C0271,Printer,Office,Mahebourg,South,2,9500,0.0,6815.64,19000.0,13631.28,5368.72
ORD05191,2024-11-07,C0410,Monitor 27,Electronics,Curepipe,South,1,12000,0.0,8109.96,12000.0,8109.96,3890.04
ORD05192,2025-06-29,C0062,Office Chair,Furniture,Mahebourg,South,2,8500,0.05,6507.01,16150.0,13014.02,3135.98
ORD05193,2025-01-28,C0321,Mechanical Keyboard,Accessories,Centre de Flacq,East,1,4200,0.05,2906.24,3990.0,2906.24,1083.76
ORD05194,2024-04-09,C0285,Printer,Office,Mahebourg,South,2,9500,0.0,5536.73,19000.0,11073.46,7926.54
ORD05195,2024-01-05,C0274,Smartphone X,Electronics,Black River,West,1,28000,0.15,17822.97,23800.0,17822.97,5977.03
ORD05196,2025-09-18,C0210,Standing Desk,Furniture,Black River,West,1,15000,0.05,10674.12,14250.0,10674.12,3575.88
ORD05197,2024-12-17,C0237,Monitor 27,Electronics,Black River,West,1,12000,0.0,8453.66,12000.0,8453.66,3546.34
ORD05198,2024-07-02,C0302,Printer,Office,Black River,West,1,9500,0.0,6812.32,9500.0,6812.32,2687.68
ORD05199,2025-10-20,C0382,Wireless Headphones,Accessories,Flacq,East,2,6500,0.1,4800.64,11700.0,9601.28,2098.72
ORD05200,2025-11-15,C0012,Office Lamp,Office,Curepipe,South,1,1800,0.0,1213.56,1800.0,1213.56,586.44
ORD05201,2025-06-19,C0035,Printer,Office,Quatre Bornes,West,1,9500,0.0,6035.74,9500.0,6035.74,3464.26
ORD05202,2024-07-23,C0473,USB-C Hub,Accessories,Curepipe,South,1,1800,0.0,1156.42,1800.0,1156.42,643.58
ORD05203,2025-04-14,C0005,Standing Desk,Furniture,Quatre Bornes,West,1,15000,0.05,9625.77,14250.0,9625.77,4624.23
ORD05204,2024-06-05,C0129,Office Lamp,Office,Port Louis,North,1,1800,0.1,1370.41,1620.0,1370.41,249.59
ORD05205,2025-06-24,C0025,Monitor 27,Electronics,Mahebourg,South,3,12000,0.05,7366.91,34200.0,22100.73,12099.27
ORD05206,2024-05-24,C0319,Laptop Pro 14,Electronics,Pamplemousses,North,2,45000,0.1,32494.92,81000.0,64989.84,16010.16
ORD05207,2024-01-11,C0295,Office Lamp,Office,Pamplemousses,North,4,1800,0.05,1353.76,6840.0,5415.04,1424.96
ORD05208,2025-10-29,C0452,Tablet Air,Electronics,Mahebourg,South,1,18000,0.05,13058.16,17100.0,13058.16,4041.84
ORD05209,2025-11-17,C0384,Smartphone X,Electronics,Pamplemousses,North,1,28000,0.05,19163.07,26600.0,19163.07,7436.93
ORD05210,2024-07-18,C0199,Smartphone X,Electronics,Black River,West,2,28000,0.0,18556.9,56000.0,37113.8,18886.2
ORD05211,2025-02-09,C0039,Wireless Headphones,Accessories,Flacq,East,2,6500,0.0,4525.87,13000.0,9051.74,3948.26
ORD05212,2024-07-17,C0152,Laptop Pro 14,Electronics,Black River,West,1,45000,0.0,26844.46,45000.0,26844.46,18155.54
ORD05213,2024-07-05,C0317,Monitor 27,Electronics,Mahebourg,South,1,12000,0.15,8144.46,10200.0,8144.46,2055.54
ORD05214,2025-01-28,C0150,Office Lamp,Office,Port Louis,North,1,1800,0.05,1120.65,1710.0,1120.65,589.35
ORD05215,2024-06-07,C0452,Tablet Air,Electronics,Curepipe,South,3,18000,0.0,10810.03,54000.0,32430.09,21569.91
ORD05216,2025-06-27,C0338,Mechanical Keyboard,Accessories,Centre de Flacq,East,1,4200,0.0,2607.41,4200.0,2607.41,1592.59
ORD05217,2024-10-17,C0497,USB-C Hub,Accessories,Port Louis,North,1,1800,0.0,1261.1,1800.0,1261.1,538.9
ORD05218,2024-10-10,C0388,Printer,Office,Centre de Flacq,East,3,9500,0.0,5928.42,28500.0,17785.26,10714.74
ORD05219,2025-07-29,C0060,Tablet Air,Electronics,Pamplemousses,North,1,18000,0.15,10771.24,15300.0,10771.24,4528.76
ORD05220,2025-01-02,C0131,Printer,Office,Centre de Flacq,East,1,9500,0.15,7206.25,8075.0,7206.25,868.75
ORD05221,2025-03-25,C0431,Standing Desk,Furniture,Black River,West,1,15000,0.1,10092.35,13500.0,10092.35,3407.65
ORD05222,2025-06-18,C0218,Smartphone X,Electronics,Flacq,East,1,28000,0.1,17160.13,25200.0,17160.13,8039.87
ORD05223,2025-05-25,C0340,Smartphone X,Electronics,Pamplemousses,North,1,28000,0.0,15964.92,28000.0,15964.92,12035.08
ORD05224,2024-03-17,C0450,Office Lamp,Office,Black River,West,1,1800,0.0,1096.83,1800.0,1096.83,703.17
ORD05225,2024-08-29,C0370,Standing Desk,Furniture,Flacq,East,2,15000,0.1,9213.2,27000.0,18426.4,8573.6
ORD05226,2024-09-03,C0408,Smartphone X,Electronics,Mahebourg,South,1,28000,0.0,17836.04,28000.0,17836.04,10163.96
ORD05227,2025-06-09,C0496,Wireless Headphones,Accessories,Black River,West,1,6500,0.0,5048.34,6500.0,5048.34,1451.66
ORD05228,2025-06-17,C0392,Mechanical Keyboard,Accessories,Quatre Bornes,West,2,4200,0.0,3140.58,8400.0,6281.16,2118.84
ORD05229,2025-02-18,C0411,Laptop Pro 14,Electronics,Pamplemousses,North,1,45000,0.1,32685.74,40500.0,32685.74,7814.26
ORD05230,2024-04-30,C0288,Wireless Headphones,Accessories,Pamplemousses,North,4,6500,0.05,3755.46,24700.0,15021.84,9678.16
ORD05231,2024-12-24,C0377,USB-C Hub,Accessories,Flacq,East,1,1800,0.0,1378.25,1800.0,1378.25,421.75
ORD05232,2025-05-31,C0213,Office Lamp,Office,Black River,West,1,1800,0.05,1205.98,1710.0,1205.98,504.02
ORD05233,2024-02-25,C0046,USB-C Hub,Accessories,Pamplemousses,North,1,1800,0.05,1171.47,1710.0,1171.47,538.53
ORD05234,2024-02-09,C0108,Tablet Air,Electronics,Port Louis,North,2,18000,0.0,10720.17,36000.0,21440.34,14559.66
ORD05235,2024-05-22,C0258,Office Lamp,Office,Quatre Bornes,West,1,1800,0.0,1227.08,1800.0,1227.08,572.92
ORD05236,2024-02-01,C0215,Wireless Headphones,Accessories,Black River,West,4,6500,0.0,4414.45,26000.0,17657.8,8342.2
ORD05237,2024-08-02,C0464,Smartphone X,Electronics,Black River,West,4,28000,0.0,15515.02,112000.0,62060.08,49939.92
ORD05238,2025-03-22,C0122,Printer,Office,Pamplemousses,North,1,9500,0.0,6185.76,9500.0,6185.76,3314.24
ORD05239,2025-10-02,C0330,Gaming Mouse,Accessories,Quatre Bornes,West,1,2200,0.0,1386.57,2200.0,1386.57,813.43
ORD05240,2025-08-15,C0196,USB-C Hub,Accessories,Port Louis,North,1,1800,0.0,1308.84,1800.0,1308.84,491.16
ORD05241,2024-12-25,C0149,Laptop Pro 14,Electronics,Mahebourg,South,1,45000,0.0,28540.56,45000.0,28540.56,16459.44
ORD05242,2025-05-23,C0384,Office Chair,Furniture,Black River,West,3,8500,0.0,4840.82,25500.0,14522.46,10977.54
ORD05243,2024-03-19,C0225,USB-C Hub,Accessories,Flacq,East,1,1800,0.0,1391.39,1800.0,1391.39,408.61
ORD05244,2025-06-11,C0425,Mechanical Keyboard,Accessories,Flacq,East,2,4200,0.05,3268.3,7980.0,6536.6,1443.4
ORD05245,2024-11-13,C0077,Monitor 27,Electronics,Centre de Flacq,East,1,12000,0.05,9292.02,11400.0,9292.02,2107.98
ORD05246,2025-08-09,C0265,Office Lamp,Office,Flacq,East,1,1800,0.0,1044.34,1800.0,1044.34,755.66
ORD05247,2025-05-08,C0418,Mechanical Keyboard,Accessories,Port Louis,North,1,4200,0.05,2554.82,3990.0,2554.82,1435.18
ORD05248,2025-01-13,C0258,Monitor 27,Electronics,Port Louis,North,2,12000,0.05,8953.55,22800.0,17907.1,4892.9
ORD05249,2025-08-24,C0489,USB-C Hub,Accessories,Flacq,East,1,1800,0.05,1046.55,1710.0,1046.55,663.45
ORD05250,2024-01-27,C0216,Standing Desk,Furniture,Mahebourg,South,1,15000,0.0,8877.31,15000.0,8877.31,6122.69
ORD05251,2025-02-23,C0025,Smartphone X,Electronics,Curepipe,South,4,28000,0.0,19438.2,112000.0,77752.8,34247.2
ORD05252,2024-10-29,C0115,Gaming Mouse,Accessories,Flacq,East,1,2200,0.05,1540.84,2090.0,1540.84,549.16
ORD05253,2024-08-28,C0091,Mechanical Keyboard,Accessories,Flacq,East,1,4200,0.1,2426.05,3780.0,2426.05,1353.95
ORD05254,2025-10-18,C0408,Standing Desk,Furniture,Curepipe,South,1,15000,0.0,10025.42,15000.0,10025.42,4974.58
ORD05255,2024-02-03,C0333,Tablet Air,Electronics,Centre de Flacq,East,1,18000,0.05,11122.82,17100.0,11122.82,5977.18
ORD05256,2025-01-11,C0045,Laptop Pro 14,Electronics,Mahebourg,South,1,45000,0.0,28633.72,45000.0,28633.72,16366.28
ORD05257,2025-08-20,C0197,Office Chair,Furniture,Flacq,East,1,8500,0.05,6536.11,8075.0,6536.11,1538.89
ORD05258,2025-04-26,C0071,Printer,Office,Pamplemousses,North,1,9500,0.05,5788.27,9025.0,5788.27,3236.73
ORD05259,2024-01-28,C0011,Mechanical Keyboard,Accessories,Port Louis,North,1,4200,0.0,3050.32,4200.0,3050.32,1149.68
ORD05260,2024-03-09,C0341,Office Lamp,Office,Quatre Bornes,West,1,1800,0.0,1235.2,1800.0,1235.2,564.8
ORD05261,2024-10-31,C0212,Wireless Headphones,Accessories,Pamplemousses,North,1,6500,0.1,3635.86,5850.0,3635.86,2214.14
ORD05262,2024-08-05,C0317,Office Lamp,Office,Quatre Bornes,West,1,1800,0.0,1145.22,1800.0,1145.22,654.78
ORD05263,2025-10-03,C0167,Tablet Air,Electronics,Centre de Flacq,East,3,18000,0.0,13266.56,54000.0,39799.68,14200.32
ORD05264,2025-04-12,C0010,Standing Desk,Furniture,Curepipe,South,2,15000,0.05,10140.25,28500.0,20280.5,8219.5
ORD05265,2025-04-17,C0031,Tablet Air,Electronics,Centre de Flacq,East,1,18000,0.0,10527.73,18000.0,10527.73,7472.27
ORD05266,2025-11-18,C0480,Office Lamp,Office,Centre de Flacq,East,2,1800,0.0,1264.16,3600.0,2528.32,1071.68
ORD05267,2025-06-25,C0100,Office Chair,Furniture,Curepipe,South,1,8500,0.05,5030.41,8075.0,5030.41,3044.59
ORD05268,2025-09-25,C0131,Office Chair,Furniture,Mahebourg,South,3,8500,0.0,5771.6,25500.0,17314.8,8185.2
ORD05269,2025-05-21,C0314,Laptop Pro 14,Electronics,Pamplemousses,North,2,45000,0.1,30073.54,81000.0,60147.08,20852.92
ORD05270,2025-07-07,C0193,Standing Desk,Furniture,Port Louis,North,1,15000,0.0,10913.8,15000.0,10913.8,4086.2
ORD05271,2024-05-15,C0236,Standing Desk,Furniture,Quatre Bornes,West,2,15000,0.05,11030.55,28500.0,22061.1,6438.9
ORD05272,2025-05-15,C0127,Wireless Headphones,Accessories,Curepipe,South,1,6500,0.0,4727.55,6500.0,4727.55,1772.45
ORD05273,2025-03-17,C0137,Office Lamp,Office,Quatre Bornes,West,1,1800,0.1,1057.02,1620.0,1057.02,562.98
ORD05274,2024-10-05,C0058,Wireless Headphones,Accessories,Quatre Bornes,West,1,6500,0.1,4772.63,5850.0,4772.63,1077.37
ORD05275,2025-12-08,C0275,Monitor 27,Electronics,Mahebourg,South,2,12000,0.0,6954.05,24000.0,13908.1,10091.9
ORD05276,2024-02-17,C0356,Mechanical Keyboard,Accessories,Curepipe,South,2,4200,0.1,3053.78,7560.0,6107.56,1452.44
ORD05277,2025-03-09,C0246,Monitor 27,Electronics,Curepipe,South,1,12000,0.0,7385.35,12000.0,7385.35,4614.65
ORD05278,2024-06-06,C0088,Standing Desk,Furniture,Pamplemousses,North,1,15000,0.0,10785.17,15000.0,10785.17,4214.83
ORD05279,2024-02-05,C0009,Office Chair,Furniture,Mahebourg,South,3,8500,0.0,5258.0,25500.0,15774.0,9726.0
ORD05280,2024-12-24,C0065,USB-C Hub,Accessories,Flacq,East,2,1800,0.0,1006.5,3600.0,2013.0,1587.0
ORD05281,2025-03-04,C0100,Monitor 27,Electronics,Pamplemousses,North,4,12000,0.0,6976.85,48000.0,27907.4,20092.6
ORD05282,2024-07-12,C0096,Standing Desk,Furniture,Black River,West,2,15000,0.1,9621.16,27000.0,19242.32,7757.68
ORD05283,2025-05-11,C0373,Standing Desk,Furniture,Flacq,East,1,15000,0.05,10788.03,14250.0,10788.03,3461.97
ORD05284,2024-02-08,C0317,Mechanical Keyboard,Accessories,Pamplemousses,North,1,4200,0.0,2908.14,4200.0,2908.14,1291.86
ORD05285,2025-02-23,C0320,USB-C Hub,Accessories,Quatre Bornes,West,1,1800,0.0,1149.05,1800.0,1149.05,650.95
ORD05286,2025-07-23,C0342,Office Chair,Furniture,Quatre Bornes,West,2,8500,0.15,6249.34,14450.0,12498.68,1951.32
ORD05287,2024-06-29,C0497,Laptop Pro 14,Electronics,Port Louis,North,1,45000,0.05,25860.36,42750.0,25860.36,16889.64
ORD05288,2024-07-31,C0385,Wireless Headphones,Accessories,Centre de Flacq,East,1,6500,0.15,3593.37,5525.0,3593.37,1931.63
ORD05289,2025-09-04,C0462,Mechanical Keyboard,Accessories,Curepipe,South,2,4200,0.0,3085.18,8400.0,6170.36,2229.64
ORD05290,2024-01-08,C0379,Smartphone X,Electronics,Port Louis,North,1,28000,0.0,18641.79,28000.0,18641.79,9358.21
ORD05291,2025-03-14,C0325,Monitor 27,Electronics,Black River,West,4,12000,0.0,6952.12,48000.0,27808.48,20191.52
ORD05292,2025-08-29,C0289,Mechanical Keyboard,Accessories,Quatre Bornes,West,2,4200,0.0,2349.13,8400.0,4698.26,3701.74
ORD05293,2025-12-18,C0246,Printer,Office,Flacq,East,1,9500,0.0,6200.9,9500.0,6200.9,3299.1
ORD05294,2025-12-11,C0457,Standing Desk,Furniture,Mahebourg,South,2,15000,0.05,10306.63,28500.0,20613.26,7886.74
ORD05295,2025-08-09,C0070,Mechanical Keyboard,Accessories,Centre de Flacq,East,2,4200,0.0,2682.63,8400.0,5365.26,3034.74
ORD05296,2024-02-26,C0354,USB-C Hub,Accessories,Pamplemousses,North,3,1800,0.05,1397.71,5130.0,4193.13,936.87
ORD05297,2025-07-12,C0387,Office Lamp,Office,Black River,West,1,1800,0.05,1143.76,1710.0,1143.76,566.24
ORD05298,2024-06-14,C0189,Gaming Mouse,Accessories,Flacq,East,1,2200,0.0,1606.58,2200.0,1606.58,593.42
ORD05299,2024-03-11,C0348,Wireless Headphones,Accessories,Flacq,East,3,6500,0.05,4126.91,18525.0,12380.73,6144.27
ORD05300,2024-04-16,C0412,Mechanical Keyboard,Accessories,Port Louis,North,1,4200,0.0,3198.36,4200.0,3198.36,1001.64
ORD05301,2024-05-24,C0130,Printer,Office,Mahebourg,South,2,9500,0.05,7166.64,18050.0,14333.28,3716.72
ORD05302,2025-04-28,C0105,Mechanical Keyboard,Accessories,Curepipe,South,1,4200,0.1,2427.68,3780.0,2427.68,1352.32
ORD05303,2024-04-07,C0016,Office Chair,Furniture,Centre de Flacq,East,1,8500,0.05,5420.9,8075.0,5420.9,2654.1
ORD05304,2025-03-31,C0373,Smartphone X,Electronics,Centre de Flacq,East,1,28000,0.05,21484.48,26600.0,21484.48,5115.52
ORD05305,2025-01-07,C0136,USB-C Hub,Accessories,Quatre Bornes,West,1,1800,0.05,1284.76,1710.0,1284.76,425.24
ORD05306,2025-08-10,C0313,Gaming Mouse,Accessories,Flacq,East,1,2200,0.05,1651.84,2090.0,1651.84,438.16
ORD05307,2025-05-20,C0460,Wireless Headphones,Accessories,Quatre Bornes,West,2,6500,0.0,4554.59,13000.0,9109.18,3890.82
ORD05308,2024-11-22,C0366,Monitor 27,Electronics,Curepipe,South,2,12000,0.0,9210.25,24000.0,18420.5,5579.5
ORD05309,2025-07-11,C0110,Mechanical Keyboard,Accessories,Port Louis,North,1,4200,0.0,2597.58,4200.0,2597.58,1602.42
ORD05310,2025-01-07,C0018,Standing Desk,Furniture,Black River,West,3,15000,0.0,11198.95,45000.0,33596.85,11403.15
ORD05311,2025-05-04,C0428,Gaming Mouse,Accessories,Mahebourg,South,1,2200,0.0,1356.56,2200.0,1356.56,843.44
ORD05312,2024-04-24,C0083,Printer,Office,Curepipe,South,1,9500,0.05,7381.55,9025.0,7381.55,1643.45
ORD05313,2024-11-19,C0019,Standing Desk,Furniture,Curepipe,South,1,15000,0.05,9000.05,14250.0,9000.05,5249.95
ORD05314,2025-08-21,C0486,Smartphone X,Electronics,Mahebourg,South,1,28000,0.0,15787.16,28000.0,15787.16,12212.84
ORD05315,2024-09-22,C0221,Wireless Headphones,Accessories,Flacq,East,1,6500,0.05,3812.09,6175.0,3812.09,2362.91
ORD05316,2024-07-11,C0427,USB-C Hub,Accessories,Pamplemousses,North,1,1800,0.0,1290.39,1800.0,1290.39,509.61
ORD05317,2025-03-08,C0128,Gaming Mouse,Accessories,Flacq,East,1,2200,0.0,1211.2,2200.0,1211.2,988.8
ORD05318,2024-01-17,C0244,Wireless Headphones,Accessories,Port Louis,North,1,6500,0.1,4284.06,5850.0,4284.06,1565.94
ORD05319,2025-05-05,C0098,Smartphone X,Electronics,Quatre Bornes,West,1,28000,0.05,20452.31,26600.0,20452.31,6147.69
ORD05320,2024-03-08,C0491,Smartphone X,Electronics,Mahebourg,South,1,28000,0.0,19866.77,28000.0,19866.77,8133.23
ORD05321,2024-04-19,C0440,Printer,Office,Centre de Flacq,East,1,9500,0.05,7210.41,9025.0,7210.41,1814.59
ORD05322,2025-10-13,C0099,Monitor 27,Electronics,Black River,West,2,12000,0.1,9015.79,21600.0,18031.58,3568.42
ORD05323,2025-12-27,C0470,Gaming Mouse,Accessories,Black River,West,1,2200,0.0,1585.67,2200.0,1585.67,614.33
ORD05324,2024-09-26,C0085,Gaming Mouse,Accessories,Pamplemousses,North,2,2200,0.0,1411.88,4400.0,2823.76,1576.24
ORD05325,2024-01-02,C0157,Tablet Air,Electronics,Port Louis,North,1,18000,0.0,12245.26,18000.0,12245.26,5754.74
ORD05326,2024-12-08,C0387,Laptop Pro 14,Electronics,Flacq,East,2,45000,0.0,34775.62,90000.0,69551.24,20448.76
ORD05327,2024-12-08,C0131,Gaming Mouse,Accessories,Mahebourg,South,2,2200,0.15,1264.06,3740.0,2528.12,1211.88
ORD05328,2024-10-21,C0309,USB-C Hub,Accessories,Pamplemousses,North,1,1800,0.05,1373.48,1710.0,1373.48,336.52
ORD05329,2025-10-10,C0405,Mechanical Keyboard,Accessories,Quatre Bornes,West,4,4200,0.1,2413.92,15120.0,9655.68,5464.32
ORD05330,2025-10-18,C0391,Printer,Office,Mahebourg,South,1,9500,0.05,7293.84,9025.0,7293.84,1731.16
ORD05331,2025-02-20,C0299,Wireless Headphones,Accessories,Curepipe,South,1,6500,0.1,4585.62,5850.0,4585.62,1264.38
ORD05332,2024-05-26,C0274,Mechanical Keyboard,Accessories,Mahebourg,South,1,4200,0.05,3165.16,3990.0,3165.16,824.84
ORD05333,2025-01-18,C0428,Monitor 27,Electronics,Flacq,East,1,12000,0.0,7988.03,12000.0,7988.03,4011.97
ORD05334,2025-12-26,C0147,Office Chair,Furniture,Port Louis,North,1,8500,0.0,4835.26,8500.0,4835.26,3664.74
ORD05335,2024-04-19,C0403,Printer,Office,Mahebourg,South,1,9500,0.1,5672.08,8550.0,5672.08,2877.92
ORD05336,2025-05-19,C0420,Mechanical Keyboard,Accessories,Centre de Flacq,East,1,4200,0.0,2703.13,4200.0,2703.13,1496.87
ORD05337,2025-01-07,C0396,Wireless Headphones,Accessories,Mahebourg,South,2,6500,0.15,3790.28,11050.0,7580.56,3469.44
ORD05338,2024-04-02,C0306,Standing Desk,Furniture,Port Louis,North,2,15000,0.15,10902.47,25500.0,21804.94,3695.06
ORD05339,2025-10-21,C0492,Standing Desk,Furniture,Pamplemousses,North,1,15000,0.0,9877.65,15000.0,9877.65,5122.35
ORD05340,2025-04-10,C0413,Smartphone X,Electronics,Mahebourg,South,3,28000,0.0,17606.82,84000.0,52820.46,31179.54
ORD05341,2025-05-28,C0294,Smartphone X,Electronics,Port Louis,North,1,28000,0.0,16673.02,28000.0,16673.02,11326.98
ORD05342,2024-10-04,C0164,USB-C Hub,Accessories,Flacq,East,1,1800,0.1,1330.66,1620.0,1330.66,289.34
ORD05343,2025-05-09,C0133,Office Lamp,Office,Curepipe,South,1,1800,0.1,1056.81,1620.0,1056.81,563.19
ORD05344,2025-01-28,C0031,Wireless Headphones,Accessories,Mahebourg,South,1,6500,0.0,4205.41,6500.0,4205.41,2294.59
ORD05345,2024-06-22,C0387,USB-C Hub,Accessories,Black River,West,1,1800,0.0,1072.91,1800.0,1072.91,727.09
ORD05346,2024-06-09,C0310,Wireless Headphones,Accessories,Curepipe,South,1,6500,0.0,4231.83,6500.0,4231.83,2268.17
ORD05347,2024-06-27,C0392,Wireless Headphones,Accessories,Quatre Bornes,West,1,6500,0.05,3916.16,6175.0,3916.16,2258.84
ORD05348,2024-09-13,C0400,Laptop Pro 14,Electronics,Flacq,East,1,45000,0.05,28158.42,42750.0,28158.42,14591.58
ORD05349,2025-05-20,C0099,Gaming Mouse,Accessories,Quatre Bornes,West,3,2200,0.1,1560.9,5940.0,4682.7,1257.3
ORD05350,2025-08-29,C0383,USB-C Hub,Accessories,Port Louis,North,1,1800,0.0,1122.16,1800.0,1122.16,677.84
ORD05351,2024-05-01,C0141,Printer,Office,Port Louis,North,1,9500,0.05,5445.42,9025.0,5445.42,3579.58
ORD05352,2025-09-24,C0398,Tablet Air,Electronics,Black River,West,1,18000,0.0,12337.64,18000.0,12337.64,5662.36
ORD05353,2025-04-13,C0292,Office Lamp,Office,Port Louis,North,1,1800,0.0,995.57,1800.0,995.57,804.43
ORD05354,2024-12-05,C0323,Office Lamp,Office,Black River,West,2,1800,0.05,1159.51,3420.0,2319.02,1100.98
ORD05355,2025-04-21,C0031,Tablet Air,Electronics,Black River,West,2,18000,0.0,10798.45,36000.0,21596.9,14403.1
ORD05356,2025-05-24,C0330,Laptop Pro 14,Electronics,Flacq,East,1,45000,0.0,30438.76,45000.0,30438.76,14561.24
ORD05357,2024-05-28,C0289,Office Lamp,Office,Curepipe,South,1,1800,0.0,1061.77,1800.0,1061.77,738.23
ORD05358,2024-08-27,C0036,Smartphone X,Electronics,Mahebourg,South,4,28000,0.0,19540.61,112000.0,78162.44,33837.56
ORD05359,2024-01-13,C0389,Tablet Air,Electronics,Black River,West,1,18000,0.1,10934.63,16200.0,10934.63,5265.37
ORD05360,2025-06-07,C0312,Gaming Mouse,Accessories,Curepipe,South,1,2200,0.0,1418.04,2200.0,1418.04,781.96
ORD05361,2024-11-20,C0282,Monitor 27,Electronics,Pamplemousses,North,1,12000,0.0,6765.78,12000.0,6765.78,5234.22
ORD05362,2024-05-23,C0013,USB-C Hub,Accessories,Curepipe,South,2,1800,0.0,998.33,3600.0,1996.66,1603.34
ORD05363,2024-09-23,C0166,Gaming Mouse,Accessories,Black River,West,1,2200,0.0,1455.38,2200.0,1455.38,744.62
ORD05364,2025-07-04,C0490,Printer,Office,Flacq,East,1,9500,0.0,6005.82,9500.0,6005.82,3494.18
ORD05365,2025-06-07,C0279,Printer,Office,Pamplemousses,North,1,9500,0.1,7277.41,8550.0,7277.41,1272.59
ORD05366,2024-05-07,C0243,Tablet Air,Electronics,Flacq,East,1,18000,0.05,13254.29,17100.0,13254.29,3845.71
ORD05367,2024-08-15,C0232,Laptop Pro 14,Electronics,Flacq,East,1,45000,0.05,24936.85,42750.0,24936.85,17813.15
ORD05368,2025-12-01,C0265,USB-C Hub,Accessories,Black River,West,1,1800,0.05,1022.61,1710.0,1022.61,687.39
ORD05369,2025-12-16,C0011,USB-C Hub,Accessories,Port Louis,North,1,1800,0.05,1268.71,1710.0,1268.71,441.29
ORD05370,2024-12-12,C0105,Smartphone X,Electronics,Port Louis,North,1,28000,0.05,16621.15,26600.0,16621.15,9978.85
ORD05371,2024-08-29,C0268,Monitor 27,Electronics,Centre de Flacq,East,1,12000,0.1,8876.99,10800.0,8876.99,1923.01
ORD05372,2025-08-02,C0418,Standing Desk,Furniture,Mahebourg,South,1,15000,0.0,9855.54,15000.0,9855.54,5144.46
ORD05373,2025-09-05,C0439,Monitor 27,Electronics,Centre de Flacq,East,2,12000,0.05,9095.62,22800.0,18191.24,4608.76
ORD05374,2024-11-22,C0008,Office Chair,Furniture,Centre de Flacq,East,1,8500,0.05,5119.08,8075.0,5119.08,2955.92
ORD05375,2025-06-13,C0392,Office Lamp,Office,Port Louis,North,3,1800,0.0,1034.18,5400.0,3102.54,2297.46
ORD05376,2025-05-04,C0014,Standing Desk,Furniture,Port Louis,North,1,15000,0.1,11077.82,13500.0,11077.82,2422.18
ORD05377,2025-06-02,C0138,Tablet Air,Electronics,Port Louis,North,1,18000,0.0,11994.92,18000.0,11994.92,6005.08
ORD05378,2025-04-10,C0286,USB-C Hub,Accessories,Curepipe,South,1,1800,0.0,1083.99,1800.0,1083.99,716.01
ORD05379,2024-01-09,C0379,USB-C Hub,Accessories,Mahebourg,South,1,1800,0.0,1119.9,1800.0,1119.9,680.1
ORD05380,2025-10-19,C0202,Laptop Pro 14,Electronics,Port Louis,North,1,45000,0.0,27376.89,45000.0,27376.89,17623.11
ORD05381,2025-03-22,C0121,Tablet Air,Electronics,Mahebourg,South,2,18000,0.05,12675.11,34200.0,25350.22,8849.78
ORD05382,2025-10-29,C0440,Office Chair,Furniture,Pamplemousses,North,2,8500,0.0,5294.07,17000.0,10588.14,6411.86
ORD05383,2025-05-01,C0070,Tablet Air,Electronics,Pamplemousses,North,1,18000,0.05,11952.69,17100.0,11952.69,5147.31
ORD05384,2024-07-26,C0498,Mechanical Keyboard,Accessories,Pamplemousses,North,3,4200,0.05,2958.3,11970.0,8874.9,3095.1
ORD05385,2024-07-25,C0338,Smartphone X,Electronics,Quatre Bornes,West,2,28000,0.1,19123.31,50400.0,38246.62,12153.38
ORD05386,2024-04-13,C0336,USB-C Hub,Accessories,Curepipe,South,2,1800,0.05,1080.29,3420.0,2160.58,1259.42
ORD05387,2024-05-28,C0244,Wireless Headphones,Accessories,Port Louis,North,4,6500,0.0,3749.26,26000.0,14997.04,11002.96
ORD05388,2025-06-30,C0403,Tablet Air,Electronics,Pamplemousses,North,2,18000,0.0,13471.37,36000.0,26942.74,9057.26
ORD05389,2024-11-11,C0103,Gaming Mouse,Accessories,Black River,West,1,2200,0.1,1552.48,1980.0,1552.48,427.52
ORD05390,2025-04-12,C0104,Wireless Headphones,Accessories,Black River,West,1,6500,0.05,4881.25,6175.0,4881.25,1293.75
ORD05391,2024-05-31,C0458,Monitor 27,Electronics,Centre de Flacq,East,1,12000,0.05,8481.9,11400.0,8481.9,2918.1
ORD05392,2024-12-18,C0122,Smartphone X,Electronics,Black River,West,1,28000,0.0,21185.87,28000.0,21185.87,6814.13
ORD05393,2024-04-29,C0212,Gaming Mouse,Accessories,Flacq,East,1,2200,0.0,1647.25,2200.0,1647.25,552.75
ORD05394,2025-12-24,C0290,Printer,Office,Pamplemousses,North,2,9500,0.0,6655.97,19000.0,13311.94,5688.06
ORD05395,2025-08-24,C0174,Smartphone X,Electronics,Mahebourg,South,1,28000,0.0,21061.36,28000.0,21061.36,6938.64
ORD05396,2025-09-17,C0436,Smartphone X,Electronics,Pamplemousses,North,1,28000,0.0,18502.43,28000.0,18502.43,9497.57
ORD05397,2024-01-13,C0147,Gaming Mouse,Accessories,Curepipe,South,1,2200,0.15,1705.56,1870.0,1705.56,164.44
ORD05398,2025-04-21,C0112,Smartphone X,Electronics,Black River,West,1,28000,0.0,17419.92,28000.0,17419.92,10580.08
ORD05399,2025-08-06,C0260,USB-C Hub,Accessories,Flacq,East,2,1800,0.1,1127.81,3240.0,2255.62,984.38
ORD05400,2024-02-20,C0462,Smartphone X,Electronics,Port Louis,North,1,28000,0.0,19783.91,28000.0,19783.91,8216.09
ORD05401,2025-05-18,C0392,Mechanical Keyboard,Accessories,Port Louis,North,2,4200,0.05,2711.99,7980.0,5423.98,2556.02
ORD05402,2025-05-12,C0495,USB-C Hub,Accessories,Curepipe,South,1,1800,0.0,1107.93,1800.0,1107.93,692.07
ORD05403,2025-10-09,C0189,Wireless Headphones,Accessories,Quatre Bornes,West,1,6500,0.0,4314.7,6500.0,4314.7,2185.3
ORD05404,2025-05-04,C0409,Wireless Headphones,Accessories,Flacq,East,1,6500,0.0,3611.07,6500.0,3611.07,2888.93
ORD05405,2025-02-14,C0426,Wireless Headphones,Accessories,Quatre Bornes,West,3,6500,0.0,4344.0,19500.0,13032.0,6468.0
ORD05406,2025-06-27,C0493,Printer,Office,Black River,West,1,9500,0.0,5673.22,9500.0,5673.22,3826.78
ORD05407,2024-12-01,C0041,Laptop Pro 14,Electronics,Centre de Flacq,East,1,45000,0.0,27623.35,45000.0,27623.35,17376.65
ORD05408,2024-06-15,C0134,Mechanical Keyboard,Accessories,Mahebourg,South,1,4200,0.05,3236.69,3990.0,3236.69,753.31
ORD05409,2025-06-02,C0317,Mechanical Keyboard,Accessories,Quatre Bornes,West,2,4200,0.1,2919.54,7560.0,5839.08,1720.92
ORD05410,2025-02-27,C0152,Standing Desk,Furniture,Centre de Flacq,East,1,15000,0.1,10388.0,13500.0,10388.0,3112.0
ORD05411,2025-07-15,C0421,Laptop Pro 14,Electronics,Curepipe,South,1,45000,0.05,33756.4,42750.0,33756.4,8993.6
ORD05412,2024-12-14,C0105,Wireless Headphones,Accessories,Pamplemousses,North,2,6500,0.0,4024.39,13000.0,8048.78,4951.22
ORD05413,2025-07-30,C0162,Standing Desk,Furniture,Mahebourg,South,1,15000,0.05,9650.09,14250.0,9650.09,4599.91
ORD05414,2025-12-17,C0128,Tablet Air,Electronics,Centre de Flacq,East,1,18000,0.1,11378.21,16200.0,11378.21,4821.79
ORD05415,2024-02-06,C0178,Gaming Mouse,Accessories,Pamplemousses,North,4,2200,0.05,1521.59,8360.0,6086.36,2273.64
ORD05416,2024-01-20,C0361,Gaming Mouse,Accessories,Black River,West,1,2200,0.0,1620.43,2200.0,1620.43,579.57
ORD05417,2024-10-22,C0426,Office Chair,Furniture,Curepipe,South,2,8500,0.0,6322.46,17000.0,12644.92,4355.08
ORD05418,2025-10-26,C0080,Tablet Air,Electronics,Centre de Flacq,East,1,18000,0.0,12745.87,18000.0,12745.87,5254.13
ORD05419,2025-07-17,C0008,USB-C Hub,Accessories,Black River,West,2,1800,0.0,1247.69,3600.0,2495.38,1104.62
ORD05420,2025-01-23,C0401,Office Lamp,Office,Pamplemousses,North,1,1800,0.05,1380.77,1710.0,1380.77,329.23
ORD05421,2025-01-08,C0407,Printer,Office,Curepipe,South,1,9500,0.0,5811.59,9500.0,5811.59,3688.41
ORD05422,2024-08-17,C0168,Office Chair,Furniture,Pamplemousses,North,2,8500,0.0,6319.43,17000.0,12638.86,4361.14
ORD05423,2024-10-11,C0295,USB-C Hub,Accessories,Flacq,East,1,1800,0.0,1099.05,1800.0,1099.05,700.95
ORD05424,2025-09-29,C0111,Gaming Mouse,Accessories,Curepipe,South,2,2200,0.05,1672.03,4180.0,3344.06,835.94
ORD05425,2024-03-19,C0035,Office Chair,Furniture,Port Louis,North,1,8500,0.1,5748.1,7650.0,5748.1,1901.9
ORD05426,2024-12-16,C0443,Laptop Pro 14,Electronics,Flacq,East,1,45000,0.0,29977.25,45000.0,29977.25,15022.75
ORD05427,2025-09-17,C0499,Laptop Pro 14,Electronics,Black River,West,2,45000,0.1,26036.83,81000.0,52073.66,28926.34
ORD05428,2024-07-22,C0389,USB-C Hub,Accessories,Quatre Bornes,West,2,1800,0.1,998.29,3240.0,1996.58,1243.42
ORD05429,2025-07-21,C0376,Office Lamp,Office,Centre de Flacq,East,1,1800,0.0,1361.57,1800.0,1361.57,438.43
ORD05430,2024-04-19,C0478,Laptop Pro 14,Electronics,Curepipe,South,1,45000,0.0,26618.42,45000.0,26618.42,18381.58
ORD05431,2025-02-25,C0346,Mechanical Keyboard,Accessories,Pamplemousses,North,2,4200,0.1,2674.73,7560.0,5349.46,2210.54
ORD05432,2025-05-14,C0304,Office Lamp,Office,Curepipe,South,1,1800,0.0,1328.72,1800.0,1328.72,471.28
ORD05433,2024-05-12,C0477,Laptop Pro 14,Electronics,Port Louis,North,4,45000,0.0,27714.2,180000.0,110856.8,69143.2
ORD05434,2024-12-24,C0403,USB-C Hub,Accessories,Curepipe,South,1,1800,0.0,1222.38,1800.0,1222.38,577.62
ORD05435,2025-04-15,C0495,Monitor 27,Electronics,Quatre Bornes,West,2,12000,0.0,9176.47,24000.0,18352.94,5647.06
ORD05436,2024-06-12,C0248,Smartphone X,Electronics,Mahebourg,South,2,28000,0.0,19968.94,56000.0,39937.88,16062.12
ORD05437,2024-11-27,C0227,Standing Desk,Furniture,Port Louis,North,1,15000,0.05,9420.8,14250.0,9420.8,4829.2
ORD05438,2024-01-20,C0380,Wireless Headphones,Accessories,Curepipe,South,2,6500,0.0,4185.58,13000.0,8371.16,4628.84
ORD05439,2025-11-24,C0162,Wireless Headphones,Accessories,Port Louis,North,2,6500,0.0,3604.95,13000.0,7209.9,5790.1
ORD05440,2024-09-06,C0202,Smartphone X,Electronics,Centre de Flacq,East,1,28000,0.05,20308.49,26600.0,20308.49,6291.51
ORD05441,2024-09-07,C0487,Wireless Headphones,Accessories,Quatre Bornes,West,1,6500,0.0,4232.93,6500.0,4232.93,2267.07
ORD05442,2025-11-10,C0382,Tablet Air,Electronics,Port Louis,North,3,18000,0.0,9935.79,54000.0,29807.37,24192.63
ORD05443,2025-06-08,C0075,USB-C Hub,Accessories,Mahebourg,South,4,1800,0.0,1102.78,7200.0,4411.12,2788.88
ORD05444,2025-12-25,C0093,Wireless Headphones,Accessories,Flacq,East,1,6500,0.0,5028.6,6500.0,5028.6,1471.4
ORD05445,2024-04-09,C0019,Standing Desk,Furniture,Pamplemousses,North,2,15000,0.0,10400.8,30000.0,20801.6,9198.4
ORD05446,2024-10-13,C0092,Office Chair,Furniture,Quatre Bornes,West,1,8500,0.1,4855.19,7650.0,4855.19,2794.81
ORD05447,2025-10-28,C0328,Printer,Office,Mahebourg,South,4,9500,0.05,6074.41,36100.0,24297.64,11802.36
ORD05448,2025-12-21,C0243,Office Chair,Furniture,Curepipe,South,1,8500,0.0,5158.45,8500.0,5158.45,3341.55
ORD05449,2025-07-17,C0030,Gaming Mouse,Accessories,Pamplemousses,North,1,2200,0.0,1519.7,2200.0,1519.7,680.3
ORD05450,2024-04-22,C0493,Office Lamp,Office,Pamplemousses,North,1,1800,0.05,1358.82,1710.0,1358.82,351.18
ORD05451,2025-08-19,C0158,USB-C Hub,Accessories,Black River,West,1,1800,0.0,1341.01,1800.0,1341.01,458.99
ORD05452,2024-01-21,C0040,Tablet Air,Electronics,Port Louis,North,1,18000,0.05,13250.11,17100.0,13250.11,3849.89
ORD05453,2024-10-02,C0480,Printer,Office,Port Louis,North,1,9500,0.0,5830.41,9500.0,5830.41,3669.59
ORD05454,2025-02-17,C0271,Monitor 27,Electronics,Port Louis,North,4,12000,0.0,8757.91,48000.0,35031.64,12968.36
ORD05455,2024-10-01,C0311,Standing Desk,Furniture,Port Louis,North,4,15000,0.1,8636.2,54000.0,34544.8,19455.2
ORD05456,2024-07-11,C0029,Smartphone X,Electronics,Quatre Bornes,West,2,28000,0.0,19468.23,56000.0,38936.46,17063.54
ORD05457,2024-05-29,C0192,Smartphone X,Electronics,Mahebourg,South,1,28000,0.0,18272.49,28000.0,18272.49,9727.51
ORD05458,2025-08-30,C0325,Wireless Headphones,Accessories,Port Louis,North,1,6500,0.15,4286.04,5525.0,4286.04,1238.96
ORD05459,2025-08-04,C0364,Printer,Office,Flacq,East,1,9500,0.0,5948.35,9500.0,5948.35,3551.65
ORD05460,2024-03-09,C0122,Printer,Office,Black River,West,1,9500,0.0,6497.69,9500.0,6497.69,3002.31
ORD05461,2025-05-09,C0059,Gaming Mouse,Accessories,Pamplemousses,North,2,2200,0.05,1210.72,4180.0,2421.44,1758.56
ORD05462,2024-04-24,C0162,Smartphone X,Electronics,Curepipe,South,1,28000,0.1,16445.34,25200.0,16445.34,8754.66
ORD05463,2024-03-30,C0472,Standing Desk,Furniture,Pamplemousses,North,1,15000,0.0,11317.78,15000.0,11317.78,3682.22
ORD05464,2025-06-25,C0363,Tablet Air,Electronics,Quatre Bornes,West,1,18000,0.0,10709.13,18000.0,10709.13,7290.87
ORD05465,2025-09-30,C0423,Mechanical Keyboard,Accessories,Quatre Bornes,West,1,4200,0.1,2333.57,3780.0,2333.57,1446.43
ORD05466,2025-02-26,C0097,Office Lamp,Office,Centre de Flacq,East,2,1800,0.1,1152.64,3240.0,2305.28,934.72
ORD05467,2024-02-16,C0407,Tablet Air,Electronics,Flacq,East,1,18000,0.05,13928.7,17100.0,13928.7,3171.3
ORD05468,2024-03-18,C0341,Wireless Headphones,Accessories,Mahebourg,South,1,6500,0.05,4343.06,6175.0,4343.06,1831.94
ORD05469,2025-11-02,C0430,Standing Desk,Furniture,Mahebourg,South,1,15000,0.1,9625.16,13500.0,9625.16,3874.84
ORD05470,2024-03-03,C0004,Mechanical Keyboard,Accessories,Pamplemousses,North,1,4200,0.0,2963.65,4200.0,2963.65,1236.35
ORD05471,2024-10-08,C0135,Office Lamp,Office,Quatre Bornes,West,1,1800,0.0,1376.92,1800.0,1376.92,423.08
ORD05472,2024-09-15,C0401,Wireless Headphones,Accessories,Black River,West,2,6500,0.0,4609.19,13000.0,9218.38,3781.62
ORD05473,2024-03-19,C0226,Mechanical Keyboard,Accessories,Port Louis,North,3,4200,0.05,2577.06,11970.0,7731.18,4238.82
ORD05474,2025-08-01,C0322,Standing Desk,Furniture,Quatre Bornes,West,1,15000,0.0,10718.16,15000.0,10718.16,4281.84
ORD05475,2025-01-23,C0141,Gaming Mouse,Accessories,Mahebourg,South,1,2200,0.05,1399.0,2090.0,1399.0,691.0
ORD05476,2025-02-08,C0139,Smartphone X,Electronics,Port Louis,North,1,28000,0.0,17023.87,28000.0,17023.87,10976.13
ORD05477,2025-11-19,C0307,Monitor 27,Electronics,Mahebourg,South,3,12000,0.1,8281.92,32400.0,24845.76,7554.24
ORD05478,2024-12-12,C0081,Mechanical Keyboard,Accessories,Pamplemousses,North,1,4200,0.1,3220.48,3780.0,3220.48,559.52
ORD05479,2024-06-13,C0216,Tablet Air,Electronics,Curepipe,South,1,18000,0.1,11692.62,16200.0,11692.62,4507.38
ORD05480,2024-07-09,C0236,Mechanical Keyboard,Accessories,Black River,West,1,4200,0.0,2820.06,4200.0,2820.06,1379.94
ORD05481,2025-05-12,C0072,Monitor 27,Electronics,Pamplemousses,North,1,12000,0.15,6736.96,10200.0,6736.96,3463.04
ORD05482,2024-04-26,C0478,Printer,Office,Quatre Bornes,West,2,9500,0.0,6451.56,19000.0,12903.12,6096.88
ORD05483,2025-05-08,C0252,Laptop Pro 14,Electronics,Black River,West,1,45000,0.0,26254.55,45000.0,26254.55,18745.45
ORD05484,2024-08-12,C0387,Wireless Headphones,Accessories,Centre de Flacq,East,2,6500,0.1,4735.96,11700.0,9471.92,2228.08
ORD05485,2024-10-06,C0342,Monitor 27,Electronics,Mahebourg,South,1,12000,0.0,7257.01,12000.0,7257.01,4742.99
ORD05486,2024-07-14,C0443,Office Chair,Furniture,Quatre Bornes,West,3,8500,0.05,5019.03,24225.0,15057.09,9167.91
ORD05487,2025-09-09,C0219,USB-C Hub,Accessories,Port Louis,North,1,1800,0.0,1301.33,1800.0,1301.33,498.67
ORD05488,2025-11-11,C0123,USB-C Hub,Accessories,Flacq,East,1,1800,0.15,1044.23,1530.0,1044.23,485.77
ORD05489,2024-06-14,C0003,Standing Desk,Furniture,Centre de Flacq,East,1,15000,0.0,9302.28,15000.0,9302.28,5697.72
ORD05490,2024-09-07,C0267,Printer,Office,Pamplemousses,North,1,9500,0.0,7361.59,9500.0,7361.59,2138.41
ORD05491,2024-08-22,C0141,Laptop Pro 14,Electronics,Mahebourg,South,2,45000,0.0,33139.89,90000.0,66279.78,23720.22
ORD05492,2025-06-17,C0442,Office Lamp,Office,Curepipe,South,1,1800,0.0,1091.49,1800.0,1091.49,708.51
ORD05493,2025-02-12,C0030,Monitor 27,Electronics,Flacq,East,1,12000,0.05,7223.97,11400.0,7223.97,4176.03
ORD05494,2025-05-17,C0432,Office Chair,Furniture,Centre de Flacq,East,1,8500,0.0,5575.13,8500.0,5575.13,2924.87
ORD05495,2025-05-01,C0315,Gaming Mouse,Accessories,Mahebourg,South,1,2200,0.05,1570.23,2090.0,1570.23,519.77
ORD05496,2025-04-07,C0474,Smartphone X,Electronics,Curepipe,South,1,28000,0.0,19783.15,28000.0,19783.15,8216.85
ORD05497,2024-10-06,C0208,Gaming Mouse,Accessories,Centre de Flacq,East,1,2200,0.1,1573.59,1980.0,1573.59,406.41
ORD05498,2024-06-25,C0240,Wireless Headphones,Accessories,Flacq,East,2,6500,0.05,4457.78,12350.0,8915.56,3434.44
ORD05499,2025-10-05,C0046,Mechanical Keyboard,Accessories,Black River,West,1,4200,0.1,2937.9,3780.0,2937.9,842.1
ORD05500,2025-09-07,C0434,Mechanical Keyboard,Accessories,Pamplemousses,North,1,4200,0.15,3181.43,3570.0,3181.43,388.57
ORD05501,2024-12-31,C0463,Office Chair,Furniture,Flacq,East,1,8500,0.05,6310.5,8075.0,6310.5,1764.5
ORD05502,2025-06-25,C0111,Mechanical Keyboard,Accessories,Flacq,East,2,4200,0.05,2809.69,7980.0,5619.38,2360.62
ORD05503,2025-05-13,C0052,USB-C Hub,Accessories,Flacq,East,2,1800,0.1,1200.02,3240.0,2400.04,839.96
ORD05504,2024-10-23,C0064,Office Chair,Furniture,Quatre Bornes,West,1,8500,0.05,6464.11,8075.0,6464.11,1610.89
ORD05505,2025-04-30,C0124,Monitor 27,Electronics,Port Louis,North,1,12000,0.0,8228.78,12000.0,8228.78,3771.22
ORD05506,2025-12-10,C0254,Tablet Air,Electronics,Centre de Flacq,East,1,18000,0.1,13766.46,16200.0,13766.46,2433.54
ORD05507,2025-07-21,C0096,Standing Desk,Furniture,Centre de Flacq,East,1,15000,0.0,9672.33,15000.0,9672.33,5327.67
ORD05508,2024-12-08,C0393,Tablet Air,Electronics,Mahebourg,South,1,18000,0.0,10901.66,18000.0,10901.66,7098.34
ORD05509,2025-09-17,C0320,USB-C Hub,Accessories,Centre de Flacq,East,1,1800,0.05,1327.32,1710.0,1327.32,382.68
ORD05510,2024-07-03,C0290,Mechanical Keyboard,Accessories,Pamplemousses,North,1,4200,0.0,2942.09,4200.0,2942.09,1257.91
ORD05511,2024-05-19,C0147,Laptop Pro 14,Electronics,Black River,West,1,45000,0.1,25607.9,40500.0,25607.9,14892.1
ORD05512,2024-09-01,C0437,Office Lamp,Office,Pamplemousses,North,1,1800,0.0,1308.65,1800.0,1308.65,491.35
ORD05513,2024-08-10,C0077,USB-C Hub,Accessories,Quatre Bornes,West,1,1800,0.1,1204.14,1620.0,1204.14,415.86
ORD05514,2025-09-06,C0448,Office Lamp,Office,Quatre Bornes,West,1,1800,0.0,1261.86,1800.0,1261.86,538.14
ORD05515,2024-12-27,C0377,Standing Desk,Furniture,Quatre Bornes,West,2,15000,0.0,8472.73,30000.0,16945.46,13054.54
ORD05516,2025-01-19,C0014,Mechanical Keyboard,Accessories,Centre de Flacq,East,2,4200,0.05,2632.76,7980.0,5265.52,2714.48
ORD05517,2024-11-20,C0435,Monitor 27,Electronics,Pamplemousses,North,1,12000,0.05,9038.44,11400.0,9038.44,2361.56
ORD05518,2025-11-25,C0446,Office Chair,Furniture,Curepipe,South,1,8500,0.0,4765.1,8500.0,4765.1,3734.9
ORD05519,2024-02-23,C0461,Laptop Pro 14,Electronics,Centre de Flacq,East,2,45000,0.0,27464.65,90000.0,54929.3,35070.7
ORD05520,2024-05-17,C0295,Gaming Mouse,Accessories,Port Louis,North,2,2200,0.05,1507.41,4180.0,3014.82,1165.18
ORD05521,2024-08-08,C0073,Laptop Pro 14,Electronics,Pamplemousses,North,1,45000,0.05,34270.05,42750.0,34270.05,8479.95
ORD05522,2024-11-27,C0481,Wireless Headphones,Accessories,Port Louis,North,1,6500,0.1,5001.9,5850.0,5001.9,848.1
ORD05523,2025-05-17,C0026,Office Chair,Furniture,Flacq,East,1,8500,0.0,5871.61,8500.0,5871.61,2628.39
ORD05524,2024-04-21,C0231,Office Chair,Furniture,Mahebourg,South,1,8500,0.15,5253.57,7225.0,5253.57,1971.43
ORD05525,2025-12-01,C0325,Office Lamp,Office,Pamplemousses,North,1,1800,0.05,1198.71,1710.0,1198.71,511.29
ORD05526,2024-09-02,C0441,Printer,Office,Centre de Flacq,East,1,9500,0.0,5915.39,9500.0,5915.39,3584.61
ORD05527,2024-10-02,C0272,Wireless Headphones,Accessories,Mahebourg,South,2,6500,0.0,4670.77,13000.0,9341.54,3658.46
ORD05528,2024-08-22,C0049,Smartphone X,Electronics,Pamplemousses,North,1,28000,0.0,19314.53,28000.0,19314.53,8685.47
ORD05529,2024-04-07,C0161,Monitor 27,Electronics,Mahebourg,South,2,12000,0.0,9117.41,24000.0,18234.82,5765.18
ORD05530,2024-07-12,C0377,Laptop Pro 14,Electronics,Mahebourg,South,1,45000,0.05,28811.84,42750.0,28811.84,13938.16
ORD05531,2025-10-10,C0089,Gaming Mouse,Accessories,Quatre Bornes,West,1,2200,0.1,1589.65,1980.0,1589.65,390.35
ORD05532,2024-05-18,C0232,Monitor 27,Electronics,Black River,West,1,12000,0.0,8379.17,12000.0,8379.17,3620.83
ORD05533,2025-06-22,C0082,Mechanical Keyboard,Accessories,Pamplemousses,North,1,4200,0.0,2458.93,4200.0,2458.93,1741.07
ORD05534,2025-06-08,C0012,Monitor 27,Electronics,Mahebourg,South,1,12000,0.1,7814.51,10800.0,7814.51,2985.49
ORD05535,2024-11-02,C0068,USB-C Hub,Accessories,Centre de Flacq,East,1,1800,0.0,1290.13,1800.0,1290.13,509.87
ORD05536,2024-09-18,C0118,Standing Desk,Furniture,Mahebourg,South,1,15000,0.0,11443.37,15000.0,11443.37,3556.63
ORD05537,2025-05-20,C0125,Printer,Office,Mahebourg,South,1,9500,0.1,7109.22,8550.0,7109.22,1440.78
ORD05538,2025-06-17,C0298,Office Chair,Furniture,Pamplemousses,North,1,8500,0.05,6411.05,8075.0,6411.05,1663.95
ORD05539,2024-02-21,C0457,Standing Desk,Furniture,Port Louis,North,3,15000,0.0,10705.62,45000.0,32116.86,12883.14
ORD05540,2025-01-17,C0479,Office Lamp,Office,Quatre Bornes,West,1,1800,0.1,1046.65,1620.0,1046.65,573.35
ORD05541,2025-11-09,C0132,Mechanical Keyboard,Accessories,Mahebourg,South,1,4200,0.0,2642.0,4200.0,2642.0,1558.0
ORD05542,2025-12-18,C0300,Gaming Mouse,Accessories,Curepipe,South,1,2200,0.05,1468.55,2090.0,1468.55,621.45
ORD05543,2024-08-07,C0158,Wireless Headphones,Accessories,Mahebourg,South,2,6500,0.1,4720.57,11700.0,9441.14,2258.86
ORD05544,2024-09-26,C0270,Tablet Air,Electronics,Flacq,East,2,18000,0.0,10887.83,36000.0,21775.66,14224.34
ORD05545,2025-08-23,C0318,Office Chair,Furniture,Port Louis,North,1,8500,0.1,5008.46,7650.0,5008.46,2641.54
ORD05546,2024-01-25,C0047,Wireless Headphones,Accessories,Black River,West,1,6500,0.1,4994.78,5850.0,4994.78,855.22
ORD05547,2024-07-27,C0295,Tablet Air,Electronics,Black River,West,2,18000,0.0,13750.81,36000.0,27501.62,8498.38
ORD05548,2025-09-10,C0169,Gaming Mouse,Accessories,Centre de Flacq,East,1,2200,0.05,1507.24,2090.0,1507.24,582.76
ORD05549,2025-11-27,C0437,Gaming Mouse,Accessories,Mahebourg,South,1,2200,0.05,1381.03,2090.0,1381.03,708.97
ORD05550,2025-03-05,C0373,Gaming Mouse,Accessories,Curepipe,South,2,2200,0.1,1465.86,3960.0,2931.72,1028.28
ORD05551,2024-03-07,C0264,Smartphone X,Electronics,Centre de Flacq,East,2,28000,0.0,16098.85,56000.0,32197.7,23802.3
ORD05552,2025-01-29,C0136,Office Chair,Furniture,Black River,West,1,8500,0.1,5960.68,7650.0,5960.68,1689.32
ORD05553,2025-06-15,C0475,Office Chair,Furniture,Pamplemousses,North,2,8500,0.0,6599.44,17000.0,13198.88,3801.12
ORD05554,2024-01-18,C0015,USB-C Hub,Accessories,Centre de Flacq,East,1,1800,0.1,1188.82,1620.0,1188.82,431.18
ORD05555,2025-05-10,C0036,Tablet Air,Electronics,Flacq,East,1,18000,0.0,10365.68,18000.0,10365.68,7634.32
ORD05556,2024-01-17,C0005,Office Lamp,Office,Quatre Bornes,West,1,1800,0.0,1135.23,1800.0,1135.23,664.77
ORD05557,2025-04-29,C0026,Printer,Office,Mahebourg,South,2,9500,0.0,5830.63,19000.0,11661.26,7338.74
ORD05558,2025-09-12,C0088,Tablet Air,Electronics,Mahebourg,South,1,18000,0.0,10710.49,18000.0,10710.49,7289.51
ORD05559,2025-05-03,C0479,Printer,Office,Mahebourg,South,2,9500,0.0,6459.35,19000.0,12918.7,6081.3
ORD05560,2025-11-24,C0092,Laptop Pro 14,Electronics,Quatre Bornes,West,1,45000,0.0,34162.56,45000.0,34162.56,10837.44
ORD05561,2025-12-07,C0368,Office Chair,Furniture,Quatre Bornes,West,1,8500,0.05,5299.29,8075.0,5299.29,2775.71
ORD05562,2025-02-04,C0021,Mechanical Keyboard,Accessories,Port Louis,North,2,4200,0.05,2799.77,7980.0,5599.54,2380.46
ORD05563,2024-11-03,C0001,USB-C Hub,Accessories,Quatre Bornes,West,1,1800,0.0,1277.97,1800.0,1277.97,522.03
ORD05564,2024-05-29,C0441,USB-C Hub,Accessories,Pamplemousses,North,1,1800,0.0,1234.82,1800.0,1234.82,565.18
ORD05565,2025-10-13,C0034,Mechanical Keyboard,Accessories,Port Louis,North,2,4200,0.15,2383.96,7140.0,4767.92,2372.08
ORD05566,2024-04-24,C0229,Office Lamp,Office,Curepipe,South,2,1800,0.05,1001.59,3420.0,2003.18,1416.82
ORD05567,2024-07-15,C0063,Printer,Office,Curepipe,South,1,9500,0.15,5869.04,8075.0,5869.04,2205.96
ORD05568,2025-08-04,C0496,Wireless Headphones,Accessories,Curepipe,South,1,6500,0.1,4787.95,5850.0,4787.95,1062.05
ORD05569,2024-07-19,C0055,Printer,Office,Curepipe,South,1,9500,0.0,6084.52,9500.0,6084.52,3415.48
ORD05570,2024-10-08,C0381,Mechanical Keyboard,Accessories,Curepipe,South,1,4200,0.0,2991.6,4200.0,2991.6,1208.4
ORD05571,2024-05-25,C0196,Mechanical Keyboard,Accessories,Curepipe,South,2,4200,0.15,2668.92,7140.0,5337.84,1802.16
ORD05572,2025-05-30,C0209,Mechanical Keyboard,Accessories,Mahebourg,South,1,4200,0.0,2329.33,4200.0,2329.33,1870.67
ORD05573,2025-07-16,C0150,Laptop Pro 14,Electronics,Port Louis,North,1,45000,0.0,28481.86,45000.0,28481.86,16518.14
ORD05574,2025-08-28,C0461,Mechanical Keyboard,Accessories,Mahebourg,South,1,4200,0.0,2521.43,4200.0,2521.43,1678.57
ORD05575,2024-03-21,C0021,Laptop Pro 14,Electronics,Port Louis,North,2,45000,0.1,29693.24,81000.0,59386.48,21613.52
ORD05576,2024-08-25,C0282,Standing Desk,Furniture,Flacq,East,1,15000,0.1,8782.22,13500.0,8782.22,4717.78
ORD05577,2025-07-26,C0027,Office Chair,Furniture,Mahebourg,South,2,8500,0.05,5899.82,16150.0,11799.64,4350.36
ORD05578,2025-10-15,C0191,USB-C Hub,Accessories,Pamplemousses,North,1,1800,0.0,1147.95,1800.0,1147.95,652.05
ORD05579,2025-02-24,C0311,Office Chair,Furniture,Pamplemousses,North,1,8500,0.1,6157.76,7650.0,6157.76,1492.24
ORD05580,2025-05-20,C0233,Laptop Pro 14,Electronics,Black River,West,1,45000,0.0,34459.45,45000.0,34459.45,10540.55
ORD05581,2025-11-06,C0042,Office Chair,Furniture,Curepipe,South,3,8500,0.05,5195.11,24225.0,15585.33,8639.67
ORD05582,2024-11-22,C0339,Printer,Office,Flacq,East,1,9500,0.0,5634.78,9500.0,5634.78,3865.22
ORD05583,2025-03-15,C0234,Wireless Headphones,Accessories,Pamplemousses,North,1,6500,0.0,4484.47,6500.0,4484.47,2015.53
ORD05584,2025-06-04,C0232,Smartphone X,Electronics,Mahebourg,South,1,28000,0.05,17695.26,26600.0,17695.26,8904.74
ORD05585,2025-04-17,C0117,Monitor 27,Electronics,Quatre Bornes,West,1,12000,0.05,7876.99,11400.0,7876.99,3523.01
ORD05586,2024-12-08,C0168,Mechanical Keyboard,Accessories,Port Louis,North,3,4200,0.1,3198.36,11340.0,9595.08,1744.92
ORD05587,2025-08-29,C0007,Gaming Mouse,Accessories,Pamplemousses,North,1,2200,0.05,1432.49,2090.0,1432.49,657.51
ORD05588,2024-02-20,C0123,Standing Desk,Furniture,Centre de Flacq,East,1,15000,0.0,9727.13,15000.0,9727.13,5272.87
ORD05589,2025-01-19,C0384,Mechanical Keyboard,Accessories,Curepipe,South,4,4200,0.0,2471.0,16800.0,9884.0,6916.0
ORD05590,2024-03-19,C0159,Monitor 27,Electronics,Mahebourg,South,1,12000,0.05,7078.07,11400.0,7078.07,4321.93
ORD05591,2024-12-22,C0288,Gaming Mouse,Accessories,Port Louis,North,1,2200,0.0,1503.43,2200.0,1503.43,696.57
ORD05592,2024-04-22,C0280,Office Lamp,Office,Pamplemousses,North,1,1800,0.0,1340.37,1800.0,1340.37,459.63
ORD05593,2024-01-03,C0097,Smartphone X,Electronics,Centre de Flacq,East,1,28000,0.0,21006.77,28000.0,21006.77,6993.23
ORD05594,2024-03-27,C0008,Standing Desk,Furniture,Curepipe,South,1,15000,0.05,9732.03,14250.0,9732.03,4517.97
ORD05595,2025-10-01,C0152,Wireless Headphones,Accessories,Curepipe,South,2,6500,0.05,4382.07,12350.0,8764.14,3585.86
ORD05596,2024-08-06,C0373,Standing Desk,Furniture,Port Louis,North,1,15000,0.0,8996.83,15000.0,8996.83,6003.17
ORD05597,2024-01-17,C0357,Smartphone X,Electronics,Port Louis,North,1,28000,0.05,18955.53,26600.0,18955.53,7644.47
ORD05598,2024-08-21,C0406,Printer,Office,Mahebourg,South,4,9500,0.05,6405.69,36100.0,25622.76,10477.24
ORD05599,2024-08-25,C0323,Office Lamp,Office,Mahebourg,South,1,1800,0.0,1063.26,1800.0,1063.26,736.74
ORD05600,2025-06-27,C0079,Gaming Mouse,Accessories,Black River,West,1,2200,0.1,1517.41,1980.0,1517.41,462.59
ORD05601,2024-11-17,C0048,Smartphone X,Electronics,Centre de Flacq,East,1,28000,0.1,15764.39,25200.0,15764.39,9435.61
ORD05602,2025-08-15,C0320,Standing Desk,Furniture,Port Louis,North,1,15000,0.0,8653.86,15000.0,8653.86,6346.14
ORD05603,2024-07-05,C0015,USB-C Hub,Accessories,Black River,West,1,1800,0.0,1243.29,1800.0,1243.29,556.71
ORD05604,2025-11-19,C0315,Office Lamp,Office,Curepipe,South,2,1800,0.1,1100.26,3240.0,2200.52,1039.48
ORD05605,2025-04-13,C0171,Gaming Mouse,Accessories,Curepipe,South,1,2200,0.0,1341.69,2200.0,1341.69,858.31
ORD05606,2024-04-10,C0286,Laptop Pro 14,Electronics,Pamplemousses,North,1,45000,0.0,29738.89,45000.0,29738.89,15261.11
ORD05607,2024-08-12,C0290,Gaming Mouse,Accessories,Mahebourg,South,2,2200,0.1,1579.62,3960.0,3159.24,800.76
ORD05608,2025-08-21,C0280,Office Lamp,Office,Curepipe,South,1,1800,0.0,1031.71,1800.0,1031.71,768.29
ORD05609,2025-03-18,C0109,Office Lamp,Office,Pamplemousses,North,1,1800,0.05,1400.41,1710.0,1400.41,309.59
ORD05610,2024-12-24,C0401,Smartphone X,Electronics,Curepipe,South,2,28000,0.1,21674.64,50400.0,43349.28,7050.72
ORD05611,2024-11-11,C0353,Office Chair,Furniture,Black River,West,1,8500,0.1,6162.79,7650.0,6162.79,1487.21
ORD05612,2024-07-04,C0106,Smartphone X,Electronics,Port Louis,North,2,28000,0.05,16844.85,53200.0,33689.7,19510.3
ORD05613,2025-02-21,C0450,Gaming Mouse,Accessories,Quatre Bornes,West,2,2200,0.0,1579.06,4400.0,3158.12,1241.88
ORD05614,2024-09-14,C0176,Office Chair,Furniture,Mahebourg,South,1,8500,0.05,5525.16,8075.0,5525.16,2549.84
ORD05615,2024-02-18,C0426,Gaming Mouse,Accessories,Quatre Bornes,West,1,2200,0.0,1704.29,2200.0,1704.29,495.71
ORD05616,2024-08-16,C0365,Laptop Pro 14,Electronics,Mahebourg,South,1,45000,0.0,30372.05,45000.0,30372.05,14627.95
ORD05617,2024-08-05,C0344,Wireless Headphones,Accessories,Quatre Bornes,West,1,6500,0.0,3797.75,6500.0,3797.75,2702.25
ORD05618,2024-07-27,C0254,Printer,Office,Pamplemousses,North,1,9500,0.0,6303.93,9500.0,6303.93,3196.07
ORD05619,2024-01-05,C0142,Monitor 27,Electronics,Mahebourg,South,2,12000,0.1,8863.2,21600.0,17726.4,3873.6
ORD05620,2025-07-16,C0129,Standing Desk,Furniture,Pamplemousses,North,2,15000,0.0,9741.62,30000.0,19483.24,10516.76
ORD05621,2024-01-11,C0458,Laptop Pro 14,Electronics,Port Louis,North,1,45000,0.0,27178.91,45000.0,27178.91,17821.09
ORD05622,2025-03-26,C0023,Office Chair,Furniture,Pamplemousses,North,2,8500,0.0,4695.59,17000.0,9391.18,7608.82
ORD05623,2024-09-01,C0290,Smartphone X,Electronics,Port Louis,North,1,28000,0.05,16876.66,26600.0,16876.66,9723.34
ORD05624,2025-04-18,C0465,Printer,Office,Flacq,East,1,9500,0.05,6370.0,9025.0,6370.0,2655.0
ORD05625,2024-03-02,C0068,Smartphone X,Electronics,Pamplemousses,North,1,28000,0.0,16408.78,28000.0,16408.78,11591.22
ORD05626,2024-12-27,C0461,Tablet Air,Electronics,Black River,West,1,18000,0.0,12553.08,18000.0,12553.08,5446.92
ORD05627,2024-08-25,C0100,Tablet Air,Electronics,Port Louis,North,4,18000,0.05,11448.93,68400.0,45795.72,22604.28
ORD05628,2025-09-25,C0478,Laptop Pro 14,Electronics,Port Louis,North,2,45000,0.0,33570.04,90000.0,67140.08,22859.92
ORD05629,2025-08-15,C0265,Office Chair,Furniture,Quatre Bornes,West,1,8500,0.15,5391.23,7225.0,5391.23,1833.77
ORD05630,2024-05-11,C0063,Monitor 27,Electronics,Pamplemousses,North,1,12000,0.0,9203.44,12000.0,9203.44,2796.56
ORD05631,2024-04-27,C0096,Wireless Headphones,Accessories,Curepipe,South,2,6500,0.0,4713.99,13000.0,9427.98,3572.02
ORD05632,2025-06-03,C0087,Laptop Pro 14,Electronics,Mahebourg,South,1,45000,0.1,27485.36,40500.0,27485.36,13014.64
ORD05633,2025-07-21,C0266,Printer,Office,Quatre Bornes,West,1,9500,0.1,6494.28,8550.0,6494.28,2055.72
ORD05634,2024-01-27,C0468,Wireless Headphones,Accessories,Quatre Bornes,West,1,6500,0.0,4459.95,6500.0,4459.95,2040.05
ORD05635,2024-04-09,C0144,USB-C Hub,Accessories,Mahebourg,South,1,1800,0.0,1083.12,1800.0,1083.12,716.88
ORD05636,2024-04-26,C0132,Printer,Office,Curepipe,South,2,9500,0.0,6502.34,19000.0,13004.68,5995.32
ORD05637,2024-02-27,C0206,USB-C Hub,Accessories,Port Louis,North,1,1800,0.0,1061.15,1800.0,1061.15,738.85
ORD05638,2024-11-26,C0410,Standing Desk,Furniture,Curepipe,South,1,15000,0.0,10133.37,15000.0,10133.37,4866.63
ORD05639,2024-04-15,C0128,Printer,Office,Port Louis,North,1,9500,0.05,6350.45,9025.0,6350.45,2674.55
ORD05640,2025-04-30,C0103,Smartphone X,Electronics,Port Louis,North,2,28000,0.0,20833.06,56000.0,41666.12,14333.88
ORD05641,2025-06-09,C0427,Printer,Office,Pamplemousses,North,1,9500,0.0,6301.09,9500.0,6301.09,3198.91
ORD05642,2024-07-30,C0491,Wireless Headphones,Accessories,Quatre Bornes,West,3,6500,0.15,3632.43,16575.0,10897.29,5677.71
ORD05643,2024-04-19,C0115,Office Chair,Furniture,Mahebourg,South,1,8500,0.0,6603.92,8500.0,6603.92,1896.08
ORD05644,2025-11-23,C0445,Tablet Air,Electronics,Flacq,East,1,18000,0.0,10723.75,18000.0,10723.75,7276.25
ORD05645,2024-08-05,C0132,Smartphone X,Electronics,Pamplemousses,North,1,28000,0.0,17864.89,28000.0,17864.89,10135.11
ORD05646,2025-02-28,C0184,Tablet Air,Electronics,Curepipe,South,1,18000,0.05,12835.41,17100.0,12835.41,4264.59
ORD05647,2024-07-17,C0495,Monitor 27,Electronics,Pamplemousses,North,1,12000,0.0,7591.08,12000.0,7591.08,4408.92
ORD05648,2025-12-17,C0022,Smartphone X,Electronics,Pamplemousses,North,3,28000,0.0,18359.21,84000.0,55077.63,28922.37
ORD05649,2024-07-30,C0421,USB-C Hub,Accessories,Flacq,East,1,1800,0.15,1173.84,1530.0,1173.84,356.16
ORD05650,2025-01-13,C0139,Printer,Office,Mahebourg,South,1,9500,0.05,6133.13,9025.0,6133.13,2891.87
ORD05651,2025-02-14,C0227,Mechanical Keyboard,Accessories,Flacq,East,1,4200,0.05,2972.71,3990.0,2972.71,1017.29
ORD05652,2025-01-16,C0269,Tablet Air,Electronics,Pamplemousses,North,1,18000,0.0,13987.01,18000.0,13987.01,4012.99
ORD05653,2025-10-20,C0384,Office Chair,Furniture,Mahebourg,South,1,8500,0.0,6009.19,8500.0,6009.19,2490.81
ORD05654,2025-04-27,C0346,Mechanical Keyboard,Accessories,Black River,West,2,4200,0.0,3188.38,8400.0,6376.76,2023.24
ORD05655,2025-11-16,C0144,USB-C Hub,Accessories,Black River,West,1,1800,0.0,1203.01,1800.0,1203.01,596.99
ORD05656,2024-12-19,C0376,Gaming Mouse,Accessories,Port Louis,North,2,2200,0.0,1295.6,4400.0,2591.2,1808.8
ORD05657,2025-07-19,C0136,Office Lamp,Office,Quatre Bornes,West,1,1800,0.0,1395.22,1800.0,1395.22,404.78
ORD05658,2024-12-27,C0045,Wireless Headphones,Accessories,Quatre Bornes,West,1,6500,0.15,4869.02,5525.0,4869.02,655.98
ORD05659,2025-02-10,C0148,Wireless Headphones,Accessories,Quatre Bornes,West,1,6500,0.0,4722.76,6500.0,4722.76,1777.24
ORD05660,2025-09-06,C0262,Office Lamp,Office,Pamplemousses,North,1,1800,0.0,1127.18,1800.0,1127.18,672.82
ORD05661,2025-02-25,C0036,Tablet Air,Electronics,Flacq,East,1,18000,0.0,12777.61,18000.0,12777.61,5222.39
ORD05662,2025-08-26,C0410,Monitor 27,Electronics,Quatre Bornes,West,1,12000,0.15,8973.73,10200.0,8973.73,1226.27
ORD05663,2024-04-14,C0028,Gaming Mouse,Accessories,Curepipe,South,1,2200,0.1,1687.28,1980.0,1687.28,292.72
ORD05664,2024-10-14,C0463,Gaming Mouse,Accessories,Flacq,East,1,2200,0.0,1407.13,2200.0,1407.13,792.87
ORD05665,2024-11-21,C0138,Office Lamp,Office,Curepipe,South,1,1800,0.1,1225.12,1620.0,1225.12,394.88
ORD05666,2024-11-22,C0047,Laptop Pro 14,Electronics,Quatre Bornes,West,1,45000,0.0,28961.52,45000.0,28961.52,16038.48
ORD05667,2025-10-17,C0377,Standing Desk,Furniture,Quatre Bornes,West,1,15000,0.0,10588.7,15000.0,10588.7,4411.3
ORD05668,2025-06-18,C0432,Standing Desk,Furniture,Quatre Bornes,West,1,15000,0.0,9676.53,15000.0,9676.53,5323.47
ORD05669,2024-08-08,C0336,Printer,Office,Black River,West,1,9500,0.0,6402.89,9500.0,6402.89,3097.11
ORD05670,2025-10-14,C0395,USB-C Hub,Accessories,Pamplemousses,North,2,1800,0.05,1133.9,3420.0,2267.8,1152.2
ORD05671,2025-06-19,C0200,Smartphone X,Electronics,Quatre Bornes,West,2,28000,0.05,17059.34,53200.0,34118.68,19081.32
ORD05672,2024-05-01,C0089,Office Chair,Furniture,Black River,West,1,8500,0.0,6383.22,8500.0,6383.22,2116.78
ORD05673,2025-02-01,C0036,Monitor 27,Electronics,Centre de Flacq,East,1,12000,0.05,7731.13,11400.0,7731.13,3668.87
ORD05674,2024-08-16,C0250,Smartphone X,Electronics,Quatre Bornes,West,1,28000,0.1,19852.96,25200.0,19852.96,5347.04
ORD05675,2024-01-03,C0327,Printer,Office,Quatre Bornes,West,2,9500,0.05,6804.59,18050.0,13609.18,4440.82
ORD05676,2025-01-01,C0253,Office Chair,Furniture,Port Louis,North,1,8500,0.05,5162.08,8075.0,5162.08,2912.92
ORD05677,2024-04-04,C0490,Wireless Headphones,Accessories,Black River,West,1,6500,0.0,4101.33,6500.0,4101.33,2398.67
ORD05678,2024-02-12,C0355,Tablet Air,Electronics,Pamplemousses,North,1,18000,0.05,11299.91,17100.0,11299.91,5800.09
ORD05679,2024-05-27,C0350,Monitor 27,Electronics,Centre de Flacq,East,1,12000,0.0,8448.99,12000.0,8448.99,3551.01
ORD05680,2025-10-29,C0460,Office Lamp,Office,Pamplemousses,North,2,1800,0.05,1313.52,3420.0,2627.04,792.96
ORD05681,2025-01-11,C0479,Office Chair,Furniture,Mahebourg,South,1,8500,0.0,6488.32,8500.0,6488.32,2011.68
ORD05682,2024-07-17,C0378,Smartphone X,Electronics,Flacq,East,1,28000,0.05,18717.34,26600.0,18717.34,7882.66
ORD05683,2025-04-26,C0016,Tablet Air,Electronics,Port Louis,North,2,18000,0.1,13527.0,32400.0,27054.0,5346.0
ORD05684,2025-07-28,C0062,Office Lamp,Office,Curepipe,South,1,1800,0.0,1092.33,1800.0,1092.33,707.67
ORD05685,2025-10-19,C0004,Wireless Headphones,Accessories,Port Louis,North,1,6500,0.05,4119.58,6175.0,4119.58,2055.42
ORD05686,2024-10-13,C0029,Standing Desk,Furniture,Centre de Flacq,East,1,15000,0.0,10288.74,15000.0,10288.74,4711.26
ORD05687,2024-07-01,C0096,Laptop Pro 14,Electronics,Quatre Bornes,West,1,45000,0.05,32407.57,42750.0,32407.57,10342.43
ORD05688,2025-05-09,C0182,Wireless Headphones,Accessories,Curepipe,South,2,6500,0.0,3802.54,13000.0,7605.08,5394.92
ORD05689,2025-05-19,C0019,Office Lamp,Office,Curepipe,South,1,1800,0.1,1164.57,1620.0,1164.57,455.43
ORD05690,2024-05-17,C0183,Monitor 27,Electronics,Port Louis,North,1,12000,0.0,9329.42,12000.0,9329.42,2670.58
ORD05691,2025-02-07,C0172,Monitor 27,Electronics,Centre de Flacq,East,1,12000,0.0,8417.1,12000.0,8417.1,3582.9
ORD05692,2025-11-17,C0234,Printer,Office,Black River,West,1,9500,0.05,6051.84,9025.0,6051.84,2973.16
ORD05693,2024-04-19,C0394,Standing Desk,Furniture,Black River,West,1,15000,0.0,9857.92,15000.0,9857.92,5142.08
ORD05694,2025-10-16,C0381,Mechanical Keyboard,Accessories,Pamplemousses,North,2,4200,0.0,3188.61,8400.0,6377.22,2022.78
ORD05695,2024-08-13,C0053,Wireless Headphones,Accessories,Centre de Flacq,East,1,6500,0.0,3651.97,6500.0,3651.97,2848.03
ORD05696,2025-11-04,C0299,USB-C Hub,Accessories,Curepipe,South,2,1800,0.05,1012.89,3420.0,2025.78,1394.22
ORD05697,2025-03-01,C0284,Printer,Office,Curepipe,South,1,9500,0.0,7220.58,9500.0,7220.58,2279.42
ORD05698,2024-02-26,C0309,Wireless Headphones,Accessories,Mahebourg,South,1,6500,0.05,4848.13,6175.0,4848.13,1326.87
ORD05699,2024-02-08,C0113,Tablet Air,Electronics,Centre de Flacq,East,2,18000,0.05,12636.27,34200.0,25272.54,8927.46
ORD05700,2024-03-23,C0239,USB-C Hub,Accessories,Curepipe,South,1,1800,0.05,1341.08,1710.0,1341.08,368.92
ORD05701,2025-06-23,C0345,Office Chair,Furniture,Port Louis,North,1,8500,0.0,5024.26,8500.0,5024.26,3475.74
ORD05702,2024-05-14,C0029,Tablet Air,Electronics,Quatre Bornes,West,1,18000,0.0,11866.3,18000.0,11866.3,6133.7
ORD05703,2025-10-23,C0079,Standing Desk,Furniture,Mahebourg,South,2,15000,0.05,8989.4,28500.0,17978.8,10521.2
ORD05704,2024-04-07,C0239,Smartphone X,Electronics,Pamplemousses,North,2,28000,0.05,20460.74,53200.0,40921.48,12278.52
ORD05705,2025-06-13,C0350,Office Lamp,Office,Port Louis,North,2,1800,0.1,1125.42,3240.0,2250.84,989.16
ORD05706,2024-04-09,C0419,Printer,Office,Quatre Bornes,West,1,9500,0.05,5388.07,9025.0,5388.07,3636.93
ORD05707,2024-03-30,C0292,Office Lamp,Office,Mahebourg,South,1,1800,0.0,1180.43,1800.0,1180.43,619.57
ORD05708,2024-12-19,C0249,Wireless Headphones,Accessories,Curepipe,South,1,6500,0.0,4209.93,6500.0,4209.93,2290.07
ORD05709,2025-07-20,C0325,Smartphone X,Electronics,Pamplemousses,North,1,28000,0.0,18054.65,28000.0,18054.65,9945.35
ORD05710,2025-03-16,C0154,Tablet Air,Electronics,Centre de Flacq,East,1,18000,0.15,11174.58,15300.0,11174.58,4125.42
ORD05711,2025-09-11,C0267,Tablet Air,Electronics,Centre de Flacq,East,2,18000,0.05,11452.34,34200.0,22904.68,11295.32
ORD05712,2024-11-06,C0173,Wireless Headphones,Accessories,Black River,West,1,6500,0.05,3796.46,6175.0,3796.46,2378.54
ORD05713,2025-08-15,C0341,Office Lamp,Office,Curepipe,South,1,1800,0.1,1382.65,1620.0,1382.65,237.35
ORD05714,2024-03-27,C0367,Office Lamp,Office,Mahebourg,South,1,1800,0.0,1315.38,1800.0,1315.38,484.62
ORD05715,2024-01-08,C0406,Standing Desk,Furniture,Black River,West,2,15000,0.1,10128.6,27000.0,20257.2,6742.8
ORD05716,2024-10-13,C0183,Office Chair,Furniture,Port Louis,North,2,8500,0.0,4800.05,17000.0,9600.1,7399.9
ORD05717,2025-07-29,C0349,Office Lamp,Office,Centre de Flacq,East,1,1800,0.0,1204.38,1800.0,1204.38,595.62
ORD05718,2024-02-28,C0490,Tablet Air,Electronics,Port Louis,North,1,18000,0.0,13949.53,18000.0,13949.53,4050.47
ORD05719,2025-07-30,C0271,Monitor 27,Electronics,Black River,West,1,12000,0.0,8609.02,12000.0,8609.02,3390.98
ORD05720,2025-04-28,C0226,Office Chair,Furniture,Pamplemousses,North,1,8500,0.0,5792.76,8500.0,5792.76,2707.24
ORD05721,2025-10-31,C0337,Smartphone X,Electronics,Black River,West,2,28000,0.0,17041.53,56000.0,34083.06,21916.94
ORD05722,2024-04-30,C0209,Wireless Headphones,Accessories,Port Louis,North,1,6500,0.0,4181.61,6500.0,4181.61,2318.39
ORD05723,2024-01-08,C0345,Printer,Office,Port Louis,North,3,9500,0.0,7111.96,28500.0,21335.88,7164.12
ORD05724,2024-10-22,C0310,Monitor 27,Electronics,Mahebourg,South,1,12000,0.0,7451.78,12000.0,7451.78,4548.22
ORD05725,2025-12-01,C0356,Laptop Pro 14,Electronics,Black River,West,1,45000,0.05,26904.72,42750.0,26904.72,15845.28
ORD05726,2025-09-01,C0225,Printer,Office,Centre de Flacq,East,2,9500,0.05,6925.69,18050.0,13851.38,4198.62
ORD05727,2024-03-13,C0248,Office Chair,Furniture,Mahebourg,South,1,8500,0.0,6005.75,8500.0,6005.75,2494.25
ORD05728,2025-03-03,C0454,Gaming Mouse,Accessories,Curepipe,South,2,2200,0.05,1342.41,4180.0,2684.82,1495.18
ORD05729,2024-09-23,C0210,Printer,Office,Black River,West,1,9500,0.0,5951.92,9500.0,5951.92,3548.08
ORD05730,2024-01-07,C0262,Wireless Headphones,Accessories,Quatre Bornes,West,1,6500,0.0,4640.89,6500.0,4640.89,1859.11
ORD05731,2025-03-20,C0219,Monitor 27,Electronics,Flacq,East,2,12000,0.05,8852.79,22800.0,17705.58,5094.42
ORD05732,2024-04-10,C0363,Tablet Air,Electronics,Port Louis,North,1,18000,0.0,10154.36,18000.0,10154.36,7845.64
ORD05733,2025-04-09,C0492,Gaming Mouse,Accessories,Port Louis,North,2,2200,0.05,1687.64,4180.0,3375.28,804.72
ORD05734,2024-12-18,C0054,Office Lamp,Office,Centre de Flacq,East,1,1800,0.0,1080.08,1800.0,1080.08,719.92
ORD05735,2024-10-18,C0263,Tablet Air,Electronics,Pamplemousses,North,2,18000,0.1,13193.01,32400.0,26386.02,6013.98
ORD05736,2024-03-08,C0089,Standing Desk,Furniture,Curepipe,South,1,15000,0.05,9051.88,14250.0,9051.88,5198.12
ORD05737,2025-09-10,C0082,Office Lamp,Office,Port Louis,North,1,1800,0.0,1110.41,1800.0,1110.41,689.59
ORD05738,2025-11-19,C0451,Wireless Headphones,Accessories,Pamplemousses,North,1,6500,0.0,5028.22,6500.0,5028.22,1471.78
ORD05739,2025-10-16,C0286,Wireless Headphones,Accessories,Flacq,East,2,6500,0.0,4080.93,13000.0,8161.86,4838.14
ORD05740,2024-12-24,C0187,Laptop Pro 14,Electronics,Centre de Flacq,East,1,45000,0.0,33422.42,45000.0,33422.42,11577.58
ORD05741,2025-02-24,C0323,Mechanical Keyboard,Accessories,Pamplemousses,North,1,4200,0.05,2549.07,3990.0,2549.07,1440.93
ORD05742,2024-08-19,C0314,Laptop Pro 14,Electronics,Port Louis,North,1,45000,0.0,35016.15,45000.0,35016.15,9983.85
ORD05743,2024-09-30,C0072,Mechanical Keyboard,Accessories,Pamplemousses,North,2,4200,0.0,2462.19,8400.0,4924.38,3475.62
ORD05744,2024-07-14,C0100,Mechanical Keyboard,Accessories,Curepipe,South,2,4200,0.0,2914.21,8400.0,5828.42,2571.58
ORD05745,2024-03-21,C0130,Laptop Pro 14,Electronics,Pamplemousses,North,1,45000,0.05,32914.03,42750.0,32914.03,9835.97
ORD05746,2025-10-18,C0086,Laptop Pro 14,Electronics,Black River,West,1,45000,0.0,33076.92,45000.0,33076.92,11923.08
ORD05747,2024-09-30,C0344,Office Chair,Furniture,Pamplemousses,North,2,8500,0.0,4864.96,17000.0,9729.92,7270.08
ORD05748,2024-09-20,C0233,Standing Desk,Furniture,Mahebourg,South,3,15000,0.15,10887.13,38250.0,32661.39,5588.61
ORD05749,2024-06-10,C0208,Office Lamp,Office,Port Louis,North,1,1800,0.0,1354.37,1800.0,1354.37,445.63
ORD05750,2025-07-05,C0396,Standing Desk,Furniture,Pamplemousses,North,1,15000,0.0,9751.13,15000.0,9751.13,5248.87
ORD05751,2024-06-14,C0364,Standing Desk,Furniture,Pamplemousses,North,1,15000,0.1,11607.84,13500.0,11607.84,1892.16
ORD05752,2024-08-13,C0161,Standing Desk,Furniture,Port Louis,North,1,15000,0.0,10810.0,15000.0,10810.0,4190.0
ORD05753,2024-04-23,C0452,Mechanical Keyboard,Accessories,Centre de Flacq,East,2,4200,0.0,2610.91,8400.0,5221.82,3178.18
ORD05754,2025-09-03,C0067,Wireless Headphones,Accessories,Black River,West,1,6500,0.0,3866.15,6500.0,3866.15,2633.85
ORD05755,2024-02-16,C0035,Wireless Headphones,Accessories,Black River,West,2,6500,0.0,3733.44,13000.0,7466.88,5533.12
ORD05756,2024-10-22,C0094,Smartphone X,Electronics,Mahebourg,South,2,28000,0.0,18741.06,56000.0,37482.12,18517.88
ORD05757,2025-11-24,C0212,Tablet Air,Electronics,Port Louis,North,2,18000,0.0,10698.86,36000.0,21397.72,14602.28
ORD05758,2025-01-03,C0298,Office Chair,Furniture,Mahebourg,South,1,8500,0.05,5235.21,8075.0,5235.21,2839.79
ORD05759,2024-10-05,C0474,Standing Desk,Furniture,Pamplemousses,North,3,15000,0.0,9093.95,45000.0,27281.85,17718.15
ORD05760,2024-04-21,C0085,Printer,Office,Pamplemousses,North,2,9500,0.0,5684.7,19000.0,11369.4,7630.6
ORD05761,2025-01-06,C0301,Office Lamp,Office,Flacq,East,2,1800,0.1,1020.84,3240.0,2041.68,1198.32
ORD05762,2024-06-29,C0448,Gaming Mouse,Accessories,Flacq,East,1,2200,0.05,1693.86,2090.0,1693.86,396.14
ORD05763,2025-03-22,C0054,Laptop Pro 14,Electronics,Port Louis,North,1,45000,0.0,26673.42,45000.0,26673.42,18326.58
ORD05764,2025-04-13,C0470,Wireless Headphones,Accessories,Pamplemousses,North,2,6500,0.15,4948.85,11050.0,9897.7,1152.3
ORD05765,2025-08-20,C0039,Smartphone X,Electronics,Mahebourg,South,4,28000,0.0,17040.51,112000.0,68162.04,43837.96
ORD05766,2025-06-29,C0091,Office Lamp,Office,Curepipe,South,1,1800,0.0,1059.66,1800.0,1059.66,740.34
ORD05767,2024-09-12,C0304,USB-C Hub,Accessories,Port Louis,North,1,1800,0.0,1031.46,1800.0,1031.46,768.54
ORD05768,2024-10-10,C0472,Laptop Pro 14,Electronics,Port Louis,North,3,45000,0.1,27333.89,121500.0,82001.67,39498.33
ORD05769,2024-04-15,C0236,Office Chair,Furniture,Centre de Flacq,East,2,8500,0.1,5432.75,15300.0,10865.5,4434.5
ORD05770,2024-04-01,C0110,Mechanical Keyboard,Accessories,Port Louis,North,1,4200,0.1,3171.56,3780.0,3171.56,608.44
ORD05771,2024-05-23,C0169,Gaming Mouse,Accessories,Port Louis,North,1,2200,0.0,1322.09,2200.0,1322.09,877.91
ORD05772,2025-09-16,C0259,Mechanical Keyboard,Accessories,Mahebourg,South,2,4200,0.05,2883.15,7980.0,5766.3,2213.7
ORD05773,2025-03-12,C0257,Wireless Headphones,Accessories,Black River,West,2,6500,0.15,4527.64,11050.0,9055.28,1994.72
ORD05774,2024-07-23,C0315,Mechanical Keyboard,Accessories,Centre de Flacq,East,2,4200,0.0,3063.67,8400.0,6127.34,2272.66
ORD05775,2024-08-16,C0356,Laptop Pro 14,Electronics,Black River,West,2,45000,0.05,24825.94,85500.0,49651.88,35848.12
ORD05776,2025-06-23,C0301,Wireless Headphones,Accessories,Mahebourg,South,1,6500,0.0,3880.56,6500.0,3880.56,2619.44
ORD05777,2024-09-14,C0020,Gaming Mouse,Accessories,Mahebourg,South,1,2200,0.1,1666.8,1980.0,1666.8,313.2
ORD05778,2025-09-04,C0399,Smartphone X,Electronics,Pamplemousses,North,1,28000,0.0,19393.06,28000.0,19393.06,8606.94
ORD05779,2024-06-23,C0007,Laptop Pro 14,Electronics,Mahebourg,South,1,45000,0.0,25198.32,45000.0,25198.32,19801.68
ORD05780,2025-05-29,C0111,Wireless Headphones,Accessories,Port Louis,North,1,6500,0.05,5034.07,6175.0,5034.07,1140.93
ORD05781,2024-09-19,C0225,Laptop Pro 14,Electronics,Port Louis,North,2,45000,0.05,26425.81,85500.0,52851.62,32648.38
ORD05782,2025-02-20,C0123,Smartphone X,Electronics,Black River,West,1,28000,0.0,19451.13,28000.0,19451.13,8548.87
ORD05783,2025-04-29,C0216,USB-C Hub,Accessories,Black River,West,1,1800,0.05,1190.84,1710.0,1190.84,519.16
ORD05784,2024-06-12,C0002,Smartphone X,Electronics,Black River,West,1,28000,0.15,21743.5,23800.0,21743.5,2056.5
ORD05785,2024-10-19,C0331,USB-C Hub,Accessories,Port Louis,North,3,1800,0.0,1403.7,5400.0,4211.1,1188.9
ORD05786,2025-04-05,C0432,Smartphone X,Electronics,Flacq,East,1,28000,0.1,19387.46,25200.0,19387.46,5812.54
ORD05787,2024-04-06,C0330,Monitor 27,Electronics,Curepipe,South,2,12000,0.0,7330.03,24000.0,14660.06,9339.94
ORD05788,2024-06-15,C0318,Monitor 27,Electronics,Black River,West,1,12000,0.0,8418.51,12000.0,8418.51,3581.49
ORD05789,2025-02-20,C0484,Mechanical Keyboard,Accessories,Black River,West,2,4200,0.05,2810.05,7980.0,5620.1,2359.9
ORD05790,2025-02-18,C0453,Mechanical Keyboard,Accessories,Mahebourg,South,1,4200,0.05,2847.29,3990.0,2847.29,1142.71
ORD05791,2025-06-23,C0352,Wireless Headphones,Accessories,Pamplemousses,North,4,6500,0.0,4048.72,26000.0,16194.88,9805.12
ORD05792,2025-01-17,C0360,Smartphone X,Electronics,Port Louis,North,1,28000,0.05,21044.19,26600.0,21044.19,5555.81
ORD05793,2024-11-16,C0071,Smartphone X,Electronics,Quatre Bornes,West,1,28000,0.0,19268.78,28000.0,19268.78,8731.22
ORD05794,2024-03-01,C0186,Tablet Air,Electronics,Centre de Flacq,East,2,18000,0.0,13746.69,36000.0,27493.38,8506.62
ORD05795,2025-12-21,C0296,Gaming Mouse,Accessories,Black River,West,1,2200,0.0,1244.31,2200.0,1244.31,955.69
ORD05796,2025-06-13,C0102,Wireless Headphones,Accessories,Flacq,East,2,6500,0.15,3699.84,11050.0,7399.68,3650.32
ORD05797,2025-09-18,C0026,Printer,Office,Flacq,East,1,9500,0.0,7173.49,9500.0,7173.49,2326.51
ORD05798,2024-06-01,C0424,USB-C Hub,Accessories,Port Louis,North,1,1800,0.0,1160.01,1800.0,1160.01,639.99
ORD05799,2024-03-21,C0156,Office Chair,Furniture,Black River,West,1,8500,0.0,5944.37,8500.0,5944.37,2555.63
ORD05800,2025-08-10,C0472,Monitor 27,Electronics,Port Louis,North,1,12000,0.1,9109.68,10800.0,9109.68,1690.32
ORD05801,2024-05-17,C0063,Gaming Mouse,Accessories,Flacq,East,1,2200,0.0,1348.56,2200.0,1348.56,851.44
ORD05802,2025-10-06,C0469,Tablet Air,Electronics,Port Louis,North,4,18000,0.0,12018.7,72000.0,48074.8,23925.2
ORD05803,2025-10-25,C0148,USB-C Hub,Accessories,Mahebourg,South,3,1800,0.05,1313.82,5130.0,3941.46,1188.54
ORD05804,2024-03-08,C0156,Gaming Mouse,Accessories,Black River,West,1,2200,0.0,1664.97,2200.0,1664.97,535.03
ORD05805,2024-04-26,C0419,Office Lamp,Office,Pamplemousses,North,2,1800,0.0,1368.64,3600.0,2737.28,862.72
ORD05806,2024-01-22,C0179,Tablet Air,Electronics,Quatre Bornes,West,1,18000,0.0,12655.36,18000.0,12655.36,5344.64
ORD05807,2025-05-07,C0115,Printer,Office,Pamplemousses,North,2,9500,0.05,6258.1,18050.0,12516.2,5533.8
ORD05808,2025-02-11,C0155,Standing Desk,Furniture,Pamplemousses,North,1,15000,0.0,9389.81,15000.0,9389.81,5610.19
ORD05809,2025-03-25,C0156,Standing Desk,Furniture,Curepipe,South,1,15000,0.0,8434.05,15000.0,8434.05,6565.95
ORD05810,2024-06-13,C0101,Office Lamp,Office,Curepipe,South,2,1800,0.0,1170.01,3600.0,2340.02,1259.98
ORD05811,2024-09-07,C0155,Office Lamp,Office,Quatre Bornes,West,2,1800,0.0,1282.65,3600.0,2565.3,1034.7
ORD05812,2025-05-04,C0362,Tablet Air,Electronics,Curepipe,South,2,18000,0.05,11562.57,34200.0,23125.14,11074.86
ORD05813,2025-01-09,C0216,Standing Desk,Furniture,Centre de Flacq,East,1,15000,0.0,9050.17,15000.0,9050.17,5949.83
ORD05814,2025-10-03,C0164,Mechanical Keyboard,Accessories,Mahebourg,South,1,4200,0.15,2647.15,3570.0,2647.15,922.85
ORD05815,2025-08-04,C0248,Mechanical Keyboard,Accessories,Port Louis,North,2,4200,0.0,3049.11,8400.0,6098.22,2301.78
ORD05816,2024-11-04,C0496,Printer,Office,Flacq,East,1,9500,0.0,5976.19,9500.0,5976.19,3523.81
ORD05817,2024-07-03,C0065,Smartphone X,Electronics,Curepipe,South,2,28000,0.0,19669.5,56000.0,39339.0,16661.0
ORD05818,2025-12-28,C0149,Tablet Air,Electronics,Pamplemousses,North,1,18000,0.0,13823.05,18000.0,13823.05,4176.95
ORD05819,2024-12-22,C0139,Mechanical Keyboard,Accessories,Port Louis,North,1,4200,0.05,2709.77,3990.0,2709.77,1280.23
ORD05820,2024-06-13,C0163,USB-C Hub,Accessories,Pamplemousses,North,2,1800,0.0,1135.04,3600.0,2270.08,1329.92
ORD05821,2024-07-19,C0029,Office Lamp,Office,Mahebourg,South,1,1800,0.15,1366.38,1530.0,1366.38,163.62
ORD05822,2024-03-04,C0039,Office Lamp,Office,Centre de Flacq,East,3,1800,0.0,1374.13,5400.0,4122.39,1277.61
ORD05823,2024-03-09,C0421,Laptop Pro 14,Electronics,Black River,West,1,45000,0.1,31343.35,40500.0,31343.35,9156.65
ORD05824,2024-08-15,C0325,USB-C Hub,Accessories,Pamplemousses,North,1,1800,0.05,1158.2,1710.0,1158.2,551.8
ORD05825,2024-02-09,C0316,Tablet Air,Electronics,Pamplemousses,North,3,18000,0.1,13125.56,48600.0,39376.68,9223.32
ORD05826,2024-05-11,C0280,Printer,Office,Flacq,East,1,9500,0.0,6153.93,9500.0,6153.93,3346.07
ORD05827,2025-05-14,C0412,USB-C Hub,Accessories,Mahebourg,South,1,1800,0.0,1346.92,1800.0,1346.92,453.08
ORD05828,2025-05-27,C0282,Smartphone X,Electronics,Pamplemousses,North,1,28000,0.0,17934.34,28000.0,17934.34,10065.66
ORD05829,2024-08-14,C0372,Wireless Headphones,Accessories,Mahebourg,South,1,6500,0.0,4562.33,6500.0,4562.33,1937.67
ORD05830,2025-08-13,C0266,Monitor 27,Electronics,Pamplemousses,North,1,12000,0.0,8982.85,12000.0,8982.85,3017.15
ORD05831,2025-11-20,C0205,Laptop Pro 14,Electronics,Mahebourg,South,3,45000,0.0,30756.06,135000.0,92268.18,42731.82
ORD05832,2024-03-26,C0247,Standing Desk,Furniture,Black River,West,1,15000,0.0,10565.98,15000.0,10565.98,4434.02
ORD05833,2024-05-20,C0441,Mechanical Keyboard,Accessories,Black River,West,2,4200,0.0,2674.3,8400.0,5348.6,3051.4
ORD05834,2025-06-17,C0247,USB-C Hub,Accessories,Flacq,East,1,1800,0.0,1321.58,1800.0,1321.58,478.42
ORD05835,2024-01-23,C0010,Gaming Mouse,Accessories,Curepipe,South,2,2200,0.05,1692.71,4180.0,3385.42,794.58
ORD05836,2025-10-06,C0190,Office Lamp,Office,Curepipe,South,1,1800,0.0,1186.1,1800.0,1186.1,613.9
ORD05837,2025-09-18,C0412,Standing Desk,Furniture,Centre de Flacq,East,1,15000,0.1,10100.71,13500.0,10100.71,3399.29
ORD05838,2024-09-14,C0234,Office Lamp,Office,Port Louis,North,2,1800,0.05,1111.44,3420.0,2222.88,1197.12
ORD05839,2024-10-16,C0408,Tablet Air,Electronics,Black River,West,1,18000,0.0,12843.28,18000.0,12843.28,5156.72
ORD05840,2025-12-21,C0444,Monitor 27,Electronics,Curepipe,South,1,12000,0.0,8777.06,12000.0,8777.06,3222.94
ORD05841,2025-09-21,C0025,Tablet Air,Electronics,Black River,West,2,18000,0.0,13035.48,36000.0,26070.96,9929.04
ORD05842,2025-12-03,C0294,Mechanical Keyboard,Accessories,Mahebourg,South,2,4200,0.1,2582.98,7560.0,5165.96,2394.04
ORD05843,2025-10-25,C0110,Standing Desk,Furniture,Quatre Bornes,West,2,15000,0.15,11343.12,25500.0,22686.24,2813.76
ORD05844,2024-04-11,C0088,Tablet Air,Electronics,Centre de Flacq,East,1,18000,0.1,10274.43,16200.0,10274.43,5925.57
ORD05845,2024-09-03,C0246,Standing Desk,Furniture,Centre de Flacq,East,3,15000,0.0,8602.32,45000.0,25806.96,19193.04
ORD05846,2025-03-25,C0219,Laptop Pro 14,Electronics,Black River,West,4,45000,0.0,33241.65,180000.0,132966.6,47033.4
ORD05847,2025-05-27,C0109,Gaming Mouse,Accessories,Port Louis,North,1,2200,0.0,1551.86,2200.0,1551.86,648.14
ORD05848,2025-07-25,C0265,Printer,Office,Pamplemousses,North,1,9500,0.0,6934.3,9500.0,6934.3,2565.7
ORD05849,2024-05-15,C0381,Office Chair,Furniture,Pamplemousses,North,1,8500,0.0,6276.23,8500.0,6276.23,2223.77
ORD05850,2025-09-19,C0372,Wireless Headphones,Accessories,Pamplemousses,North,1,6500,0.05,4086.57,6175.0,4086.57,2088.43
ORD05851,2025-09-08,C0195,Mechanical Keyboard,Accessories,Pamplemousses,North,2,4200,0.0,2862.19,8400.0,5724.38,2675.62
ORD05852,2024-07-11,C0373,Wireless Headphones,Accessories,Black River,West,1,6500,0.15,5054.85,5525.0,5054.85,470.15
ORD05853,2025-10-08,C0241,Gaming Mouse,Accessories,Port Louis,North,2,2200,0.0,1394.87,4400.0,2789.74,1610.26
ORD05854,2024-12-14,C0416,Smartphone X,Electronics,Black River,West,2,28000,0.0,21328.48,56000.0,42656.96,13343.04
ORD05855,2025-10-08,C0455,Office Lamp,Office,Port Louis,North,1,1800,0.0,1251.34,1800.0,1251.34,548.66
ORD05856,2025-07-28,C0343,Tablet Air,Electronics,Port Louis,North,1,18000,0.1,11743.81,16200.0,11743.81,4456.19
ORD05857,2025-10-26,C0007,Laptop Pro 14,Electronics,Port Louis,North,2,45000,0.0,33837.0,90000.0,67674.0,22326.0
ORD05858,2024-04-03,C0354,Gaming Mouse,Accessories,Port Louis,North,1,2200,0.0,1637.53,2200.0,1637.53,562.47
ORD05859,2024-03-12,C0367,Gaming Mouse,Accessories,Black River,West,1,2200,0.1,1547.58,1980.0,1547.58,432.42
ORD05860,2025-10-11,C0418,Office Chair,Furniture,Mahebourg,South,1,8500,0.1,5465.42,7650.0,5465.42,2184.58
ORD05861,2025-11-07,C0107,Smartphone X,Electronics,Quatre Bornes,West,1,28000,0.0,19601.98,28000.0,19601.98,8398.02
ORD05862,2025-08-03,C0260,Gaming Mouse,Accessories,Curepipe,South,1,2200,0.05,1298.35,2090.0,1298.35,791.65
ORD05863,2025-01-03,C0486,Printer,Office,Pamplemousses,North,1,9500,0.0,6173.87,9500.0,6173.87,3326.13
ORD05864,2024-12-02,C0006,Tablet Air,Electronics,Curepipe,South,1,18000,0.05,13083.75,17100.0,13083.75,4016.25
ORD05865,2024-09-23,C0245,Office Chair,Furniture,Flacq,East,1,8500,0.0,5613.26,8500.0,5613.26,2886.74
ORD05866,2024-03-05,C0305,Office Chair,Furniture,Mahebourg,South,1,8500,0.0,4989.6,8500.0,4989.6,3510.4
ORD05867,2024-11-09,C0222,Printer,Office,Flacq,East,3,9500,0.0,6481.43,28500.0,19444.29,9055.71
ORD05868,2024-01-13,C0062,Mechanical Keyboard,Accessories,Curepipe,South,1,4200,0.1,2848.62,3780.0,2848.62,931.38
ORD05869,2024-08-08,C0158,Monitor 27,Electronics,Port Louis,North,1,12000,0.15,8806.03,10200.0,8806.03,1393.97
ORD05870,2024-01-13,C0403,Gaming Mouse,Accessories,Quatre Bornes,West,4,2200,0.05,1259.78,8360.0,5039.12,3320.88
ORD05871,2025-12-10,C0210,Wireless Headphones,Accessories,Centre de Flacq,East,1,6500,0.0,4088.88,6500.0,4088.88,2411.12
ORD05872,2024-03-26,C0190,Office Lamp,Office,Pamplemousses,North,1,1800,0.05,1112.06,1710.0,1112.06,597.94
ORD05873,2025-10-15,C0128,Gaming Mouse,Accessories,Black River,West,1,2200,0.0,1221.97,2200.0,1221.97,978.03
ORD05874,2024-10-31,C0038,Monitor 27,Electronics,Quatre Bornes,West,1,12000,0.0,8594.29,12000.0,8594.29,3405.71
ORD05875,2024-03-03,C0495,Monitor 27,Electronics,Quatre Bornes,West,2,12000,0.0,9171.79,24000.0,18343.58,5656.42
ORD05876,2025-07-24,C0392,Office Lamp,Office,Port Louis,North,1,1800,0.0,1398.43,1800.0,1398.43,401.57
ORD05877,2024-10-18,C0014,Wireless Headphones,Accessories,Flacq,East,1,6500,0.15,4295.01,5525.0,4295.01,1229.99
ORD05878,2025-09-25,C0414,Office Chair,Furniture,Black River,West,1,8500,0.1,5393.02,7650.0,5393.02,2256.98
ORD05879,2024-12-11,C0420,Office Lamp,Office,Curepipe,South,2,1800,0.0,1274.18,3600.0,2548.36,1051.64
ORD05880,2025-05-03,C0021,USB-C Hub,Accessories,Mahebourg,South,1,1800,0.05,1315.09,1710.0,1315.09,394.91
ORD05881,2024-06-13,C0338,Laptop Pro 14,Electronics,Pamplemousses,North,1,45000,0.0,25483.35,45000.0,25483.35,19516.65
ORD05882,2025-08-30,C0026,USB-C Hub,Accessories,Black River,West,1,1800,0.0,1267.06,1800.0,1267.06,532.94
ORD05883,2025-06-20,C0044,Tablet Air,Electronics,Black River,West,1,18000,0.1,12046.4,16200.0,12046.4,4153.6
ORD05884,2024-02-02,C0289,Tablet Air,Electronics,Black River,West,1,18000,0.05,12419.36,17100.0,12419.36,4680.64
ORD05885,2025-08-21,C0136,Office Lamp,Office,Port Louis,North,1,1800,0.1,1234.21,1620.0,1234.21,385.79
ORD05886,2025-09-10,C0115,Office Lamp,Office,Quatre Bornes,West,1,1800,0.0,1220.02,1800.0,1220.02,579.98
ORD05887,2024-03-21,C0407,Wireless Headphones,Accessories,Flacq,East,2,6500,0.1,4557.14,11700.0,9114.28,2585.72
ORD05888,2025-03-23,C0083,Monitor 27,Electronics,Port Louis,North,1,12000,0.05,7976.9,11400.0,7976.9,3423.1
ORD05889,2024-05-05,C0105,Wireless Headphones,Accessories,Curepipe,South,3,6500,0.0,3834.33,19500.0,11502.99,7997.01
ORD05890,2025-01-05,C0462,Gaming Mouse,Accessories,Port Louis,North,1,2200,0.0,1697.67,2200.0,1697.67,502.33
ORD05891,2024-01-12,C0059,Laptop Pro 14,Electronics,Mahebourg,South,3,45000,0.1,31276.93,121500.0,93830.79,27669.21
ORD05892,2024-10-20,C0240,USB-C Hub,Accessories,Pamplemousses,North,4,1800,0.0,1048.77,7200.0,4195.08,3004.92
ORD05893,2024-12-15,C0184,Wireless Headphones,Accessories,Centre de Flacq,East,1,6500,0.0,3935.78,6500.0,3935.78,2564.22
ORD05894,2024-07-30,C0118,Office Chair,Furniture,Flacq,East,3,8500,0.0,6495.3,25500.0,19485.9,6014.1
ORD05895,2025-02-10,C0302,Gaming Mouse,Accessories,Port Louis,North,1,2200,0.05,1564.87,2090.0,1564.87,525.13
ORD05896,2024-05-15,C0066,Monitor 27,Electronics,Black River,West,3,12000,0.1,7211.68,32400.0,21635.04,10764.96
ORD05897,2024-10-24,C0146,Standing Desk,Furniture,Curepipe,South,1,15000,0.0,9041.97,15000.0,9041.97,5958.03
ORD05898,2025-12-16,C0369,Wireless Headphones,Accessories,Pamplemousses,North,1,6500,0.0,4640.09,6500.0,4640.09,1859.91
ORD05899,2025-11-16,C0045,Monitor 27,Electronics,Black River,West,1,12000,0.0,8497.32,12000.0,8497.32,3502.68
ORD05900,2025-09-15,C0293,Mechanical Keyboard,Accessories,Curepipe,South,1,4200,0.0,2720.39,4200.0,2720.39,1479.61
ORD05901,2025-08-01,C0425,Smartphone X,Electronics,Pamplemousses,North,1,28000,0.1,20145.65,25200.0,20145.65,5054.35
ORD05902,2025-10-18,C0124,Gaming Mouse,Accessories,Mahebourg,South,1,2200,0.0,1441.57,2200.0,1441.57,758.43
ORD05903,2024-10-18,C0038,Smartphone X,Electronics,Black River,West,1,28000,0.0,17583.78,28000.0,17583.78,10416.22
ORD05904,2025-07-14,C0288,Tablet Air,Electronics,Pamplemousses,North,1,18000,0.0,13160.18,18000.0,13160.18,4839.82
ORD05905,2025-12-30,C0239,Laptop Pro 14,Electronics,Curepipe,South,2,45000,0.1,30118.32,81000.0,60236.64,20763.36
ORD05906,2024-06-24,C0471,Office Chair,Furniture,Curepipe,South,1,8500,0.0,5892.29,8500.0,5892.29,2607.71
ORD05907,2024-02-02,C0132,Office Lamp,Office,Mahebourg,South,1,1800,0.1,1057.37,1620.0,1057.37,562.63
ORD05908,2025-06-03,C0112,Smartphone X,Electronics,Curepipe,South,1,28000,0.1,18564.93,25200.0,18564.93,6635.07
ORD05909,2024-04-14,C0486,Laptop Pro 14,Electronics,Centre de Flacq,East,1,45000,0.15,32880.72,38250.0,32880.72,5369.28
ORD05910,2024-04-19,C0076,Office Lamp,Office,Quatre Bornes,West,2,1800,0.0,1045.42,3600.0,2090.84,1509.16
ORD05911,2025-08-15,C0223,Printer,Office,Port Louis,North,1,9500,0.1,6876.54,8550.0,6876.54,1673.46
ORD05912,2024-09-23,C0446,Gaming Mouse,Accessories,Pamplemousses,North,1,2200,0.0,1403.5,2200.0,1403.5,796.5
ORD05913,2024-10-14,C0106,Printer,Office,Centre de Flacq,East,4,9500,0.05,6798.72,36100.0,27194.88,8905.12
ORD05914,2024-10-03,C0157,USB-C Hub,Accessories,Black River,West,1,1800,0.05,1077.67,1710.0,1077.67,632.33
ORD05915,2025-01-30,C0109,Tablet Air,Electronics,Black River,West,3,18000,0.0,12874.73,54000.0,38624.19,15375.81
ORD05916,2025-01-24,C0240,Wireless Headphones,Accessories,Flacq,East,1,6500,0.0,3593.08,6500.0,3593.08,2906.92
ORD05917,2024-04-05,C0371,Printer,Office,Curepipe,South,1,9500,0.0,6565.02,9500.0,6565.02,2934.98
ORD05918,2025-12-24,C0147,Gaming Mouse,Accessories,Pamplemousses,North,1,2200,0.1,1333.79,1980.0,1333.79,646.21
ORD05919,2025-02-18,C0250,Office Chair,Furniture,Curepipe,South,2,8500,0.0,5713.78,17000.0,11427.56,5572.44
ORD05920,2024-09-05,C0400,Tablet Air,Electronics,Pamplemousses,North,1,18000,0.0,12156.19,18000.0,12156.19,5843.81
ORD05921,2024-09-15,C0024,Monitor 27,Electronics,Flacq,East,1,12000,0.1,7569.46,10800.0,7569.46,3230.54
ORD05922,2024-04-16,C0436,Mechanical Keyboard,Accessories,Port Louis,North,1,4200,0.05,3149.1,3990.0,3149.1,840.9
ORD05923,2025-01-19,C0136,Standing Desk,Furniture,Black River,West,1,15000,0.0,8496.66,15000.0,8496.66,6503.34
ORD05924,2024-10-11,C0183,Smartphone X,Electronics,Quatre Bornes,West,1,28000,0.0,17317.06,28000.0,17317.06,10682.94
ORD05925,2025-12-06,C0205,Mechanical Keyboard,Accessories,Flacq,East,1,4200,0.0,2723.68,4200.0,2723.68,1476.32
ORD05926,2024-11-25,C0373,Office Chair,Furniture,Curepipe,South,1,8500,0.0,4853.61,8500.0,4853.61,3646.39
ORD05927,2025-03-23,C0400,Standing Desk,Furniture,Pamplemousses,North,1,15000,0.0,11524.33,15000.0,11524.33,3475.67
ORD05928,2024-03-12,C0443,Office Chair,Furniture,Centre de Flacq,East,1,8500,0.0,5113.54,8500.0,5113.54,3386.46
ORD05929,2024-08-23,C0410,Mechanical Keyboard,Accessories,Curepipe,South,1,4200,0.0,3201.01,4200.0,3201.01,998.99
ORD05930,2024-07-17,C0295,Printer,Office,Quatre Bornes,West,1,9500,0.0,6502.75,9500.0,6502.75,2997.25
ORD05931,2025-01-31,C0191,Office Chair,Furniture,Flacq,East,1,8500,0.05,4723.92,8075.0,4723.92,3351.08
ORD05932,2025-01-25,C0112,Standing Desk,Furniture,Port Louis,North,2,15000,0.1,8698.89,27000.0,17397.78,9602.22
ORD05933,2024-10-29,C0281,Mechanical Keyboard,Accessories,Curepipe,South,1,4200,0.05,2965.59,3990.0,2965.59,1024.41
ORD05934,2024-04-22,C0392,Laptop Pro 14,Electronics,Port Louis,North,1,45000,0.0,26400.51,45000.0,26400.51,18599.49
ORD05935,2025-10-15,C0278,Monitor 27,Electronics,Port Louis,North,2,12000,0.0,7518.8,24000.0,15037.6,8962.4
ORD05936,2024-04-10,C0387,Tablet Air,Electronics,Pamplemousses,North,1,18000,0.05,10836.14,17100.0,10836.14,6263.86
ORD05937,2024-05-31,C0465,Standing Desk,Furniture,Pamplemousses,North,1,15000,0.05,8404.13,14250.0,8404.13,5845.87
ORD05938,2024-06-20,C0209,Office Lamp,Office,Mahebourg,South,1,1800,0.0,1357.44,1800.0,1357.44,442.56
ORD05939,2025-12-16,C0477,Smartphone X,Electronics,Curepipe,South,1,28000,0.1,16789.19,25200.0,16789.19,8410.81
ORD05940,2024-09-13,C0255,Printer,Office,Port Louis,North,2,9500,0.05,7103.25,18050.0,14206.5,3843.5
ORD05941,2024-03-10,C0483,Gaming Mouse,Accessories,Centre de Flacq,East,2,2200,0.1,1531.33,3960.0,3062.66,897.34
ORD05942,2024-05-25,C0102,Gaming Mouse,Accessories,Pamplemousses,North,3,2200,0.0,1484.38,6600.0,4453.14,2146.86
ORD05943,2025-11-08,C0457,USB-C Hub,Accessories,Mahebourg,South,1,1800,0.0,1378.36,1800.0,1378.36,421.64
ORD05944,2024-01-26,C0460,Mechanical Keyboard,Accessories,Pamplemousses,North,2,4200,0.0,2871.7,8400.0,5743.4,2656.6
ORD05945,2024-01-30,C0448,Wireless Headphones,Accessories,Quatre Bornes,West,1,6500,0.0,4818.64,6500.0,4818.64,1681.36
ORD05946,2025-04-16,C0294,Printer,Office,Black River,West,1,9500,0.1,5304.3,8550.0,5304.3,3245.7
ORD05947,2025-11-15,C0245,Tablet Air,Electronics,Pamplemousses,North,1,18000,0.0,10624.02,18000.0,10624.02,7375.98
ORD05948,2024-05-19,C0125,Gaming Mouse,Accessories,Centre de Flacq,East,1,2200,0.1,1565.31,1980.0,1565.31,414.69
ORD05949,2024-07-19,C0319,Office Lamp,Office,Port Louis,North,1,1800,0.1,1359.34,1620.0,1359.34,260.66
ORD05950,2024-06-16,C0427,Printer,Office,Centre de Flacq,East,1,9500,0.1,6913.04,8550.0,6913.04,1636.96
ORD05951,2024-06-14,C0089,Printer,Office,Curepipe,South,2,9500,0.1,6282.78,17100.0,12565.56,4534.44
ORD05952,2025-06-26,C0450,Tablet Air,Electronics,Mahebourg,South,1,18000,0.05,10742.35,17100.0,10742.35,6357.65
ORD05953,2024-03-19,C0414,Tablet Air,Electronics,Pamplemousses,North,1,18000,0.15,11835.52,15300.0,11835.52,3464.48
ORD05954,2025-08-17,C0026,Standing Desk,Furniture,Pamplemousses,North,4,15000,0.0,11647.04,60000.0,46588.16,13411.84
ORD05955,2025-02-18,C0428,Printer,Office,Pamplemousses,North,4,9500,0.05,6744.61,36100.0,26978.44,9121.56
ORD05956,2024-10-25,C0450,Office Chair,Furniture,Pamplemousses,North,1,8500,0.0,5250.25,8500.0,5250.25,3249.75
ORD05957,2024-10-22,C0442,Printer,Office,Flacq,East,1,9500,0.0,5351.65,9500.0,5351.65,4148.35
ORD05958,2024-12-26,C0235,Standing Desk,Furniture,Black River,West,2,15000,0.0,10317.24,30000.0,20634.48,9365.52
ORD05959,2025-10-24,C0471,Office Chair,Furniture,Port Louis,North,2,8500,0.1,5275.28,15300.0,10550.56,4749.44
ORD05960,2025-12-08,C0492,Tablet Air,Electronics,Pamplemousses,North,2,18000,0.1,11013.29,32400.0,22026.58,10373.42
ORD05961,2025-02-07,C0281,Office Chair,Furniture,Port Louis,North,1,8500,0.0,6449.27,8500.0,6449.27,2050.73
ORD05962,2025-02-20,C0096,Printer,Office,Black River,West,1,9500,0.1,6525.24,8550.0,6525.24,2024.76
ORD05963,2024-02-26,C0310,Mechanical Keyboard,Accessories,Black River,West,1,4200,0.0,2461.97,4200.0,2461.97,1738.03
ORD05964,2024-01-02,C0304,Smartphone X,Electronics,Pamplemousses,North,1,28000,0.05,15421.14,26600.0,15421.14,11178.86
ORD05965,2024-02-27,C0241,Gaming Mouse,Accessories,Black River,West,2,2200,0.05,1287.02,4180.0,2574.04,1605.96
ORD05966,2025-08-24,C0004,Laptop Pro 14,Electronics,Pamplemousses,North,2,45000,0.0,31000.06,90000.0,62000.12,27999.88
ORD05967,2025-03-08,C0435,Tablet Air,Electronics,Curepipe,South,1,18000,0.05,10683.61,17100.0,10683.61,6416.39
ORD05968,2025-09-02,C0402,Office Lamp,Office,Mahebourg,South,1,1800,0.05,1351.05,1710.0,1351.05,358.95
ORD05969,2025-05-18,C0462,Laptop Pro 14,Electronics,Black River,West,2,45000,0.0,30246.32,90000.0,60492.64,29507.36
ORD05970,2024-08-13,C0336,Mechanical Keyboard,Accessories,Port Louis,North,1,4200,0.05,2412.23,3990.0,2412.23,1577.77
ORD05971,2024-08-16,C0450,Office Chair,Furniture,Centre de Flacq,East,1,8500,0.15,4735.59,7225.0,4735.59,2489.41
ORD05972,2025-07-22,C0390,Gaming Mouse,Accessories,Port Louis,North,1,2200,0.05,1366.63,2090.0,1366.63,723.37
ORD05973,2025-04-01,C0323,USB-C Hub,Accessories,Mahebourg,South,1,1800,0.15,1074.32,1530.0,1074.32,455.68
ORD05974,2025-11-25,C0414,Gaming Mouse,Accessories,Port Louis,North,1,2200,0.0,1591.09,2200.0,1591.09,608.91
ORD05975,2024-07-02,C0319,Gaming Mouse,Accessories,Black River,West,1,2200,0.0,1674.94,2200.0,1674.94,525.06
ORD05976,2025-12-07,C0289,Laptop Pro 14,Electronics,Black River,West,1,45000,0.0,33573.65,45000.0,33573.65,11426.35
ORD05977,2025-03-06,C0129,Laptop Pro 14,Electronics,Flacq,East,1,45000,0.0,33109.76,45000.0,33109.76,11890.24
ORD05978,2024-05-12,C0060,Laptop Pro 14,Electronics,Quatre Bornes,West,1,45000,0.05,31430.85,42750.0,31430.85,11319.15
ORD05979,2025-10-02,C0411,Gaming Mouse,Accessories,Quatre Bornes,West,1,2200,0.1,1263.13,1980.0,1263.13,716.87
ORD05980,2024-12-10,C0192,Monitor 27,Electronics,Centre de Flacq,East,1,12000,0.05,7631.27,11400.0,7631.27,3768.73
ORD05981,2025-03-05,C0421,USB-C Hub,Accessories,Curepipe,South,1,1800,0.0,1026.76,1800.0,1026.76,773.24
ORD05982,2025-08-03,C0257,Gaming Mouse,Accessories,Port Louis,North,2,2200,0.05,1700.33,4180.0,3400.66,779.34
ORD05983,2025-04-04,C0181,Monitor 27,Electronics,Pamplemousses,North,2,12000,0.05,7191.75,22800.0,14383.5,8416.5
ORD05984,2024-10-17,C0324,Tablet Air,Electronics,Mahebourg,South,1,18000,0.1,12884.15,16200.0,12884.15,3315.85
ORD05985,2025-09-07,C0237,Tablet Air,Electronics,Mahebourg,South,3,18000,0.05,9932.51,51300.0,29797.53,21502.47
ORD05986,2025-04-16,C0177,Wireless Headphones,Accessories,Mahebourg,South,1,6500,0.0,3769.74,6500.0,3769.74,2730.26
ORD05987,2025-07-20,C0122,Monitor 27,Electronics,Black River,West,2,12000,0.0,6966.99,24000.0,13933.98,10066.02
ORD05988,2024-11-13,C0017,Monitor 27,Electronics,Pamplemousses,North,1,12000,0.0,8954.23,12000.0,8954.23,3045.77
ORD05989,2025-06-27,C0382,Printer,Office,Quatre Bornes,West,2,9500,0.0,6283.23,19000.0,12566.46,6433.54
ORD05990,2025-01-16,C0011,Laptop Pro 14,Electronics,Flacq,East,1,45000,0.1,29618.69,40500.0,29618.69,10881.31
ORD05991,2025-06-18,C0426,Gaming Mouse,Accessories,Curepipe,South,2,2200,0.05,1665.56,4180.0,3331.12,848.88
ORD05992,2024-05-20,C0304,Laptop Pro 14,Electronics,Centre de Flacq,East,1,45000,0.0,33737.56,45000.0,33737.56,11262.44
ORD05993,2025-04-16,C0267,Mechanical Keyboard,Accessories,Quatre Bornes,West,1,4200,0.1,2904.2,3780.0,2904.2,875.8
ORD05994,2025-02-02,C0011,Monitor 27,Electronics,Pamplemousses,North,1,12000,0.1,7543.01,10800.0,7543.01,3256.99
ORD05995,2025-05-12,C0009,USB-C Hub,Accessories,Port Louis,North,1,1800,0.1,1285.88,1620.0,1285.88,334.12
ORD05996,2025-07-23,C0118,Printer,Office,Black River,West,3,9500,0.05,5760.76,27075.0,17282.28,9792.72
ORD05997,2025-04-27,C0279,Laptop Pro 14,Electronics,Black River,West,1,45000,0.0,25769.99,45000.0,25769.99,19230.01
ORD05998,2025-03-27,C0087,Smartphone X,Electronics,Centre de Flacq,East,1,28000,0.1,17291.5,25200.0,17291.5,7908.5
ORD05999,2025-04-14,C0469,Monitor 27,Electronics,Mahebourg,South,2,12000,0.0,6965.41,24000.0,13930.82,10069.18
ORD06000,2025-01-11,C0330,Wireless Headphones,Accessories,Black River,West,2,6500,0.0,3841.59,13000.0,7683.18,5316.82
ORD06001,2025-02-27,C0316,Tablet Air,Electronics,Pamplemousses,North,1,18000,0.05,12401.51,17100.0,12401.51,4698.49
ORD06002,2024-01-11,C0032,Tablet Air,Electronics,Flacq,East,1,18000,0.1,11543.01,16200.0,11543.01,4656.99
ORD06003,2024-02-23,C0125,Monitor 27,Electronics,Port Louis,North,3,12000,0.0,6636.07,36000.0,19908.21,16091.79
ORD06004,2025-07-01,C0058,Office Chair,Furniture,Pamplemousses,North,1,8500,0.0,4751.74,8500.0,4751.74,3748.26
ORD06005,2024-02-28,C0241,Gaming Mouse,Accessories,Curepipe,South,1,2200,0.05,1412.66,2090.0,1412.66,677.34
ORD06006,2024-08-16,C0374,USB-C Hub,Accessories,Curepipe,South,2,1800,0.0,1303.12,3600.0,2606.24,993.76
ORD06007,2024-07-05,C0414,Mechanical Keyboard,Accessories,Pamplemousses,North,1,4200,0.05,3179.34,3990.0,3179.34,810.66
ORD06008,2024-06-16,C0277,USB-C Hub,Accessories,Flacq,East,1,1800,0.15,1090.8,1530.0,1090.8,439.2
ORD06009,2025-12-08,C0442,Office Chair,Furniture,Quatre Bornes,West,3,8500,0.1,5360.86,22950.0,16082.58,6867.42
ORD06010,2025-12-30,C0168,USB-C Hub,Accessories,Flacq,East,1,1800,0.05,1299.13,1710.0,1299.13,410.87
ORD06011,2025-07-11,C0322,USB-C Hub,Accessories,Curepipe,South,1,1800,0.05,1087.55,1710.0,1087.55,622.45
ORD06012,2024-05-20,C0130,Monitor 27,Electronics,Port Louis,North,4,12000,0.0,9160.63,48000.0,36642.52,11357.48
ORD06013,2025-02-03,C0035,Smartphone X,Electronics,Port Louis,North,1,28000,0.05,18117.98,26600.0,18117.98,8482.02
ORD06014,2024-12-25,C0123,Office Lamp,Office,Mahebourg,South,1,1800,0.05,1392.1,1710.0,1392.1,317.9
ORD06015,2025-07-07,C0278,Laptop Pro 14,Electronics,Centre de Flacq,East,1,45000,0.0,34286.33,45000.0,34286.33,10713.67
ORD06016,2024-05-18,C0019,Mechanical Keyboard,Accessories,Port Louis,North,2,4200,0.1,2746.43,7560.0,5492.86,2067.14
ORD06017,2024-12-03,C0213,Standing Desk,Furniture,Curepipe,South,1,15000,0.0,10280.13,15000.0,10280.13,4719.87
ORD06018,2025-03-02,C0243,Smartphone X,Electronics,Port Louis,North,2,28000,0.05,20804.5,53200.0,41609.0,11591.0
ORD06019,2025-08-04,C0196,Laptop Pro 14,Electronics,Port Louis,North,1,45000,0.0,27403.8,45000.0,27403.8,17596.2
ORD06020,2024-01-30,C0117,Printer,Office,Centre de Flacq,East,1,9500,0.05,7183.45,9025.0,7183.45,1841.55
ORD06021,2024-05-28,C0396,USB-C Hub,Accessories,Mahebourg,South,1,1800,0.0,1393.01,1800.0,1393.01,406.99
ORD06022,2024-01-01,C0217,Tablet Air,Electronics,Flacq,East,1,18000,0.0,12616.17,18000.0,12616.17,5383.83
ORD06023,2024-01-31,C0464,Office Lamp,Office,Mahebourg,South,1,1800,0.0,1118.7,1800.0,1118.7,681.3
ORD06024,2024-03-03,C0489,Tablet Air,Electronics,Centre de Flacq,East,2,18000,0.05,10145.82,34200.0,20291.64,13908.36
ORD06025,2025-07-28,C0445,Standing Desk,Furniture,Mahebourg,South,1,15000,0.0,10594.72,15000.0,10594.72,4405.28
ORD06026,2025-02-09,C0490,Wireless Headphones,Accessories,Quatre Bornes,West,2,6500,0.05,5051.63,12350.0,10103.26,2246.74
ORD06027,2024-10-06,C0415,Mechanical Keyboard,Accessories,Pamplemousses,North,1,4200,0.0,3204.2,4200.0,3204.2,995.8
ORD06028,2025-10-01,C0109,Office Lamp,Office,Curepipe,South,2,1800,0.05,1273.08,3420.0,2546.16,873.84
ORD06029,2025-02-02,C0401,Laptop Pro 14,Electronics,Curepipe,South,1,45000,0.0,25648.7,45000.0,25648.7,19351.3
ORD06030,2025-08-26,C0069,Office Lamp,Office,Pamplemousses,North,1,1800,0.1,1387.75,1620.0,1387.75,232.25
ORD06031,2025-01-20,C0087,Office Chair,Furniture,Centre de Flacq,East,1,8500,0.05,4723.04,8075.0,4723.04,3351.96
ORD06032,2025-04-26,C0024,Smartphone X,Electronics,Quatre Bornes,West,1,28000,0.1,19811.58,25200.0,19811.58,5388.42
ORD06033,2025-08-05,C0107,Wireless Headphones,Accessories,Port Louis,North,1,6500,0.05,4226.74,6175.0,4226.74,1948.26
ORD06034,2025-12-06,C0460,Printer,Office,Curepipe,South,1,9500,0.15,5587.01,8075.0,5587.01,2487.99
ORD06035,2025-02-28,C0093,USB-C Hub,Accessories,Port Louis,North,1,1800,0.0,1140.15,1800.0,1140.15,659.85
ORD06036,2024-06-28,C0411,Printer,Office,Quatre Bornes,West,1,9500,0.05,5832.79,9025.0,5832.79,3192.21
ORD06037,2025-09-15,C0110,Printer,Office,Pamplemousses,North,2,9500,0.0,6262.89,19000.0,12525.78,6474.22
ORD06038,2025-10-25,C0429,Office Chair,Furniture,Port Louis,North,1,8500,0.05,6466.01,8075.0,6466.01,1608.99
ORD06039,2025-01-04,C0327,Office Lamp,Office,Port Louis,North,2,1800,0.0,1295.25,3600.0,2590.5,1009.5
ORD06040,2025-02-28,C0245,Tablet Air,Electronics,Curepipe,South,1,18000,0.05,12023.41,17100.0,12023.41,5076.59
ORD06041,2025-09-23,C0251,USB-C Hub,Accessories,Black River,West,1,1800,0.1,1095.85,1620.0,1095.85,524.15
ORD06042,2024-11-09,C0164,Tablet Air,Electronics,Black River,West,3,18000,0.05,14013.87,51300.0,42041.61,9258.39
ORD06043,2025-03-16,C0198,Office Chair,Furniture,Flacq,East,1,8500,0.05,6159.11,8075.0,6159.11,1915.89
ORD06044,2025-09-09,C0165,Monitor 27,Electronics,Black River,West,1,12000,0.0,9255.43,12000.0,9255.43,2744.57
ORD06045,2025-07-14,C0183,Mechanical Keyboard,Accessories,Quatre Bornes,West,2,4200,0.0,2738.3,8400.0,5476.6,2923.4
ORD06046,2025-04-02,C0081,Office Chair,Furniture,Port Louis,North,2,8500,0.05,5566.98,16150.0,11133.96,5016.04
ORD06047,2024-10-01,C0152,Printer,Office,Curepipe,South,2,9500,0.0,6539.75,19000.0,13079.5,5920.5
ORD06048,2024-09-04,C0088,Mechanical Keyboard,Accessories,Mahebourg,South,1,4200,0.05,2328.05,3990.0,2328.05,1661.95
ORD06049,2025-03-04,C0255,Printer,Office,Mahebourg,South,4,9500,0.05,6125.78,36100.0,24503.12,11596.88
ORD06050,2025-10-13,C0456,Monitor 27,Electronics,Pamplemousses,North,1,12000,0.1,7322.48,10800.0,7322.48,3477.52
ORD06051,2025-02-10,C0307,Printer,Office,Flacq,East,1,9500,0.0,7231.99,9500.0,7231.99,2268.01
ORD06052,2025-03-08,C0288,Wireless Headphones,Accessories,Centre de Flacq,East,1,6500,0.0,3685.83,6500.0,3685.83,2814.17
ORD06053,2025-02-18,C0400,Office Lamp,Office,Black River,West,2,1800,0.05,1160.1,3420.0,2320.2,1099.8
ORD06054,2024-05-20,C0419,Smartphone X,Electronics,Mahebourg,South,3,28000,0.0,18296.1,84000.0,54888.3,29111.7
ORD06055,2025-02-24,C0360,Mechanical Keyboard,Accessories,Mahebourg,South,1,4200,0.05,3004.76,3990.0,3004.76,985.24
ORD06056,2025-09-27,C0215,Gaming Mouse,Accessories,Port Louis,North,2,2200,0.1,1233.88,3960.0,2467.76,1492.24
ORD06057,2024-08-08,C0323,Monitor 27,Electronics,Centre de Flacq,East,1,12000,0.0,9289.59,12000.0,9289.59,2710.41
ORD06058,2025-07-07,C0164,Gaming Mouse,Accessories,Curepipe,South,1,2200,0.0,1477.05,2200.0,1477.05,722.95
ORD06059,2025-09-19,C0061,Monitor 27,Electronics,Black River,West,1,12000,0.1,7199.11,10800.0,7199.11,3600.89
ORD06060,2025-12-27,C0040,Wireless Headphones,Accessories,Mahebourg,South,1,6500,0.0,4447.54,6500.0,4447.54,2052.46
ORD06061,2024-12-02,C0438,Smartphone X,Electronics,Black River,West,2,28000,0.1,19848.07,50400.0,39696.14,10703.86
ORD06062,2024-08-27,C0416,Wireless Headphones,Accessories,Mahebourg,South,2,6500,0.0,3959.71,13000.0,7919.42,5080.58
ORD06063,2024-06-27,C0270,Standing Desk,Furniture,Curepipe,South,1,15000,0.0,11446.74,15000.0,11446.74,3553.26
ORD06064,2025-08-10,C0143,USB-C Hub,Accessories,Curepipe,South,1,1800,0.0,1318.85,1800.0,1318.85,481.15
ORD06065,2024-05-24,C0483,Mechanical Keyboard,Accessories,Curepipe,South,1,4200,0.1,2617.0,3780.0,2617.0,1163.0
ORD06066,2025-09-28,C0178,Monitor 27,Electronics,Pamplemousses,North,3,12000,0.15,7598.44,30600.0,22795.32,7804.68
ORD06067,2025-09-28,C0168,Laptop Pro 14,Electronics,Curepipe,South,1,45000,0.0,32703.56,45000.0,32703.56,12296.44
ORD06068,2024-05-13,C0470,Standing Desk,Furniture,Pamplemousses,North,2,15000,0.05,11450.45,28500.0,22900.9,5599.1
ORD06069,2025-02-25,C0067,Standing Desk,Furniture,Quatre Bornes,West,1,15000,0.0,11295.88,15000.0,11295.88,3704.12
ORD06070,2024-12-07,C0402,Monitor 27,Electronics,Mahebourg,South,1,12000,0.05,7996.0,11400.0,7996.0,3404.0
ORD06071,2025-08-18,C0289,Printer,Office,Quatre Bornes,West,2,9500,0.0,6616.97,19000.0,13233.94,5766.06
ORD06072,2025-08-31,C0453,Smartphone X,Electronics,Mahebourg,South,1,28000,0.0,15806.35,28000.0,15806.35,12193.65
ORD06073,2024-07-29,C0307,USB-C Hub,Accessories,Port Louis,North,2,1800,0.0,994.6,3600.0,1989.2,1610.8
ORD06074,2024-11-14,C0276,Monitor 27,Electronics,Mahebourg,South,1,12000,0.05,7663.75,11400.0,7663.75,3736.25
ORD06075,2024-07-26,C0484,Smartphone X,Electronics,Curepipe,South,1,28000,0.0,21606.28,28000.0,21606.28,6393.72
ORD06076,2025-03-31,C0349,Laptop Pro 14,Electronics,Black River,West,1,45000,0.0,30810.65,45000.0,30810.65,14189.35
ORD06077,2024-06-18,C0452,Office Lamp,Office,Port Louis,North,1,1800,0.15,1128.09,1530.0,1128.09,401.91
ORD06078,2024-08-22,C0306,USB-C Hub,Accessories,Port Louis,North,1,1800,0.0,1037.48,1800.0,1037.48,762.52
ORD06079,2024-04-29,C0049,Laptop Pro 14,Electronics,Black River,West,1,45000,0.0,30152.05,45000.0,30152.05,14847.95
ORD06080,2024-12-02,C0180,Laptop Pro 14,Electronics,Centre de Flacq,East,1,45000,0.0,25526.27,45000.0,25526.27,19473.73
ORD06081,2024-09-23,C0411,USB-C Hub,Accessories,Pamplemousses,North,1,1800,0.1,1316.76,1620.0,1316.76,303.24
ORD06082,2024-04-06,C0378,Mechanical Keyboard,Accessories,Port Louis,North,4,4200,0.1,2609.48,15120.0,10437.92,4682.08
ORD06083,2024-03-27,C0231,USB-C Hub,Accessories,Curepipe,South,1,1800,0.0,1299.3,1800.0,1299.3,500.7
ORD06084,2024-03-29,C0196,Smartphone X,Electronics,Port Louis,North,1,28000,0.0,19736.33,28000.0,19736.33,8263.67
ORD06085,2025-09-23,C0238,Tablet Air,Electronics,Centre de Flacq,East,1,18000,0.0,13860.54,18000.0,13860.54,4139.46
ORD06086,2025-08-27,C0443,Smartphone X,Electronics,Port Louis,North,1,28000,0.0,20289.69,28000.0,20289.69,7710.31
ORD06087,2024-09-26,C0170,Standing Desk,Furniture,Mahebourg,South,2,15000,0.0,8967.86,30000.0,17935.72,12064.28
ORD06088,2024-03-26,C0352,Office Lamp,Office,Pamplemousses,North,1,1800,0.05,1054.14,1710.0,1054.14,655.86
ORD06089,2025-03-15,C0330,Gaming Mouse,Accessories,Port Louis,North,3,2200,0.1,1252.91,5940.0,3758.73,2181.27
ORD06090,2024-02-04,C0440,Mechanical Keyboard,Accessories,Black River,West,1,4200,0.0,2834.88,4200.0,2834.88,1365.12
ORD06091,2025-06-27,C0480,Monitor 27,Electronics,Black River,West,2,12000,0.0,6756.57,24000.0,13513.14,10486.86
ORD06092,2025-06-16,C0488,Tablet Air,Electronics,Centre de Flacq,East,1,18000,0.05,10220.22,17100.0,10220.22,6879.78
ORD06093,2025-12-14,C0266,Wireless Headphones,Accessories,Quatre Bornes,West,1,6500,0.1,4079.84,5850.0,4079.84,1770.16
ORD06094,2024-11-21,C0015,USB-C Hub,Accessories,Flacq,East,4,1800,0.0,1315.28,7200.0,5261.12,1938.88
ORD06095,2024-11-21,C0262,Standing Desk,Furniture,Pamplemousses,North,2,15000,0.0,9336.63,30000.0,18673.26,11326.74
ORD06096,2024-10-08,C0254,Standing Desk,Furniture,Mahebourg,South,1,15000,0.0,9472.27,15000.0,9472.27,5527.73
ORD06097,2024-08-24,C0226,Printer,Office,Quatre Bornes,West,1,9500,0.0,6357.44,9500.0,6357.44,3142.56
ORD06098,2025-08-26,C0487,Office Chair,Furniture,Pamplemousses,North,1,8500,0.1,6543.86,7650.0,6543.86,1106.14
ORD06099,2025-04-06,C0111,Standing Desk,Furniture,Mahebourg,South,2,15000,0.15,10033.22,25500.0,20066.44,5433.56
ORD06100,2024-02-24,C0163,Gaming Mouse,Accessories,Centre de Flacq,East,1,2200,0.05,1423.38,2090.0,1423.38,666.62
ORD06101,2024-05-20,C0109,Laptop Pro 14,Electronics,Flacq,East,3,45000,0.0,29153.63,135000.0,87460.89,47539.11
ORD06102,2024-09-13,C0133,Mechanical Keyboard,Accessories,Port Louis,North,1,4200,0.0,2900.89,4200.0,2900.89,1299.11
ORD06103,2024-10-04,C0177,Wireless Headphones,Accessories,Flacq,East,1,6500,0.1,4990.7,5850.0,4990.7,859.3
ORD06104,2025-01-07,C0245,Wireless Headphones,Accessories,Port Louis,North,1,6500,0.0,5058.66,6500.0,5058.66,1441.34
ORD06105,2024-05-16,C0035,USB-C Hub,Accessories,Flacq,East,3,1800,0.0,1159.8,5400.0,3479.4,1920.6
ORD06106,2024-09-22,C0383,Office Lamp,Office,Port Louis,North,2,1800,0.0,1385.66,3600.0,2771.32,828.68
ORD06107,2025-06-18,C0027,Standing Desk,Furniture,Flacq,East,1,15000,0.05,11401.13,14250.0,11401.13,2848.87
ORD06108,2025-01-18,C0275,Standing Desk,Furniture,Quatre Bornes,West,1,15000,0.0,10794.94,15000.0,10794.94,4205.06
ORD06109,2025-11-23,C0189,Mechanical Keyboard,Accessories,Centre de Flacq,East,2,4200,0.15,2706.33,7140.0,5412.66,1727.34
ORD06110,2024-02-29,C0114,Wireless Headphones,Accessories,Curepipe,South,1,6500,0.0,4581.99,6500.0,4581.99,1918.01
ORD06111,2025-05-22,C0353,Office Lamp,Office,Pamplemousses,North,1,1800,0.0,1063.9,1800.0,1063.9,736.1
ORD06112,2024-01-11,C0206,Monitor 27,Electronics,Centre de Flacq,East,1,12000,0.0,7339.75,12000.0,7339.75,4660.25
ORD06113,2024-04-05,C0316,Office Chair,Furniture,Pamplemousses,North,1,8500,0.0,6393.4,8500.0,6393.4,2106.6
ORD06114,2025-02-05,C0315,Office Chair,Furniture,Curepipe,South,2,8500,0.0,6562.5,17000.0,13125.0,3875.0
ORD06115,2024-12-31,C0020,Office Chair,Furniture,Black River,West,3,8500,0.05,6346.71,24225.0,19040.13,5184.87
ORD06116,2025-06-29,C0475,Office Lamp,Office,Quatre Bornes,West,3,1800,0.0,1000.93,5400.0,3002.79,2397.21
ORD06117,2024-06-21,C0162,Printer,Office,Black River,West,1,9500,0.15,5630.55,8075.0,5630.55,2444.45
ORD06118,2025-06-15,C0025,Office Chair,Furniture,Black River,West,1,8500,0.0,4947.06,8500.0,4947.06,3552.94
ORD06119,2025-05-10,C0194,Office Chair,Furniture,Black River,West,1,8500,0.0,6544.81,8500.0,6544.81,1955.19
ORD06120,2025-09-28,C0103,Standing Desk,Furniture,Pamplemousses,North,3,15000,0.1,11534.77,40500.0,34604.31,5895.69
ORD06121,2025-09-21,C0047,Office Chair,Furniture,Black River,West,1,8500,0.0,5235.69,8500.0,5235.69,3264.31
ORD06122,2024-04-05,C0489,Smartphone X,Electronics,Pamplemousses,North,2,28000,0.0,15484.56,56000.0,30969.12,25030.88
ORD06123,2024-09-28,C0202,Mechanical Keyboard,Accessories,Mahebourg,South,1,4200,0.05,2567.89,3990.0,2567.89,1422.11
ORD06124,2024-04-25,C0262,Laptop Pro 14,Electronics,Port Louis,North,1,45000,0.05,28477.78,42750.0,28477.78,14272.22
ORD06125,2024-02-21,C0435,Office Chair,Furniture,Port Louis,North,2,8500,0.0,4778.13,17000.0,9556.26,7443.74
ORD06126,2025-12-09,C0445,Standing Desk,Furniture,Black River,West,1,15000,0.0,9176.87,15000.0,9176.87,5823.13
ORD06127,2025-05-17,C0436,Printer,Office,Port Louis,North,1,9500,0.0,6125.15,9500.0,6125.15,3374.85
ORD06128,2024-03-21,C0423,Gaming Mouse,Accessories,Centre de Flacq,East,1,2200,0.15,1428.9,1870.0,1428.9,441.1
ORD06129,2024-07-16,C0043,Tablet Air,Electronics,Black River,West,1,18000,0.0,11106.74,18000.0,11106.74,6893.26
ORD06130,2024-01-07,C0296,Mechanical Keyboard,Accessories,Black River,West,2,4200,0.0,2942.1,8400.0,5884.2,2515.8
ORD06131,2024-07-23,C0153,Printer,Office,Mahebourg,South,1,9500,0.0,5860.12,9500.0,5860.12,3639.88
ORD06132,2025-07-06,C0110,Printer,Office,Black River,West,3,9500,0.15,6089.42,24225.0,18268.26,5956.74
ORD06133,2025-10-11,C0401,Office Lamp,Office,Flacq,East,1,1800,0.0,1016.0,1800.0,1016.0,784.0
ORD06134,2025-12-24,C0053,Wireless Headphones,Accessories,Black River,West,1,6500,0.05,3889.98,6175.0,3889.98,2285.02
ORD06135,2024-07-24,C0407,Tablet Air,Electronics,Port Louis,North,1,18000,0.05,12080.66,17100.0,12080.66,5019.34
ORD06136,2025-01-27,C0136,Laptop Pro 14,Electronics,Port Louis,North,2,45000,0.0,27299.26,90000.0,54598.52,35401.48
ORD06137,2025-03-22,C0065,USB-C Hub,Accessories,Flacq,East,1,1800,0.05,1283.17,1710.0,1283.17,426.83
ORD06138,2025-08-08,C0233,Wireless Headphones,Accessories,Pamplemousses,North,1,6500,0.0,4571.69,6500.0,4571.69,1928.31
ORD06139,2024-01-03,C0324,Gaming Mouse,Accessories,Quatre Bornes,West,1,2200,0.0,1453.76,2200.0,1453.76,746.24
ORD06140,2025-12-25,C0220,Office Chair,Furniture,Flacq,East,2,8500,0.0,6100.17,17000.0,12200.34,4799.66
ORD06141,2025-08-07,C0151,Mechanical Keyboard,Accessories,Port Louis,North,1,4200,0.0,2624.8,4200.0,2624.8,1575.2
ORD06142,2024-11-02,C0126,Office Lamp,Office,Mahebourg,South,2,1800,0.0,1302.41,3600.0,2604.82,995.18
ORD06143,2024-03-17,C0424,Laptop Pro 14,Electronics,Port Louis,North,1,45000,0.0,32181.33,45000.0,32181.33,12818.67
ORD06144,2025-10-16,C0130,Office Lamp,Office,Port Louis,North,2,1800,0.0,1371.2,3600.0,2742.4,857.6
ORD06145,2024-10-11,C0440,Wireless Headphones,Accessories,Pamplemousses,North,1,6500,0.05,4170.8,6175.0,4170.8,2004.2
ORD06146,2024-08-02,C0105,Wireless Headphones,Accessories,Flacq,East,2,6500,0.05,4000.33,12350.0,8000.66,4349.34
ORD06147,2025-07-19,C0433,Laptop Pro 14,Electronics,Port Louis,North,1,45000,0.0,32647.11,45000.0,32647.11,12352.89
ORD06148,2025-09-20,C0377,Tablet Air,Electronics,Pamplemousses,North,1,18000,0.05,12061.5,17100.0,12061.5,5038.5
ORD06149,2024-03-21,C0258,Printer,Office,Pamplemousses,North,1,9500,0.0,6114.58,9500.0,6114.58,3385.42
ORD06150,2025-06-02,C0173,Office Chair,Furniture,Quatre Bornes,West,2,8500,0.0,5470.61,17000.0,10941.22,6058.78
ORD06151,2025-10-08,C0231,Gaming Mouse,Accessories,Curepipe,South,1,2200,0.05,1529.14,2090.0,1529.14,560.86
ORD06152,2025-01-20,C0075,Tablet Air,Electronics,Quatre Bornes,West,1,18000,0.15,13822.23,15300.0,13822.23,1477.77
ORD06153,2025-08-19,C0086,Laptop Pro 14,Electronics,Centre de Flacq,East,2,45000,0.0,30232.24,90000.0,60464.48,29535.52
ORD06154,2025-01-20,C0193,Mechanical Keyboard,Accessories,Mahebourg,South,1,4200,0.0,3205.16,4200.0,3205.16,994.84
ORD06155,2025-04-18,C0423,Gaming Mouse,Accessories,Quatre Bornes,West,1,2200,0.05,1623.39,2090.0,1623.39,466.61
ORD06156,2025-11-25,C0071,Mechanical Keyboard,Accessories,Curepipe,South,1,4200,0.0,2758.84,4200.0,2758.84,1441.16
ORD06157,2025-04-08,C0393,Monitor 27,Electronics,Pamplemousses,North,4,12000,0.0,7420.45,48000.0,29681.8,18318.2
ORD06158,2024-08-15,C0134,Monitor 27,Electronics,Pamplemousses,North,1,12000,0.05,6917.05,11400.0,6917.05,4482.95
ORD06159,2024-02-08,C0162,Monitor 27,Electronics,Port Louis,North,1,12000,0.0,8400.3,12000.0,8400.3,3599.7
ORD06160,2024-10-13,C0276,Office Chair,Furniture,Centre de Flacq,East,1,8500,0.0,6246.35,8500.0,6246.35,2253.65
ORD06161,2025-07-24,C0326,Standing Desk,Furniture,Quatre Bornes,West,1,15000,0.0,10574.99,15000.0,10574.99,4425.01
ORD06162,2025-11-15,C0209,Office Chair,Furniture,Curepipe,South,4,8500,0.05,5684.13,32300.0,22736.52,9563.48
ORD06163,2024-07-27,C0400,Printer,Office,Curepipe,South,2,9500,0.15,6161.6,16150.0,12323.2,3826.8
ORD06164,2024-07-01,C0036,Office Chair,Furniture,Centre de Flacq,East,1,8500,0.05,5794.34,8075.0,5794.34,2280.66
ORD06165,2025-09-03,C0170,Wireless Headphones,Accessories,Curepipe,South,1,6500,0.0,3961.43,6500.0,3961.43,2538.57
ORD06166,2024-04-06,C0463,Wireless Headphones,Accessories,Curepipe,South,1,6500,0.05,4107.37,6175.0,4107.37,2067.63
ORD06167,2025-05-21,C0056,Standing Desk,Furniture,Port Louis,North,1,15000,0.0,8984.27,15000.0,8984.27,6015.73
ORD06168,2024-03-24,C0393,Mechanical Keyboard,Accessories,Flacq,East,1,4200,0.05,2323.01,3990.0,2323.01,1666.99
ORD06169,2025-11-26,C0432,Mechanical Keyboard,Accessories,Port Louis,North,1,4200,0.15,2809.39,3570.0,2809.39,760.61
ORD06170,2024-07-25,C0178,Office Lamp,Office,Mahebourg,South,1,1800,0.05,1324.5,1710.0,1324.5,385.5
ORD06171,2025-01-21,C0451,Office Chair,Furniture,Centre de Flacq,East,1,8500,0.05,5641.58,8075.0,5641.58,2433.42
ORD06172,2025-06-22,C0340,Tablet Air,Electronics,Pamplemousses,North,1,18000,0.0,12558.43,18000.0,12558.43,5441.57
ORD06173,2024-09-13,C0015,Gaming Mouse,Accessories,Pamplemousses,North,1,2200,0.0,1625.56,2200.0,1625.56,574.44
ORD06174,2024-06-27,C0075,Standing Desk,Furniture,Quatre Bornes,West,2,15000,0.0,10271.0,30000.0,20542.0,9458.0
ORD06175,2024-02-23,C0182,USB-C Hub,Accessories,Centre de Flacq,East,1,1800,0.0,1006.97,1800.0,1006.97,793.03
ORD06176,2025-04-16,C0387,Tablet Air,Electronics,Black River,West,3,18000,0.05,10621.82,51300.0,31865.46,19434.54
ORD06177,2024-10-22,C0032,Standing Desk,Furniture,Curepipe,South,1,15000,0.1,9044.92,13500.0,9044.92,4455.08
ORD06178,2025-03-13,C0011,Office Lamp,Office,Black River,West,1,1800,0.0,1301.69,1800.0,1301.69,498.31
ORD06179,2025-04-25,C0466,Office Lamp,Office,Quatre Bornes,West,1,1800,0.05,1229.46,1710.0,1229.46,480.54
ORD06180,2024-03-16,C0248,Wireless Headphones,Accessories,Black River,West,2,6500,0.0,3649.6,13000.0,7299.2,5700.8
ORD06181,2025-01-29,C0375,Office Lamp,Office,Port Louis,North,1,1800,0.05,1067.09,1710.0,1067.09,642.91
ORD06182,2024-10-24,C0140,Tablet Air,Electronics,Black River,West,2,18000,0.15,10149.19,30600.0,20298.38,10301.62
ORD06183,2025-09-10,C0069,Smartphone X,Electronics,Quatre Bornes,West,1,28000,0.0,16784.03,28000.0,16784.03,11215.97
ORD06184,2024-08-11,C0434,Mechanical Keyboard,Accessories,Mahebourg,South,1,4200,0.0,2630.59,4200.0,2630.59,1569.41
ORD06185,2024-09-17,C0171,Monitor 27,Electronics,Centre de Flacq,East,1,12000,0.0,6696.78,12000.0,6696.78,5303.22
ORD06186,2024-12-01,C0101,Tablet Air,Electronics,Mahebourg,South,1,18000,0.1,9958.65,16200.0,9958.65,6241.35
ORD06187,2024-08-13,C0069,Gaming Mouse,Accessories,Centre de Flacq,East,1,2200,0.05,1462.88,2090.0,1462.88,627.12
ORD06188,2025-08-03,C0382,Printer,Office,Port Louis,North,2,9500,0.0,7059.48,19000.0,14118.96,4881.04
ORD06189,2024-05-06,C0338,Smartphone X,Electronics,Flacq,East,1,28000,0.1,17867.52,25200.0,17867.52,7332.48
ORD06190,2025-02-11,C0262,Tablet Air,Electronics,Black River,West,1,18000,0.05,12531.0,17100.0,12531.0,4569.0
ORD06191,2025-07-17,C0167,Gaming Mouse,Accessories,Flacq,East,3,2200,0.0,1611.93,6600.0,4835.79,1764.21
ORD06192,2025-12-03,C0145,Laptop Pro 14,Electronics,Pamplemousses,North,1,45000,0.15,33753.15,38250.0,33753.15,4496.85
ORD06193,2024-02-23,C0440,Smartphone X,Electronics,Flacq,East,1,28000,0.05,17762.64,26600.0,17762.64,8837.36
ORD06194,2025-02-11,C0264,Smartphone X,Electronics,Curepipe,South,2,28000,0.1,19148.49,50400.0,38296.98,12103.02
ORD06195,2024-09-06,C0286,Mechanical Keyboard,Accessories,Curepipe,South,1,4200,0.0,3133.39,4200.0,3133.39,1066.61
ORD06196,2024-09-21,C0119,Monitor 27,Electronics,Quatre Bornes,West,1,12000,0.0,8599.97,12000.0,8599.97,3400.03
ORD06197,2024-07-20,C0301,Laptop Pro 14,Electronics,Flacq,East,1,45000,0.1,31101.27,40500.0,31101.27,9398.73
ORD06198,2024-02-07,C0262,Standing Desk,Furniture,Centre de Flacq,East,1,15000,0.0,10383.91,15000.0,10383.91,4616.09
ORD06199,2024-06-23,C0226,Smartphone X,Electronics,Centre de Flacq,East,1,28000,0.05,16065.08,26600.0,16065.08,10534.92
ORD06200,2025-07-02,C0226,USB-C Hub,Accessories,Pamplemousses,North,2,1800,0.0,1273.33,3600.0,2546.66,1053.34
ORD06201,2025-05-31,C0183,Office Chair,Furniture,Pamplemousses,North,1,8500,0.0,5371.33,8500.0,5371.33,3128.67
ORD06202,2025-09-25,C0079,Office Chair,Furniture,Centre de Flacq,East,1,8500,0.05,5274.95,8075.0,5274.95,2800.05
ORD06203,2025-05-15,C0081,Laptop Pro 14,Electronics,Centre de Flacq,East,2,45000,0.0,27465.71,90000.0,54931.42,35068.58
ORD06204,2025-09-12,C0062,Office Lamp,Office,Port Louis,North,1,1800,0.05,1369.62,1710.0,1369.62,340.38
ORD06205,2025-12-24,C0479,Monitor 27,Electronics,Quatre Bornes,West,3,12000,0.15,7119.1,30600.0,21357.3,9242.7
ORD06206,2024-11-26,C0010,Tablet Air,Electronics,Pamplemousses,North,1,18000,0.0,12517.39,18000.0,12517.39,5482.61
ORD06207,2025-04-04,C0061,Gaming Mouse,Accessories,Black River,West,3,2200,0.0,1241.85,6600.0,3725.55,2874.45
ORD06208,2024-05-15,C0258,Tablet Air,Electronics,Quatre Bornes,West,1,18000,0.0,9955.69,18000.0,9955.69,8044.31
ORD06209,2025-02-17,C0467,Office Lamp,Office,Curepipe,South,1,1800,0.05,1280.17,1710.0,1280.17,429.83
ORD06210,2024-07-07,C0202,Smartphone X,Electronics,Flacq,East,1,28000,0.1,20478.41,25200.0,20478.41,4721.59
ORD06211,2024-06-08,C0047,Wireless Headphones,Accessories,Pamplemousses,North,1,6500,0.0,4880.63,6500.0,4880.63,1619.37
ORD06212,2024-08-10,C0298,Standing Desk,Furniture,Curepipe,South,2,15000,0.05,9575.93,28500.0,19151.86,9348.14
ORD06213,2025-03-20,C0084,Printer,Office,Quatre Bornes,West,2,9500,0.0,6932.9,19000.0,13865.8,5134.2
ORD06214,2024-02-10,C0020,Office Chair,Furniture,Black River,West,1,8500,0.0,5211.05,8500.0,5211.05,3288.95
ORD06215,2025-10-25,C0269,Wireless Headphones,Accessories,Pamplemousses,North,1,6500,0.0,4427.97,6500.0,4427.97,2072.03
ORD06216,2025-11-21,C0286,Laptop Pro 14,Electronics,Flacq,East,1,45000,0.0,29763.07,45000.0,29763.07,15236.93
ORD06217,2024-01-09,C0170,Monitor 27,Electronics,Mahebourg,South,1,12000,0.1,7136.53,10800.0,7136.53,3663.47
ORD06218,2024-08-18,C0032,Smartphone X,Electronics,Port Louis,North,1,28000,0.0,18459.86,28000.0,18459.86,9540.14
ORD06219,2024-09-26,C0464,Wireless Headphones,Accessories,Quatre Bornes,West,2,6500,0.05,4095.74,12350.0,8191.48,4158.52
ORD06220,2025-07-21,C0232,Standing Desk,Furniture,Port Louis,North,1,15000,0.0,11085.22,15000.0,11085.22,3914.78
ORD06221,2024-03-22,C0042,Mechanical Keyboard,Accessories,Black River,West,1,4200,0.05,2425.95,3990.0,2425.95,1564.05
ORD06222,2025-04-10,C0207,Monitor 27,Electronics,Centre de Flacq,East,1,12000,0.0,7876.0,12000.0,7876.0,4124.0
ORD06223,2025-12-09,C0166,Monitor 27,Electronics,Port Louis,North,1,12000,0.05,7044.26,11400.0,7044.26,4355.74
ORD06224,2025-04-18,C0188,Office Chair,Furniture,Centre de Flacq,East,1,8500,0.05,5336.96,8075.0,5336.96,2738.04
ORD06225,2025-06-06,C0292,USB-C Hub,Accessories,Pamplemousses,North,1,1800,0.05,1284.9,1710.0,1284.9,425.1
ORD06226,2025-08-12,C0340,Office Chair,Furniture,Flacq,East,2,8500,0.05,5434.74,16150.0,10869.48,5280.52
ORD06227,2025-12-29,C0213,Smartphone X,Electronics,Mahebourg,South,1,28000,0.0,21566.92,28000.0,21566.92,6433.08
ORD06228,2025-06-13,C0153,Monitor 27,Electronics,Centre de Flacq,East,1,12000,0.05,7930.5,11400.0,7930.5,3469.5
ORD06229,2024-11-24,C0446,Office Lamp,Office,Flacq,East,1,1800,0.0,1191.6,1800.0,1191.6,608.4
ORD06230,2025-12-11,C0224,Laptop Pro 14,Electronics,Quatre Bornes,West,4,45000,0.0,33824.52,180000.0,135298.08,44701.92
ORD06231,2025-09-01,C0038,Laptop Pro 14,Electronics,Black River,West,2,45000,0.05,31796.53,85500.0,63593.06,21906.94
ORD06232,2025-12-28,C0185,Wireless Headphones,Accessories,Quatre Bornes,West,1,6500,0.05,3681.04,6175.0,3681.04,2493.96
ORD06233,2025-12-24,C0019,Mechanical Keyboard,Accessories,Black River,West,2,4200,0.0,3018.15,8400.0,6036.3,2363.7
ORD06234,2024-07-21,C0292,Tablet Air,Electronics,Black River,West,1,18000,0.1,11250.99,16200.0,11250.99,4949.01
ORD06235,2024-05-31,C0321,Gaming Mouse,Accessories,Quatre Bornes,West,1,2200,0.05,1301.3,2090.0,1301.3,788.7
ORD06236,2024-11-15,C0227,Office Chair,Furniture,Pamplemousses,North,4,8500,0.15,6405.55,28900.0,25622.2,3277.8
ORD06237,2025-12-11,C0260,USB-C Hub,Accessories,Quatre Bornes,West,1,1800,0.0,1346.15,1800.0,1346.15,453.85
ORD06238,2025-10-02,C0161,Mechanical Keyboard,Accessories,Centre de Flacq,East,1,4200,0.0,3174.56,4200.0,3174.56,1025.44
ORD06239,2025-10-04,C0073,Standing Desk,Furniture,Black River,West,1,15000,0.0,8503.11,15000.0,8503.11,6496.89
ORD06240,2024-12-20,C0449,Office Chair,Furniture,Pamplemousses,North,2,8500,0.1,6508.31,15300.0,13016.62,2283.38
ORD06241,2024-10-15,C0346,Standing Desk,Furniture,Port Louis,North,3,15000,0.15,10496.89,38250.0,31490.67,6759.33
ORD06242,2025-08-01,C0291,Office Chair,Furniture,Curepipe,South,2,8500,0.05,5681.46,16150.0,11362.92,4787.08
ORD06243,2025-09-15,C0054,Monitor 27,Electronics,Port Louis,North,1,12000,0.05,6914.57,11400.0,6914.57,4485.43
ORD06244,2024-05-12,C0457,USB-C Hub,Accessories,Pamplemousses,North,2,1800,0.05,1225.39,3420.0,2450.78,969.22
ORD06245,2024-08-01,C0291,Printer,Office,Pamplemousses,North,1,9500,0.0,6672.37,9500.0,6672.37,2827.63
ORD06246,2025-03-12,C0319,Smartphone X,Electronics,Curepipe,South,3,28000,0.1,15944.88,75600.0,47834.64,27765.36
ORD06247,2025-12-07,C0227,Office Chair,Furniture,Port Louis,North,2,8500,0.0,6569.61,17000.0,13139.22,3860.78
ORD06248,2024-08-14,C0173,Office Chair,Furniture,Black River,West,1,8500,0.0,4717.13,8500.0,4717.13,3782.87
ORD06249,2024-07-21,C0407,Mechanical Keyboard,Accessories,Quatre Bornes,West,2,4200,0.05,2526.63,7980.0,5053.26,2926.74
ORD06250,2025-06-24,C0404,Standing Desk,Furniture,Curepipe,South,1,15000,0.0,11611.43,15000.0,11611.43,3388.57
ORD06251,2024-10-06,C0332,Monitor 27,Electronics,Pamplemousses,North,1,12000,0.05,7253.97,11400.0,7253.97,4146.03
ORD06252,2024-07-09,C0301,Monitor 27,Electronics,Mahebourg,South,1,12000,0.1,6790.26,10800.0,6790.26,4009.74
ORD06253,2025-02-19,C0135,USB-C Hub,Accessories,Centre de Flacq,East,1,1800,0.0,1329.88,1800.0,1329.88,470.12
ORD06254,2025-10-04,C0353,Tablet Air,Electronics,Pamplemousses,North,1,18000,0.05,9932.67,17100.0,9932.67,7167.33
ORD06255,2024-08-04,C0167,USB-C Hub,Accessories,Black River,West,1,1800,0.15,1397.89,1530.0,1397.89,132.11
ORD06256,2024-06-09,C0158,Office Chair,Furniture,Curepipe,South,3,8500,0.05,6169.65,24225.0,18508.95,5716.05
ORD06257,2024-11-13,C0135,Printer,Office,Curepipe,South,1,9500,0.0,5501.09,9500.0,5501.09,3998.91
ORD06258,2025-08-04,C0006,Mechanical Keyboard,Accessories,Pamplemousses,North,1,4200,0.0,2608.38,4200.0,2608.38,1591.62
ORD06259,2024-04-19,C0413,Mechanical Keyboard,Accessories,Flacq,East,1,4200,0.0,2728.48,4200.0,2728.48,1471.52
ORD06260,2024-05-19,C0338,Gaming Mouse,Accessories,Pamplemousses,North,1,2200,0.15,1601.12,1870.0,1601.12,268.88
ORD06261,2024-11-25,C0293,Tablet Air,Electronics,Port Louis,North,3,18000,0.0,13045.17,54000.0,39135.51,14864.49
ORD06262,2025-01-15,C0047,Wireless Headphones,Accessories,Black River,West,1,6500,0.0,4815.51,6500.0,4815.51,1684.49
ORD06263,2024-07-25,C0009,Office Chair,Furniture,Mahebourg,South,1,8500,0.05,5981.06,8075.0,5981.06,2093.94
ORD06264,2025-06-03,C0497,Standing Desk,Furniture,Port Louis,North,1,15000,0.05,11108.11,14250.0,11108.11,3141.89
ORD06265,2025-04-16,C0103,Printer,Office,Flacq,East,3,9500,0.0,6182.41,28500.0,18547.23,9952.77
ORD06266,2024-05-26,C0271,Office Lamp,Office,Black River,West,1,1800,0.0,1119.17,1800.0,1119.17,680.83
ORD06267,2025-11-28,C0002,Office Chair,Furniture,Port Louis,North,2,8500,0.1,5900.55,15300.0,11801.1,3498.9
ORD06268,2025-06-18,C0436,Tablet Air,Electronics,Mahebourg,South,2,18000,0.0,13804.28,36000.0,27608.56,8391.44
ORD06269,2024-05-30,C0267,Monitor 27,Electronics,Flacq,East,1,12000,0.15,7520.77,10200.0,7520.77,2679.23
ORD06270,2024-04-06,C0433,Smartphone X,Electronics,Curepipe,South,1,28000,0.05,16803.32,26600.0,16803.32,9796.68
ORD06271,2024-03-07,C0413,Gaming Mouse,Accessories,Flacq,East,1,2200,0.0,1601.03,2200.0,1601.03,598.97
ORD06272,2025-11-01,C0472,Smartphone X,Electronics,Flacq,East,1,28000,0.1,18540.93,25200.0,18540.93,6659.07
ORD06273,2025-08-10,C0252,Gaming Mouse,Accessories,Centre de Flacq,East,2,2200,0.1,1655.33,3960.0,3310.66,649.34
ORD06274,2024-03-20,C0251,Monitor 27,Electronics,Quatre Bornes,West,1,12000,0.0,7214.2,12000.0,7214.2,4785.8
ORD06275,2025-01-01,C0368,USB-C Hub,Accessories,Pamplemousses,North,3,1800,0.15,993.86,4590.0,2981.58,1608.42
ORD06276,2025-03-08,C0226,Office Lamp,Office,Pamplemousses,North,1,1800,0.0,1087.51,1800.0,1087.51,712.49
ORD06277,2024-08-08,C0268,USB-C Hub,Accessories,Black River,West,4,1800,0.0,1288.84,7200.0,5155.36,2044.64
ORD06278,2024-08-02,C0268,Gaming Mouse,Accessories,Pamplemousses,North,3,2200,0.0,1298.49,6600.0,3895.47,2704.53
ORD06279,2024-12-30,C0213,Standing Desk,Furniture,Port Louis,North,3,15000,0.1,11628.66,40500.0,34885.98,5614.02
ORD06280,2025-01-08,C0390,Tablet Air,Electronics,Mahebourg,South,2,18000,0.15,12458.87,30600.0,24917.74,5682.26
ORD06281,2024-08-07,C0175,Mechanical Keyboard,Accessories,Pamplemousses,North,2,4200,0.1,2619.99,7560.0,5239.98,2320.02
ORD06282,2024-04-21,C0437,Office Chair,Furniture,Mahebourg,South,1,8500,0.0,5850.61,8500.0,5850.61,2649.39
ORD06283,2024-07-04,C0024,Tablet Air,Electronics,Mahebourg,South,1,18000,0.0,10138.91,18000.0,10138.91,7861.09
ORD06284,2024-10-10,C0154,Gaming Mouse,Accessories,Pamplemousses,North,2,2200,0.0,1684.53,4400.0,3369.06,1030.94
ORD06285,2024-05-29,C0075,Mechanical Keyboard,Accessories,Port Louis,North,1,4200,0.05,2326.01,3990.0,2326.01,1663.99
ORD06286,2024-05-28,C0083,Smartphone X,Electronics,Port Louis,North,1,28000,0.1,16660.24,25200.0,16660.24,8539.76
ORD06287,2024-09-14,C0485,Mechanical Keyboard,Accessories,Pamplemousses,North,2,4200,0.15,3064.39,7140.0,6128.78,1011.22
ORD06288,2025-12-31,C0131,Tablet Air,Electronics,Mahebourg,South,2,18000,0.05,10312.13,34200.0,20624.26,13575.74
ORD06289,2025-06-05,C0044,Standing Desk,Furniture,Port Louis,North,2,15000,0.0,11355.13,30000.0,22710.26,7289.74
ORD06290,2025-06-03,C0439,Monitor 27,Electronics,Curepipe,South,2,12000,0.05,8514.08,22800.0,17028.16,5771.84
ORD06291,2024-11-30,C0422,Gaming Mouse,Accessories,Mahebourg,South,1,2200,0.05,1251.1,2090.0,1251.1,838.9
ORD06292,2024-03-20,C0273,Monitor 27,Electronics,Black River,West,1,12000,0.0,6979.8,12000.0,6979.8,5020.2
ORD06293,2024-07-28,C0037,Printer,Office,Pamplemousses,North,1,9500,0.0,5675.24,9500.0,5675.24,3824.76
ORD06294,2024-09-17,C0092,USB-C Hub,Accessories,Pamplemousses,North,2,1800,0.1,1374.49,3240.0,2748.98,491.02
ORD06295,2025-08-08,C0033,Wireless Headphones,Accessories,Curepipe,South,2,6500,0.05,4822.66,12350.0,9645.32,2704.68
ORD06296,2025-07-20,C0207,USB-C Hub,Accessories,Pamplemousses,North,1,1800,0.05,1152.41,1710.0,1152.41,557.59
ORD06297,2024-05-28,C0419,Monitor 27,Electronics,Pamplemousses,North,1,12000,0.0,8148.39,12000.0,8148.39,3851.61
ORD06298,2025-05-31,C0463,Tablet Air,Electronics,Black River,West,2,18000,0.0,12140.97,36000.0,24281.94,11718.06
ORD06299,2025-06-25,C0496,Mechanical Keyboard,Accessories,Black River,West,1,4200,0.0,2377.71,4200.0,2377.71,1822.29
ORD06300,2024-01-23,C0232,Smartphone X,Electronics,Pamplemousses,North,2,28000,0.05,21045.05,53200.0,42090.1,11109.9
ORD06301,2025-03-03,C0279,Mechanical Keyboard,Accessories,Black River,West,1,4200,0.0,2883.8,4200.0,2883.8,1316.2
ORD06302,2024-08-06,C0379,USB-C Hub,Accessories,Centre de Flacq,East,2,1800,0.0,1233.39,3600.0,2466.78,1133.22
ORD06303,2024-10-07,C0068,Tablet Air,Electronics,Quatre Bornes,West,1,18000,0.05,10728.82,17100.0,10728.82,6371.18
ORD06304,2025-06-02,C0311,Mechanical Keyboard,Accessories,Curepipe,South,1,4200,0.0,2521.58,4200.0,2521.58,1678.42
ORD06305,2025-04-05,C0068,Office Chair,Furniture,Flacq,East,3,8500,0.0,5679.31,25500.0,17037.93,8462.07
ORD06306,2025-07-03,C0173,Standing Desk,Furniture,Black River,West,1,15000,0.0,11034.56,15000.0,11034.56,3965.44
ORD06307,2024-03-19,C0446,Laptop Pro 14,Electronics,Flacq,East,2,45000,0.0,27579.93,90000.0,55159.86,34840.14
ORD06308,2024-11-18,C0456,Laptop Pro 14,Electronics,Black River,West,1,45000,0.1,33136.49,40500.0,33136.49,7363.51
ORD06309,2025-07-20,C0216,Wireless Headphones,Accessories,Curepipe,South,1,6500,0.15,5047.76,5525.0,5047.76,477.24
ORD06310,2024-02-17,C0435,Laptop Pro 14,Electronics,Mahebourg,South,1,45000,0.0,27965.56,45000.0,27965.56,17034.44
ORD06311,2024-07-08,C0364,Mechanical Keyboard,Accessories,Flacq,East,1,4200,0.1,2836.47,3780.0,2836.47,943.53
ORD06312,2024-04-27,C0486,Office Chair,Furniture,Black River,West,1,8500,0.0,6111.8,8500.0,6111.8,2388.2
ORD06313,2024-04-29,C0216,Gaming Mouse,Accessories,Curepipe,South,2,2200,0.0,1360.1,4400.0,2720.2,1679.8
ORD06314,2025-10-04,C0330,Mechanical Keyboard,Accessories,Curepipe,South,3,4200,0.05,2813.33,11970.0,8439.99,3530.01
ORD06315,2025-12-14,C0017,Laptop Pro 14,Electronics,Centre de Flacq,East,1,45000,0.05,27500.5,42750.0,27500.5,15249.5
ORD06316,2025-08-23,C0439,Smartphone X,Electronics,Centre de Flacq,East,2,28000,0.0,17675.56,56000.0,35351.12,20648.88
ORD06317,2024-07-19,C0031,Monitor 27,Electronics,Mahebourg,South,1,12000,0.1,7991.59,10800.0,7991.59,2808.41
ORD06318,2025-10-27,C0079,Printer,Office,Flacq,East,1,9500,0.0,5753.11,9500.0,5753.11,3746.89
ORD06319,2025-04-30,C0116,Office Lamp,Office,Flacq,East,2,1800,0.0,1247.82,3600.0,2495.64,1104.36
ORD06320,2024-07-14,C0363,Printer,Office,Pamplemousses,North,2,9500,0.05,6735.63,18050.0,13471.26,4578.74
ORD06321,2025-12-29,C0171,Tablet Air,Electronics,Black River,West,1,18000,0.0,13916.07,18000.0,13916.07,4083.93
ORD06322,2024-10-01,C0470,Laptop Pro 14,Electronics,Centre de Flacq,East,2,45000,0.1,27381.02,81000.0,54762.04,26237.96
ORD06323,2025-12-10,C0498,Wireless Headphones,Accessories,Centre de Flacq,East,1,6500,0.1,5025.89,5850.0,5025.89,824.11
ORD06324,2025-02-26,C0081,Laptop Pro 14,Electronics,Mahebourg,South,1,45000,0.0,26469.29,45000.0,26469.29,18530.71
ORD06325,2025-09-26,C0023,Laptop Pro 14,Electronics,Port Louis,North,1,45000,0.0,31786.97,45000.0,31786.97,13213.03
ORD06326,2024-11-10,C0082,Tablet Air,Electronics,Mahebourg,South,2,18000,0.1,11244.26,32400.0,22488.52,9911.48
ORD06327,2024-02-15,C0298,Mechanical Keyboard,Accessories,Flacq,East,2,4200,0.05,3242.53,7980.0,6485.06,1494.94
ORD06328,2024-07-08,C0475,Gaming Mouse,Accessories,Port Louis,North,1,2200,0.05,1297.1,2090.0,1297.1,792.9
ORD06329,2024-04-20,C0055,Mechanical Keyboard,Accessories,Quatre Bornes,West,1,4200,0.0,2678.64,4200.0,2678.64,1521.36
ORD06330,2024-07-01,C0485,Monitor 27,Electronics,Black River,West,1,12000,0.05,8618.24,11400.0,8618.24,2781.76
ORD06331,2025-02-25,C0417,Standing Desk,Furniture,Mahebourg,South,2,15000,0.0,10092.58,30000.0,20185.16,9814.84
ORD06332,2025-10-25,C0382,Monitor 27,Electronics,Mahebourg,South,2,12000,0.0,8180.88,24000.0,16361.76,7638.24
ORD06333,2025-09-17,C0192,Monitor 27,Electronics,Quatre Bornes,West,2,12000,0.0,7709.6,24000.0,15419.2,8580.8
ORD06334,2024-05-12,C0174,Monitor 27,Electronics,Port Louis,North,2,12000,0.0,6741.79,24000.0,13483.58,10516.42
ORD06335,2024-12-06,C0340,Wireless Headphones,Accessories,Mahebourg,South,3,6500,0.05,4133.39,18525.0,12400.17,6124.83
ORD06336,2025-11-05,C0381,Office Chair,Furniture,Curepipe,South,2,8500,0.1,5374.27,15300.0,10748.54,4551.46
ORD06337,2024-07-02,C0284,Standing Desk,Furniture,Black River,West,2,15000,0.0,9548.99,30000.0,19097.98,10902.02
ORD06338,2024-06-02,C0078,Mechanical Keyboard,Accessories,Curepipe,South,1,4200,0.0,3040.84,4200.0,3040.84,1159.16
ORD06339,2025-07-04,C0180,Printer,Office,Flacq,East,1,9500,0.0,7393.91,9500.0,7393.91,2106.09
ORD06340,2024-09-12,C0248,Wireless Headphones,Accessories,Centre de Flacq,East,2,6500,0.0,4911.09,13000.0,9822.18,3177.82
ORD06341,2024-03-06,C0250,Monitor 27,Electronics,Black River,West,1,12000,0.0,7027.1,12000.0,7027.1,4972.9
ORD06342,2025-10-28,C0129,Tablet Air,Electronics,Port Louis,North,1,18000,0.0,11516.35,18000.0,11516.35,6483.65
ORD06343,2025-09-09,C0327,Monitor 27,Electronics,Centre de Flacq,East,2,12000,0.0,7453.33,24000.0,14906.66,9093.34
ORD06344,2024-08-02,C0370,Standing Desk,Furniture,Curepipe,South,1,15000,0.0,8603.73,15000.0,8603.73,6396.27
ORD06345,2025-06-06,C0039,Tablet Air,Electronics,Pamplemousses,North,3,18000,0.0,13868.56,54000.0,41605.68,12394.32
ORD06346,2025-01-21,C0091,Mechanical Keyboard,Accessories,Flacq,East,1,4200,0.05,2714.6,3990.0,2714.6,1275.4
ORD06347,2024-11-04,C0303,Mechanical Keyboard,Accessories,Flacq,East,1,4200,0.05,2346.64,3990.0,2346.64,1643.36
ORD06348,2025-10-09,C0245,Smartphone X,Electronics,Flacq,East,1,28000,0.0,18813.66,28000.0,18813.66,9186.34
ORD06349,2024-03-30,C0143,Printer,Office,Pamplemousses,North,2,9500,0.0,7076.68,19000.0,14153.36,4846.64
ORD06350,2025-12-19,C0326,Printer,Office,Pamplemousses,North,1,9500,0.1,5356.83,8550.0,5356.83,3193.17
ORD06351,2024-03-31,C0228,USB-C Hub,Accessories,Mahebourg,South,1,1800,0.0,1121.03,1800.0,1121.03,678.97
ORD06352,2024-08-24,C0380,Gaming Mouse,Accessories,Black River,West,2,2200,0.0,1450.68,4400.0,2901.36,1498.64
ORD06353,2025-01-22,C0190,Mechanical Keyboard,Accessories,Port Louis,North,1,4200,0.0,2628.25,4200.0,2628.25,1571.75
ORD06354,2025-07-10,C0350,Tablet Air,Electronics,Pamplemousses,North,1,18000,0.0,11659.37,18000.0,11659.37,6340.63
ORD06355,2024-07-25,C0364,Printer,Office,Flacq,East,3,9500,0.1,7042.44,25650.0,21127.32,4522.68
ORD06356,2024-05-27,C0218,Printer,Office,Centre de Flacq,East,2,9500,0.0,5936.71,19000.0,11873.42,7126.58
ORD06357,2025-04-26,C0144,Gaming Mouse,Accessories,Port Louis,North,4,2200,0.0,1562.21,8800.0,6248.84,2551.16
ORD06358,2024-07-29,C0400,Office Chair,Furniture,Flacq,East,3,8500,0.0,6056.87,25500.0,18170.61,7329.39
ORD06359,2024-11-04,C0150,USB-C Hub,Accessories,Curepipe,South,1,1800,0.0,1112.68,1800.0,1112.68,687.32
ORD06360,2024-09-08,C0024,Office Chair,Furniture,Black River,West,1,8500,0.0,5100.18,8500.0,5100.18,3399.82
ORD06361,2025-09-22,C0087,Smartphone X,Electronics,Flacq,East,1,28000,0.1,17087.69,25200.0,17087.69,8112.31
ORD06362,2024-07-28,C0458,Office Chair,Furniture,Centre de Flacq,East,1,8500,0.05,5778.53,8075.0,5778.53,2296.47
ORD06363,2025-07-07,C0102,Smartphone X,Electronics,Curepipe,South,3,28000,0.0,21717.65,84000.0,65152.95,18847.05
ORD06364,2025-08-11,C0114,Laptop Pro 14,Electronics,Port Louis,North,1,45000,0.0,25743.29,45000.0,25743.29,19256.71
ORD06365,2024-03-07,C0037,Office Chair,Furniture,Port Louis,North,3,8500,0.1,6330.19,22950.0,18990.57,3959.43
ORD06366,2024-03-07,C0209,Gaming Mouse,Accessories,Pamplemousses,North,1,2200,0.15,1663.8,1870.0,1663.8,206.2
ORD06367,2025-05-28,C0164,Wireless Headphones,Accessories,Mahebourg,South,2,6500,0.0,3736.13,13000.0,7472.26,5527.74
ORD06368,2025-01-11,C0227,Office Lamp,Office,Pamplemousses,North,1,1800,0.0,1033.0,1800.0,1033.0,767.0
ORD06369,2025-01-10,C0052,Office Lamp,Office,Port Louis,North,1,1800,0.0,1198.69,1800.0,1198.69,601.31
ORD06370,2024-04-11,C0117,Printer,Office,Port Louis,North,2,9500,0.05,7354.37,18050.0,14708.74,3341.26
ORD06371,2025-08-12,C0407,Printer,Office,Black River,West,1,9500,0.0,5935.82,9500.0,5935.82,3564.18
ORD06372,2025-02-19,C0073,Standing Desk,Furniture,Centre de Flacq,East,1,15000,0.05,9479.33,14250.0,9479.33,4770.67
ORD06373,2025-07-22,C0232,Wireless Headphones,Accessories,Port Louis,North,1,6500,0.0,3603.66,6500.0,3603.66,2896.34
ORD06374,2025-08-04,C0156,Office Chair,Furniture,Curepipe,South,1,8500,0.0,5165.13,8500.0,5165.13,3334.87
ORD06375,2025-06-15,C0362,Standing Desk,Furniture,Pamplemousses,North,2,15000,0.1,11658.22,27000.0,23316.44,3683.56
ORD06376,2024-05-07,C0371,Smartphone X,Electronics,Black River,West,1,28000,0.1,21470.54,25200.0,21470.54,3729.46
ORD06377,2025-03-03,C0054,Smartphone X,Electronics,Port Louis,North,2,28000,0.0,18091.15,56000.0,36182.3,19817.7
ORD06378,2025-02-10,C0482,Tablet Air,Electronics,Pamplemousses,North,2,18000,0.0,13212.52,36000.0,26425.04,9574.96
ORD06379,2025-05-09,C0297,Gaming Mouse,Accessories,Curepipe,South,2,2200,0.0,1427.91,4400.0,2855.82,1544.18
ORD06380,2024-02-10,C0047,Office Lamp,Office,Curepipe,South,1,1800,0.0,1227.46,1800.0,1227.46,572.54
ORD06381,2025-07-28,C0016,Tablet Air,Electronics,Quatre Bornes,West,3,18000,0.0,10520.22,54000.0,31560.66,22439.34
ORD06382,2024-02-28,C0166,Smartphone X,Electronics,Centre de Flacq,East,2,28000,0.0,17475.06,56000.0,34950.12,21049.88
ORD06383,2025-01-02,C0348,Wireless Headphones,Accessories,Curepipe,South,1,6500,0.0,4723.55,6500.0,4723.55,1776.45
ORD06384,2025-09-09,C0341,Printer,Office,Black River,West,1,9500,0.0,6288.27,9500.0,6288.27,3211.73
ORD06385,2024-10-30,C0471,Gaming Mouse,Accessories,Black River,West,1,2200,0.0,1623.84,2200.0,1623.84,576.16
ORD06386,2025-01-10,C0132,Tablet Air,Electronics,Mahebourg,South,1,18000,0.05,12861.4,17100.0,12861.4,4238.6
ORD06387,2025-06-07,C0313,USB-C Hub,Accessories,Port Louis,North,4,1800,0.0,1074.95,7200.0,4299.8,2900.2
ORD06388,2024-09-21,C0422,Monitor 27,Electronics,Black River,West,1,12000,0.05,9207.51,11400.0,9207.51,2192.49
ORD06389,2024-03-29,C0421,USB-C Hub,Accessories,Quatre Bornes,West,1,1800,0.0,1062.99,1800.0,1062.99,737.01
ORD06390,2025-11-15,C0222,Office Chair,Furniture,Flacq,East,1,8500,0.1,5092.87,7650.0,5092.87,2557.13
ORD06391,2025-10-01,C0114,Gaming Mouse,Accessories,Pamplemousses,North,3,2200,0.0,1313.21,6600.0,3939.63,2660.37
ORD06392,2025-06-17,C0283,Printer,Office,Centre de Flacq,East,1,9500,0.0,7106.47,9500.0,7106.47,2393.53
ORD06393,2025-09-30,C0400,Printer,Office,Quatre Bornes,West,1,9500,0.05,5691.6,9025.0,5691.6,3333.4
ORD06394,2024-05-15,C0494,Tablet Air,Electronics,Curepipe,South,1,18000,0.0,13294.85,18000.0,13294.85,4705.15
ORD06395,2024-04-12,C0177,Office Lamp,Office,Flacq,East,2,1800,0.0,1029.33,3600.0,2058.66,1541.34
ORD06396,2024-03-29,C0426,Office Chair,Furniture,Flacq,East,3,8500,0.1,6607.91,22950.0,19823.73,3126.27
ORD06397,2024-04-29,C0356,Tablet Air,Electronics,Curepipe,South,1,18000,0.05,13571.03,17100.0,13571.03,3528.97
ORD06398,2025-07-26,C0244,USB-C Hub,Accessories,Pamplemousses,North,4,1800,0.0,1398.43,7200.0,5593.72,1606.28
ORD06399,2024-11-06,C0094,Smartphone X,Electronics,Pamplemousses,North,1,28000,0.0,17989.68,28000.0,17989.68,10010.32
ORD06400,2024-06-15,C0020,Monitor 27,Electronics,Black River,West,1,12000,0.0,8454.8,12000.0,8454.8,3545.2
ORD06401,2024-07-22,C0040,Smartphone X,Electronics,Quatre Bornes,West,1,28000,0.1,18035.87,25200.0,18035.87,7164.13
ORD06402,2024-12-18,C0356,Mechanical Keyboard,Accessories,Black River,West,1,4200,0.0,2896.48,4200.0,2896.48,1303.52
ORD06403,2025-10-04,C0175,Mechanical Keyboard,Accessories,Flacq,East,1,4200,0.0,2714.24,4200.0,2714.24,1485.76
ORD06404,2025-01-08,C0424,Printer,Office,Black River,West,3,9500,0.0,5458.62,28500.0,16375.86,12124.14
ORD06405,2024-05-07,C0333,USB-C Hub,Accessories,Mahebourg,South,1,1800,0.0,1281.31,1800.0,1281.31,518.69
ORD06406,2025-04-10,C0374,Printer,Office,Flacq,East,1,9500,0.1,5348.09,8550.0,5348.09,3201.91
ORD06407,2025-09-23,C0251,Standing Desk,Furniture,Black River,West,2,15000,0.05,10314.41,28500.0,20628.82,7871.18
ORD06408,2025-06-22,C0126,Monitor 27,Electronics,Black River,West,1,12000,0.0,7241.12,12000.0,7241.12,4758.88
ORD06409,2025-11-16,C0449,USB-C Hub,Accessories,Flacq,East,1,1800,0.0,1084.55,1800.0,1084.55,715.45
ORD06410,2025-11-29,C0181,Monitor 27,Electronics,Port Louis,North,1,12000,0.05,7145.36,11400.0,7145.36,4254.64
ORD06411,2025-02-12,C0069,Office Lamp,Office,Quatre Bornes,West,1,1800,0.1,1399.1,1620.0,1399.1,220.9
ORD06412,2025-08-24,C0326,Tablet Air,Electronics,Curepipe,South,1,18000,0.0,10841.23,18000.0,10841.23,7158.77
ORD06413,2024-12-30,C0052,Smartphone X,Electronics,Quatre Bornes,West,1,28000,0.05,16549.13,26600.0,16549.13,10050.87
ORD06414,2024-04-28,C0402,Gaming Mouse,Accessories,Black River,West,1,2200,0.05,1637.06,2090.0,1637.06,452.94
ORD06415,2025-09-19,C0042,Office Lamp,Office,Mahebourg,South,1,1800,0.0,1367.33,1800.0,1367.33,432.67
ORD06416,2025-02-20,C0299,Printer,Office,Port Louis,North,1,9500,0.1,5834.18,8550.0,5834.18,2715.82
ORD06417,2025-09-12,C0202,Office Lamp,Office,Port Louis,North,3,1800,0.05,1078.82,5130.0,3236.46,1893.54
ORD06418,2024-05-21,C0262,Laptop Pro 14,Electronics,Curepipe,South,1,45000,0.15,25463.03,38250.0,25463.03,12786.97
ORD06419,2024-10-10,C0151,Monitor 27,Electronics,Mahebourg,South,1,12000,0.05,7263.46,11400.0,7263.46,4136.54
ORD06420,2024-02-06,C0403,Office Lamp,Office,Black River,West,1,1800,0.15,1340.55,1530.0,1340.55,189.45
ORD06421,2024-02-04,C0146,Office Chair,Furniture,Quatre Bornes,West,3,8500,0.05,6288.37,24225.0,18865.11,5359.89
ORD06422,2024-07-11,C0352,Monitor 27,Electronics,Port Louis,North,1,12000,0.05,8205.14,11400.0,8205.14,3194.86
ORD06423,2024-07-01,C0442,Smartphone X,Electronics,Curepipe,South,1,28000,0.15,20654.29,23800.0,20654.29,3145.71
ORD06424,2024-10-19,C0223,Tablet Air,Electronics,Black River,West,1,18000,0.1,12040.45,16200.0,12040.45,4159.55
ORD06425,2025-11-17,C0169,Smartphone X,Electronics,Pamplemousses,North,2,28000,0.0,21827.5,56000.0,43655.0,12345.0
ORD06426,2025-05-11,C0140,Laptop Pro 14,Electronics,Quatre Bornes,West,1,45000,0.0,27490.35,45000.0,27490.35,17509.65
ORD06427,2024-03-31,C0164,Office Chair,Furniture,Centre de Flacq,East,1,8500,0.0,6107.01,8500.0,6107.01,2392.99
ORD06428,2025-01-22,C0013,Office Lamp,Office,Black River,West,1,1800,0.05,1371.94,1710.0,1371.94,338.06
ORD06429,2024-08-21,C0153,Laptop Pro 14,Electronics,Curepipe,South,1,45000,0.1,33443.37,40500.0,33443.37,7056.63
ORD06430,2025-09-24,C0428,Printer,Office,Pamplemousses,North,1,9500,0.15,5806.03,8075.0,5806.03,2268.97
ORD06431,2025-10-24,C0229,Mechanical Keyboard,Accessories,Pamplemousses,North,1,4200,0.05,2626.53,3990.0,2626.53,1363.47
ORD06432,2024-09-21,C0291,Gaming Mouse,Accessories,Pamplemousses,North,1,2200,0.1,1420.36,1980.0,1420.36,559.64
ORD06433,2024-12-18,C0080,Standing Desk,Furniture,Centre de Flacq,East,1,15000,0.05,9193.29,14250.0,9193.29,5056.71
ORD06434,2024-12-16,C0045,Monitor 27,Electronics,Centre de Flacq,East,2,12000,0.05,8572.37,22800.0,17144.74,5655.26
ORD06435,2024-10-04,C0067,Wireless Headphones,Accessories,Pamplemousses,North,1,6500,0.0,3627.34,6500.0,3627.34,2872.66
ORD06436,2024-01-03,C0268,Wireless Headphones,Accessories,Quatre Bornes,West,3,6500,0.05,4690.97,18525.0,14072.91,4452.09
ORD06437,2024-04-11,C0453,Gaming Mouse,Accessories,Curepipe,South,1,2200,0.05,1428.8,2090.0,1428.8,661.2
ORD06438,2025-11-17,C0223,Standing Desk,Furniture,Centre de Flacq,East,1,15000,0.0,8504.73,15000.0,8504.73,6495.27
ORD06439,2024-12-18,C0390,Standing Desk,Furniture,Pamplemousses,North,3,15000,0.0,8856.6,45000.0,26569.8,18430.2
ORD06440,2025-09-16,C0384,Smartphone X,Electronics,Pamplemousses,North,2,28000,0.0,17063.69,56000.0,34127.38,21872.62
ORD06441,2024-11-25,C0089,Office Lamp,Office,Curepipe,South,1,1800,0.1,1217.36,1620.0,1217.36,402.64
ORD06442,2024-12-28,C0251,Wireless Headphones,Accessories,Port Louis,North,2,6500,0.0,4332.85,13000.0,8665.7,4334.3
ORD06443,2024-06-19,C0248,Printer,Office,Flacq,East,2,9500,0.0,5415.4,19000.0,10830.8,8169.2
ORD06444,2024-11-14,C0123,Office Lamp,Office,Quatre Bornes,West,3,1800,0.0,1358.58,5400.0,4075.74,1324.26
ORD06445,2024-11-14,C0443,USB-C Hub,Accessories,Flacq,East,1,1800,0.0,1358.45,1800.0,1358.45,441.55
ORD06446,2024-10-30,C0311,Office Chair,Furniture,Flacq,East,1,8500,0.0,6586.8,8500.0,6586.8,1913.2
ORD06447,2025-08-22,C0421,Office Lamp,Office,Quatre Bornes,West,1,1800,0.0,990.93,1800.0,990.93,809.07
ORD06448,2024-07-28,C0303,Tablet Air,Electronics,Port Louis,North,2,18000,0.0,10825.9,36000.0,21651.8,14348.2
ORD06449,2025-06-15,C0367,Printer,Office,Curepipe,South,1,9500,0.05,6529.53,9025.0,6529.53,2495.47
ORD06450,2025-07-14,C0065,Monitor 27,Electronics,Curepipe,South,1,12000,0.1,7551.05,10800.0,7551.05,3248.95
ORD06451,2024-02-23,C0322,Mechanical Keyboard,Accessories,Mahebourg,South,2,4200,0.05,3222.1,7980.0,6444.2,1535.8
ORD06452,2025-08-03,C0439,Mechanical Keyboard,Accessories,Quatre Bornes,West,1,4200,0.15,2708.64,3570.0,2708.64,861.36
ORD06453,2024-11-19,C0122,Laptop Pro 14,Electronics,Quatre Bornes,West,2,45000,0.05,33476.66,85500.0,66953.32,18546.68
ORD06454,2025-07-09,C0137,Smartphone X,Electronics,Black River,West,2,28000,0.1,17658.14,50400.0,35316.28,15083.72
ORD06455,2025-07-04,C0462,Laptop Pro 14,Electronics,Black River,West,1,45000,0.0,32037.78,45000.0,32037.78,12962.22
ORD06456,2024-02-28,C0322,Standing Desk,Furniture,Mahebourg,South,2,15000,0.15,10848.4,25500.0,21696.8,3803.2
ORD06457,2025-04-05,C0336,USB-C Hub,Accessories,Curepipe,South,1,1800,0.1,1021.89,1620.0,1021.89,598.11
ORD06458,2025-05-27,C0260,Standing Desk,Furniture,Quatre Bornes,West,1,15000,0.0,11112.14,15000.0,11112.14,3887.86
ORD06459,2025-04-17,C0268,USB-C Hub,Accessories,Centre de Flacq,East,1,1800,0.1,1315.38,1620.0,1315.38,304.62
ORD06460,2024-03-16,C0392,USB-C Hub,Accessories,Pamplemousses,North,1,1800,0.05,1212.06,1710.0,1212.06,497.94
ORD06461,2024-03-28,C0235,USB-C Hub,Accessories,Flacq,East,1,1800,0.1,1180.28,1620.0,1180.28,439.72
ORD06462,2025-08-21,C0122,Gaming Mouse,Accessories,Flacq,East,1,2200,0.0,1392.94,2200.0,1392.94,807.06
ORD06463,2025-03-16,C0090,Office Chair,Furniture,Black River,West,1,8500,0.0,5992.92,8500.0,5992.92,2507.08
ORD06464,2025-04-10,C0066,Mechanical Keyboard,Accessories,Quatre Bornes,West,1,4200,0.0,2863.85,4200.0,2863.85,1336.15
ORD06465,2025-11-29,C0158,Wireless Headphones,Accessories,Quatre Bornes,West,1,6500,0.1,5056.99,5850.0,5056.99,793.01
ORD06466,2024-07-24,C0202,Standing Desk,Furniture,Pamplemousses,North,1,15000,0.15,10649.46,12750.0,10649.46,2100.54
ORD06467,2025-07-27,C0412,Wireless Headphones,Accessories,Quatre Bornes,West,1,6500,0.0,4970.56,6500.0,4970.56,1529.44
ORD06468,2024-02-22,C0411,Printer,Office,Quatre Bornes,West,1,9500,0.0,6370.54,9500.0,6370.54,3129.46
ORD06469,2025-01-14,C0023,Office Lamp,Office,Port Louis,North,1,1800,0.05,1035.22,1710.0,1035.22,674.78
ORD06470,2024-11-21,C0050,Office Chair,Furniture,Port Louis,North,1,8500,0.0,5494.1,8500.0,5494.1,3005.9
ORD06471,2025-03-08,C0214,Standing Desk,Furniture,Port Louis,North,1,15000,0.05,9763.83,14250.0,9763.83,4486.17
ORD06472,2025-10-03,C0324,Office Chair,Furniture,Mahebourg,South,1,8500,0.0,6222.44,8500.0,6222.44,2277.56
ORD06473,2024-09-02,C0309,Laptop Pro 14,Electronics,Black River,West,1,45000,0.0,34364.37,45000.0,34364.37,10635.63
ORD06474,2025-07-29,C0066,Tablet Air,Electronics,Mahebourg,South,2,18000,0.0,10490.18,36000.0,20980.36,15019.64
ORD06475,2024-06-27,C0227,Printer,Office,Flacq,East,1,9500,0.05,5357.38,9025.0,5357.38,3667.62
ORD06476,2024-09-22,C0359,Office Lamp,Office,Centre de Flacq,East,1,1800,0.05,1283.37,1710.0,1283.37,426.63
ORD06477,2025-03-08,C0463,Printer,Office,Curepipe,South,1,9500,0.1,5425.15,8550.0,5425.15,3124.85
ORD06478,2024-01-03,C0206,Gaming Mouse,Accessories,Quatre Bornes,West,1,2200,0.0,1302.35,2200.0,1302.35,897.65
ORD06479,2025-12-09,C0208,Office Lamp,Office,Port Louis,North,1,1800,0.1,1040.23,1620.0,1040.23,579.77
ORD06480,2025-10-02,C0059,USB-C Hub,Accessories,Pamplemousses,North,1,1800,0.0,1205.71,1800.0,1205.71,594.29
ORD06481,2024-05-30,C0106,Printer,Office,Quatre Bornes,West,2,9500,0.0,6041.49,19000.0,12082.98,6917.02
ORD06482,2025-05-15,C0346,Gaming Mouse,Accessories,Mahebourg,South,1,2200,0.0,1398.77,2200.0,1398.77,801.23
ORD06483,2025-12-29,C0179,USB-C Hub,Accessories,Quatre Bornes,West,1,1800,0.0,1098.7,1800.0,1098.7,701.3
ORD06484,2025-01-12,C0345,Gaming Mouse,Accessories,Curepipe,South,3,2200,0.1,1392.21,5940.0,4176.63,1763.37
ORD06485,2025-01-31,C0023,Office Lamp,Office,Black River,West,2,1800,0.0,1335.01,3600.0,2670.02,929.98
ORD06486,2024-03-07,C0296,Smartphone X,Electronics,Pamplemousses,North,2,28000,0.05,21788.62,53200.0,43577.24,9622.76
ORD06487,2024-09-09,C0112,Printer,Office,Curepipe,South,3,9500,0.05,7151.08,27075.0,21453.24,5621.76
ORD06488,2024-06-02,C0265,Smartphone X,Electronics,Curepipe,South,1,28000,0.0,20301.91,28000.0,20301.91,7698.09
ORD06489,2025-11-12,C0320,Tablet Air,Electronics,Black River,West,3,18000,0.0,12237.34,54000.0,36712.02,17287.98
ORD06490,2024-11-13,C0282,Office Lamp,Office,Curepipe,South,1,1800,0.0,1242.5,1800.0,1242.5,557.5
ORD06491,2025-05-21,C0151,Standing Desk,Furniture,Port Louis,North,1,15000,0.0,10200.74,15000.0,10200.74,4799.26
ORD06492,2024-06-21,C0096,Mechanical Keyboard,Accessories,Flacq,East,2,4200,0.0,2537.98,8400.0,5075.96,3324.04
ORD06493,2024-05-04,C0026,Standing Desk,Furniture,Pamplemousses,North,1,15000,0.0,10562.63,15000.0,10562.63,4437.37
ORD06494,2024-10-23,C0450,Smartphone X,Electronics,Pamplemousses,North,1,28000,0.0,21008.72,28000.0,21008.72,6991.28
ORD06495,2025-12-03,C0472,Printer,Office,Curepipe,South,2,9500,0.0,6799.23,19000.0,13598.46,5401.54
ORD06496,2025-05-19,C0352,Mechanical Keyboard,Accessories,Black River,West,3,4200,0.05,2456.57,11970.0,7369.71,4600.29
ORD06497,2024-02-09,C0189,Monitor 27,Electronics,Port Louis,North,1,12000,0.1,7976.26,10800.0,7976.26,2823.74
ORD06498,2025-07-08,C0088,Laptop Pro 14,Electronics,Port Louis,North,2,45000,0.0,26802.36,90000.0,53604.72,36395.28
ORD06499,2024-04-08,C0083,USB-C Hub,Accessories,Port Louis,North,1,1800,0.0,1102.89,1800.0,1102.89,697.11
ORD06500,2024-06-07,C0100,Smartphone X,Electronics,Pamplemousses,North,1,28000,0.1,15887.18,25200.0,15887.18,9312.82
ORD06501,2025-08-22,C0057,Laptop Pro 14,Electronics,Curepipe,South,1,45000,0.0,24897.76,45000.0,24897.76,20102.24
ORD06502,2024-01-13,C0391,Office Chair,Furniture,Centre de Flacq,East,2,8500,0.0,5395.21,17000.0,10790.42,6209.58
ORD06503,2024-11-05,C0032,Office Lamp,Office,Curepipe,South,1,1800,0.05,1157.85,1710.0,1157.85,552.15
ORD06504,2025-12-26,C0438,Smartphone X,Electronics,Centre de Flacq,East,1,28000,0.05,19829.59,26600.0,19829.59,6770.41
ORD06505,2025-10-29,C0045,Laptop Pro 14,Electronics,Pamplemousses,North,1,45000,0.05,31555.91,42750.0,31555.91,11194.09
ORD06506,2024-07-05,C0104,Laptop Pro 14,Electronics,Port Louis,North,1,45000,0.0,32905.12,45000.0,32905.12,12094.88
ORD06507,2025-04-07,C0076,Smartphone X,Electronics,Curepipe,South,4,28000,0.05,20092.18,106400.0,80368.72,26031.28
ORD06508,2025-02-26,C0341,Smartphone X,Electronics,Curepipe,South,4,28000,0.0,20459.76,112000.0,81839.04,30160.96
ORD06509,2024-03-13,C0325,Gaming Mouse,Accessories,Mahebourg,South,1,2200,0.0,1270.79,2200.0,1270.79,929.21
ORD06510,2024-11-05,C0399,Monitor 27,Electronics,Port Louis,North,1,12000,0.1,8158.24,10800.0,8158.24,2641.76
ORD06511,2025-07-11,C0466,Tablet Air,Electronics,Black River,West,1,18000,0.05,11824.15,17100.0,11824.15,5275.85
ORD06512,2024-05-14,C0087,Wireless Headphones,Accessories,Port Louis,North,2,6500,0.1,5007.22,11700.0,10014.44,1685.56
ORD06513,2024-08-10,C0056,Office Lamp,Office,Centre de Flacq,East,1,1800,0.0,1398.17,1800.0,1398.17,401.83
ORD06514,2025-02-10,C0189,Printer,Office,Curepipe,South,3,9500,0.0,6365.45,28500.0,19096.35,9403.65
ORD06515,2025-09-05,C0353,Mechanical Keyboard,Accessories,Port Louis,North,2,4200,0.0,2956.36,8400.0,5912.72,2487.28
ORD06516,2024-09-19,C0084,Standing Desk,Furniture,Curepipe,South,2,15000,0.0,11024.71,30000.0,22049.42,7950.58
ORD06517,2024-08-21,C0402,Tablet Air,Electronics,Pamplemousses,North,1,18000,0.0,11594.16,18000.0,11594.16,6405.84
ORD06518,2024-02-15,C0351,Laptop Pro 14,Electronics,Pamplemousses,North,1,45000,0.05,33545.01,42750.0,33545.01,9204.99
ORD06519,2025-12-05,C0446,USB-C Hub,Accessories,Quatre Bornes,West,2,1800,0.0,1086.82,3600.0,2173.64,1426.36
ORD06520,2024-04-10,C0174,Monitor 27,Electronics,Port Louis,North,3,12000,0.0,6627.65,36000.0,19882.95,16117.05
ORD06521,2025-06-19,C0107,Tablet Air,Electronics,Pamplemousses,North,2,18000,0.0,12024.95,36000.0,24049.9,11950.1
ORD06522,2024-02-17,C0438,Office Chair,Furniture,Centre de Flacq,East,1,8500,0.05,5027.87,8075.0,5027.87,3047.13
ORD06523,2025-05-11,C0309,USB-C Hub,Accessories,Pamplemousses,North,1,1800,0.0,1327.81,1800.0,1327.81,472.19
ORD06524,2025-01-26,C0446,USB-C Hub,Accessories,Quatre Bornes,West,1,1800,0.0,992.45,1800.0,992.45,807.55
ORD06525,2025-11-06,C0204,Smartphone X,Electronics,Curepipe,South,1,28000,0.0,19188.65,28000.0,19188.65,8811.35
ORD06526,2025-02-16,C0369,Monitor 27,Electronics,Mahebourg,South,1,12000,0.0,6601.45,12000.0,6601.45,5398.55
ORD06527,2024-07-28,C0193,Gaming Mouse,Accessories,Pamplemousses,North,1,2200,0.15,1458.66,1870.0,1458.66,411.34
ORD06528,2024-09-12,C0452,Smartphone X,Electronics,Centre de Flacq,East,1,28000,0.05,16235.54,26600.0,16235.54,10364.46
ORD06529,2025-03-03,C0279,Gaming Mouse,Accessories,Quatre Bornes,West,1,2200,0.0,1223.64,2200.0,1223.64,976.36
ORD06530,2025-09-24,C0433,Laptop Pro 14,Electronics,Flacq,East,3,45000,0.0,24826.73,135000.0,74480.19,60519.81
ORD06531,2025-05-19,C0128,Tablet Air,Electronics,Pamplemousses,North,3,18000,0.0,12387.25,54000.0,37161.75,16838.25
ORD06532,2025-12-14,C0322,Standing Desk,Furniture,Flacq,East,1,15000,0.0,8954.42,15000.0,8954.42,6045.58
ORD06533,2024-04-05,C0500,Wireless Headphones,Accessories,Mahebourg,South,1,6500,0.05,3683.4,6175.0,3683.4,2491.6
ORD06534,2025-04-02,C0320,Monitor 27,Electronics,Centre de Flacq,East,1,12000,0.0,8304.88,12000.0,8304.88,3695.12
ORD06535,2025-10-04,C0319,Printer,Office,Black River,West,2,9500,0.0,6415.41,19000.0,12830.82,6169.18
ORD06536,2025-12-04,C0039,Office Lamp,Office,Black River,West,1,1800,0.05,1276.02,1710.0,1276.02,433.98
ORD06537,2024-08-21,C0245,Monitor 27,Electronics,Curepipe,South,1,12000,0.15,8101.12,10200.0,8101.12,2098.88
ORD06538,2025-02-22,C0227,Gaming Mouse,Accessories,Black River,West,1,2200,0.1,1239.55,1980.0,1239.55,740.45
ORD06539,2024-05-07,C0223,Tablet Air,Electronics,Mahebourg,South,1,18000,0.0,10849.16,18000.0,10849.16,7150.84
ORD06540,2024-11-23,C0014,Tablet Air,Electronics,Black River,West,1,18000,0.0,13181.86,18000.0,13181.86,4818.14
ORD06541,2025-09-25,C0173,Laptop Pro 14,Electronics,Curepipe,South,2,45000,0.0,33801.97,90000.0,67603.94,22396.06
ORD06542,2025-07-05,C0348,Laptop Pro 14,Electronics,Pamplemousses,North,1,45000,0.05,26811.16,42750.0,26811.16,15938.84
ORD06543,2024-03-06,C0357,Printer,Office,Flacq,East,1,9500,0.0,6042.57,9500.0,6042.57,3457.43
ORD06544,2025-06-14,C0476,Office Chair,Furniture,Curepipe,South,1,8500,0.1,6023.07,7650.0,6023.07,1626.93
ORD06545,2024-11-01,C0367,Smartphone X,Electronics,Pamplemousses,North,3,28000,0.15,18126.73,71400.0,54380.19,17019.81
ORD06546,2024-08-17,C0143,Wireless Headphones,Accessories,Curepipe,South,1,6500,0.05,4790.78,6175.0,4790.78,1384.22
ORD06547,2024-04-22,C0263,Printer,Office,Black River,West,1,9500,0.1,7292.12,8550.0,7292.12,1257.88
ORD06548,2024-11-20,C0307,Tablet Air,Electronics,Pamplemousses,North,1,18000,0.05,10097.0,17100.0,10097.0,7003.0
ORD06549,2024-01-20,C0112,Mechanical Keyboard,Accessories,Mahebourg,South,2,4200,0.0,2776.33,8400.0,5552.66,2847.34
ORD06550,2024-05-18,C0295,Printer,Office,Mahebourg,South,1,9500,0.05,5410.77,9025.0,5410.77,3614.23
ORD06551,2025-12-20,C0234,Tablet Air,Electronics,Mahebourg,South,1,18000,0.05,11578.58,17100.0,11578.58,5521.42
ORD06552,2024-11-25,C0074,Office Lamp,Office,Curepipe,South,1,1800,0.05,1280.76,1710.0,1280.76,429.24
ORD06553,2025-06-07,C0106,Laptop Pro 14,Electronics,Pamplemousses,North,2,45000,0.05,28973.16,85500.0,57946.32,27553.68
ORD06554,2025-07-28,C0261,Office Lamp,Office,Quatre Bornes,West,2,1800,0.0,1013.77,3600.0,2027.54,1572.46
ORD06555,2025-10-06,C0146,Laptop Pro 14,Electronics,Curepipe,South,1,45000,0.0,31146.4,45000.0,31146.4,13853.6
ORD06556,2025-10-25,C0340,Gaming Mouse,Accessories,Pamplemousses,North,1,2200,0.0,1291.44,2200.0,1291.44,908.56
ORD06557,2025-09-08,C0310,Printer,Office,Black River,West,1,9500,0.0,6863.84,9500.0,6863.84,2636.16
ORD06558,2025-02-01,C0142,USB-C Hub,Accessories,Pamplemousses,North,1,1800,0.1,1308.78,1620.0,1308.78,311.22
ORD06559,2024-10-26,C0278,Gaming Mouse,Accessories,Quatre Bornes,West,2,2200,0.0,1241.51,4400.0,2483.02,1916.98
ORD06560,2024-11-05,C0127,Mechanical Keyboard,Accessories,Mahebourg,South,2,4200,0.05,2489.57,7980.0,4979.14,3000.86
ORD06561,2025-06-06,C0453,Laptop Pro 14,Electronics,Flacq,East,2,45000,0.15,28792.57,76500.0,57585.14,18914.86
ORD06562,2025-09-27,C0123,Tablet Air,Electronics,Centre de Flacq,East,1,18000,0.05,12591.46,17100.0,12591.46,4508.54
ORD06563,2024-08-14,C0430,Gaming Mouse,Accessories,Port Louis,North,2,2200,0.1,1589.9,3960.0,3179.8,780.2
ORD06564,2025-06-04,C0092,Office Chair,Furniture,Pamplemousses,North,2,8500,0.15,6470.04,14450.0,12940.08,1509.92
ORD06565,2025-06-10,C0184,Wireless Headphones,Accessories,Port Louis,North,1,6500,0.0,3841.84,6500.0,3841.84,2658.16
ORD06566,2024-02-04,C0311,Smartphone X,Electronics,Pamplemousses,North,1,28000,0.05,16589.01,26600.0,16589.01,10010.99
ORD06567,2024-09-09,C0077,Tablet Air,Electronics,Mahebourg,South,2,18000,0.0,13340.44,36000.0,26680.88,9319.12
ORD06568,2024-08-02,C0369,Gaming Mouse,Accessories,Pamplemousses,North,1,2200,0.1,1275.67,1980.0,1275.67,704.33
ORD06569,2025-10-20,C0032,Office Chair,Furniture,Flacq,East,2,8500,0.0,5879.94,17000.0,11759.88,5240.12
ORD06570,2024-12-23,C0494,Office Chair,Furniture,Mahebourg,South,1,8500,0.15,5777.26,7225.0,5777.26,1447.74
ORD06571,2025-10-30,C0349,Tablet Air,Electronics,Port Louis,North,1,18000,0.0,10146.11,18000.0,10146.11,7853.89
ORD06572,2025-01-28,C0136,Standing Desk,Furniture,Quatre Bornes,West,1,15000,0.1,8522.67,13500.0,8522.67,4977.33
ORD06573,2024-04-02,C0403,Smartphone X,Electronics,Curepipe,South,1,28000,0.0,16264.0,28000.0,16264.0,11736.0
ORD06574,2025-02-12,C0411,Tablet Air,Electronics,Flacq,East,2,18000,0.05,10112.28,34200.0,20224.56,13975.44
ORD06575,2024-01-04,C0396,Standing Desk,Furniture,Flacq,East,1,15000,0.05,10682.95,14250.0,10682.95,3567.05
ORD06576,2024-03-20,C0074,Office Chair,Furniture,Pamplemousses,North,1,8500,0.0,5747.26,8500.0,5747.26,2752.74
ORD06577,2025-07-20,C0322,Printer,Office,Black River,West,1,9500,0.0,7273.79,9500.0,7273.79,2226.21
ORD06578,2025-02-27,C0454,Wireless Headphones,Accessories,Curepipe,South,1,6500,0.15,4531.07,5525.0,4531.07,993.93
ORD06579,2024-09-10,C0093,Smartphone X,Electronics,Centre de Flacq,East,1,28000,0.05,17474.86,26600.0,17474.86,9125.14
ORD06580,2025-10-14,C0222,Office Lamp,Office,Pamplemousses,North,2,1800,0.0,1034.24,3600.0,2068.48,1531.52
ORD06581,2025-01-10,C0234,Office Chair,Furniture,Flacq,East,2,8500,0.0,5388.77,17000.0,10777.54,6222.46
ORD06582,2024-09-17,C0235,Mechanical Keyboard,Accessories,Mahebourg,South,1,4200,0.0,3086.0,4200.0,3086.0,1114.0
ORD06583,2024-02-09,C0450,Office Chair,Furniture,Quatre Bornes,West,1,8500,0.0,5063.26,8500.0,5063.26,3436.74
ORD06584,2025-08-21,C0431,Gaming Mouse,Accessories,Black River,West,1,2200,0.0,1353.26,2200.0,1353.26,846.74
ORD06585,2025-07-09,C0013,Gaming Mouse,Accessories,Flacq,East,2,2200,0.05,1640.01,4180.0,3280.02,899.98
ORD06586,2024-06-06,C0353,Printer,Office,Black River,West,1,9500,0.05,5656.17,9025.0,5656.17,3368.83
ORD06587,2024-12-29,C0210,Office Chair,Furniture,Mahebourg,South,1,8500,0.0,6627.44,8500.0,6627.44,1872.56
ORD06588,2024-11-08,C0130,USB-C Hub,Accessories,Black River,West,1,1800,0.0,1019.92,1800.0,1019.92,780.08
ORD06589,2024-04-14,C0041,Wireless Headphones,Accessories,Pamplemousses,North,1,6500,0.0,5032.55,6500.0,5032.55,1467.45
ORD06590,2024-11-16,C0317,USB-C Hub,Accessories,Quatre Bornes,West,3,1800,0.0,1036.11,5400.0,3108.33,2291.67
ORD06591,2024-12-29,C0496,Mechanical Keyboard,Accessories,Pamplemousses,North,1,4200,0.15,2742.4,3570.0,2742.4,827.6
ORD06592,2024-09-26,C0420,Tablet Air,Electronics,Curepipe,South,3,18000,0.0,11688.5,54000.0,35065.5,18934.5
ORD06593,2024-11-18,C0369,Office Lamp,Office,Black River,West,2,1800,0.0,1015.42,3600.0,2030.84,1569.16
ORD06594,2025-06-17,C0448,Office Lamp,Office,Quatre Bornes,West,2,1800,0.0,1088.79,3600.0,2177.58,1422.42
ORD06595,2025-09-04,C0319,USB-C Hub,Accessories,Flacq,East,1,1800,0.15,1017.74,1530.0,1017.74,512.26
ORD06596,2024-02-07,C0190,Laptop Pro 14,Electronics,Pamplemousses,North,1,45000,0.15,29060.75,38250.0,29060.75,9189.25
ORD06597,2024-11-29,C0400,Office Lamp,Office,Port Louis,North,2,1800,0.15,1376.27,3060.0,2752.54,307.46
ORD06598,2025-01-30,C0161,USB-C Hub,Accessories,Pamplemousses,North,2,1800,0.0,1292.71,3600.0,2585.42,1014.58
ORD06599,2024-06-18,C0168,Standing Desk,Furniture,Port Louis,North,1,15000,0.05,8777.45,14250.0,8777.45,5472.55
ORD06600,2025-07-31,C0264,Standing Desk,Furniture,Black River,West,2,15000,0.0,10970.28,30000.0,21940.56,8059.44
ORD06601,2025-12-02,C0111,Monitor 27,Electronics,Pamplemousses,North,2,12000,0.1,6802.44,21600.0,13604.88,7995.12
ORD06602,2025-03-27,C0188,Smartphone X,Electronics,Pamplemousses,North,1,28000,0.05,21361.57,26600.0,21361.57,5238.43
ORD06603,2025-09-09,C0143,Monitor 27,Electronics,Curepipe,South,1,12000,0.05,6737.44,11400.0,6737.44,4662.56
ORD06604,2025-05-07,C0295,Tablet Air,Electronics,Quatre Bornes,West,1,18000,0.0,11313.95,18000.0,11313.95,6686.05
ORD06605,2024-05-22,C0262,Tablet Air,Electronics,Quatre Bornes,West,1,18000,0.0,12063.81,18000.0,12063.81,5936.19
ORD06606,2025-06-17,C0342,USB-C Hub,Accessories,Pamplemousses,North,1,1800,0.05,1183.22,1710.0,1183.22,526.78
ORD06607,2024-06-27,C0136,Printer,Office,Centre de Flacq,East,1,9500,0.05,6562.54,9025.0,6562.54,2462.46
ORD06608,2024-10-16,C0275,Office Lamp,Office,Black River,West,2,1800,0.0,1303.31,3600.0,2606.62,993.38
ORD06609,2024-08-06,C0246,Office Chair,Furniture,Centre de Flacq,East,1,8500,0.05,5885.9,8075.0,5885.9,2189.1
ORD06610,2024-09-06,C0095,Standing Desk,Furniture,Black River,West,2,15000,0.05,10453.07,28500.0,20906.14,7593.86
ORD06611,2025-05-03,C0400,Mechanical Keyboard,Accessories,Quatre Bornes,West,3,4200,0.0,2450.98,12600.0,7352.94,5247.06
ORD06612,2025-10-03,C0449,Tablet Air,Electronics,Quatre Bornes,West,1,18000,0.1,12369.1,16200.0,12369.1,3830.9
ORD06613,2024-08-23,C0303,Office Chair,Furniture,Quatre Bornes,West,1,8500,0.0,5919.59,8500.0,5919.59,2580.41
ORD06614,2024-01-01,C0458,Gaming Mouse,Accessories,Quatre Bornes,West,1,2200,0.0,1504.19,2200.0,1504.19,695.81
ORD06615,2025-03-23,C0150,Smartphone X,Electronics,Flacq,East,2,28000,0.0,15970.57,56000.0,31941.14,24058.86
ORD06616,2024-12-30,C0233,Smartphone X,Electronics,Black River,West,1,28000,0.05,16076.14,26600.0,16076.14,10523.86
ORD06617,2025-11-09,C0127,Office Lamp,Office,Curepipe,South,1,1800,0.05,1121.89,1710.0,1121.89,588.11
ORD06618,2025-12-10,C0001,Standing Desk,Furniture,Curepipe,South,1,15000,0.0,11641.49,15000.0,11641.49,3358.51
ORD06619,2024-10-03,C0379,Mechanical Keyboard,Accessories,Port Louis,North,2,4200,0.0,2934.48,8400.0,5868.96,2531.04
ORD06620,2024-07-29,C0404,Printer,Office,Curepipe,South,1,9500,0.05,6191.95,9025.0,6191.95,2833.05
ORD06621,2024-08-21,C0236,Wireless Headphones,Accessories,Mahebourg,South,1,6500,0.0,4544.93,6500.0,4544.93,1955.07
ORD06622,2024-08-08,C0270,Office Lamp,Office,Black River,West,1,1800,0.0,1149.01,1800.0,1149.01,650.99
ORD06623,2024-02-23,C0301,Monitor 27,Electronics,Pamplemousses,North,2,12000,0.05,9318.15,22800.0,18636.3,4163.7
ORD06624,2025-12-04,C0231,Wireless Headphones,Accessories,Curepipe,South,1,6500,0.0,4794.75,6500.0,4794.75,1705.25
ORD06625,2025-01-25,C0226,Standing Desk,Furniture,Pamplemousses,North,1,15000,0.0,9701.02,15000.0,9701.02,5298.98
ORD06626,2024-12-13,C0366,Standing Desk,Furniture,Curepipe,South,2,15000,0.0,10014.74,30000.0,20029.48,9970.52
ORD06627,2024-03-29,C0175,Office Lamp,Office,Port Louis,North,1,1800,0.1,1154.68,1620.0,1154.68,465.32
ORD06628,2024-07-27,C0266,Tablet Air,Electronics,Pamplemousses,North,2,18000,0.0,11619.27,36000.0,23238.54,12761.46
ORD06629,2024-08-07,C0137,USB-C Hub,Accessories,Port Louis,North,1,1800,0.15,1059.41,1530.0,1059.41,470.59
ORD06630,2024-12-21,C0168,Standing Desk,Furniture,Curepipe,South,1,15000,0.0,9295.82,15000.0,9295.82,5704.18
ORD06631,2025-05-09,C0382,Laptop Pro 14,Electronics,Curepipe,South,1,45000,0.0,28909.56,45000.0,28909.56,16090.44
ORD06632,2025-09-03,C0242,Printer,Office,Black River,West,2,9500,0.1,7093.69,17100.0,14187.38,2912.62
ORD06633,2025-02-25,C0445,Office Lamp,Office,Centre de Flacq,East,1,1800,0.15,1226.08,1530.0,1226.08,303.92
ORD06634,2025-09-03,C0266,USB-C Hub,Accessories,Centre de Flacq,East,3,1800,0.05,1167.93,5130.0,3503.79,1626.21
ORD06635,2024-03-02,C0158,USB-C Hub,Accessories,Pamplemousses,North,3,1800,0.0,1108.7,5400.0,3326.1,2073.9
ORD06636,2025-12-25,C0080,Laptop Pro 14,Electronics,Curepipe,South,1,45000,0.15,34423.95,38250.0,34423.95,3826.05
ORD06637,2025-03-27,C0295,Smartphone X,Electronics,Mahebourg,South,2,28000,0.0,21755.97,56000.0,43511.94,12488.06
ORD06638,2024-05-09,C0397,Gaming Mouse,Accessories,Port Louis,North,1,2200,0.0,1367.88,2200.0,1367.88,832.12
ORD06639,2025-10-23,C0249,Mechanical Keyboard,Accessories,Pamplemousses,North,1,4200,0.0,2410.13,4200.0,2410.13,1789.87
ORD06640,2024-02-23,C0225,Laptop Pro 14,Electronics,Black River,West,1,45000,0.05,27314.01,42750.0,27314.01,15435.99
ORD06641,2025-09-05,C0097,Office Chair,Furniture,Port Louis,North,1,8500,0.0,5582.48,8500.0,5582.48,2917.52
ORD06642,2025-09-24,C0077,Tablet Air,Electronics,Black River,West,2,18000,0.05,12264.64,34200.0,24529.28,9670.72
ORD06643,2024-09-08,C0141,Mechanical Keyboard,Accessories,Centre de Flacq,East,1,4200,0.1,3115.29,3780.0,3115.29,664.71
ORD06644,2024-02-14,C0048,Tablet Air,Electronics,Port Louis,North,1,18000,0.15,10877.61,15300.0,10877.61,4422.39
ORD06645,2025-02-22,C0270,Mechanical Keyboard,Accessories,Port Louis,North,1,4200,0.0,2690.88,4200.0,2690.88,1509.12
ORD06646,2025-11-22,C0240,Printer,Office,Pamplemousses,North,1,9500,0.0,5797.57,9500.0,5797.57,3702.43
ORD06647,2024-04-04,C0217,Laptop Pro 14,Electronics,Black River,West,1,45000,0.15,26303.14,38250.0,26303.14,11946.86
ORD06648,2024-10-29,C0130,Laptop Pro 14,Electronics,Mahebourg,South,2,45000,0.15,32654.06,76500.0,65308.12,11191.88
ORD06649,2025-08-14,C0146,Office Chair,Furniture,Quatre Bornes,West,1,8500,0.0,5659.35,8500.0,5659.35,2840.65
ORD06650,2024-02-24,C0096,USB-C Hub,Accessories,Port Louis,North,1,1800,0.05,1123.55,1710.0,1123.55,586.45
ORD06651,2025-05-05,C0188,Wireless Headphones,Accessories,Mahebourg,South,2,6500,0.1,4335.57,11700.0,8671.14,3028.86
ORD06652,2025-08-23,C0144,USB-C Hub,Accessories,Centre de Flacq,East,2,1800,0.1,1165.4,3240.0,2330.8,909.2
ORD06653,2024-09-03,C0218,Office Chair,Furniture,Port Louis,North,2,8500,0.0,5213.65,17000.0,10427.3,6572.7
ORD06654,2024-12-07,C0256,Printer,Office,Quatre Bornes,West,1,9500,0.05,6859.26,9025.0,6859.26,2165.74
ORD06655,2024-04-25,C0246,Standing Desk,Furniture,Quatre Bornes,West,1,15000,0.0,10325.68,15000.0,10325.68,4674.32
ORD06656,2024-08-05,C0197,Wireless Headphones,Accessories,Flacq,East,2,6500,0.05,4340.68,12350.0,8681.36,3668.64
ORD06657,2025-07-03,C0302,Gaming Mouse,Accessories,Mahebourg,South,3,2200,0.1,1288.85,5940.0,3866.55,2073.45
ORD06658,2025-04-08,C0092,Wireless Headphones,Accessories,Flacq,East,1,6500,0.0,3765.41,6500.0,3765.41,2734.59
ORD06659,2025-08-10,C0336,Standing Desk,Furniture,Mahebourg,South,2,15000,0.15,9320.85,25500.0,18641.7,6858.3
ORD06660,2024-01-26,C0334,Gaming Mouse,Accessories,Flacq,East,2,2200,0.05,1297.0,4180.0,2594.0,1586.0
ORD06661,2024-11-08,C0328,Standing Desk,Furniture,Centre de Flacq,East,3,15000,0.05,10707.65,42750.0,32122.95,10627.05
ORD06662,2024-04-20,C0155,USB-C Hub,Accessories,Quatre Bornes,West,2,1800,0.0,1333.75,3600.0,2667.5,932.5
ORD06663,2024-04-14,C0205,Printer,Office,Curepipe,South,1,9500,0.1,6905.56,8550.0,6905.56,1644.44
ORD06664,2025-02-15,C0083,Wireless Headphones,Accessories,Flacq,East,2,6500,0.0,4376.13,13000.0,8752.26,4247.74
ORD06665,2025-10-24,C0485,Office Lamp,Office,Quatre Bornes,West,1,1800,0.0,1166.46,1800.0,1166.46,633.54
ORD06666,2024-03-18,C0066,Gaming Mouse,Accessories,Black River,West,4,2200,0.05,1452.04,8360.0,5808.16,2551.84
ORD06667,2025-02-09,C0331,USB-C Hub,Accessories,Port Louis,North,2,1800,0.0,1269.32,3600.0,2538.64,1061.36
ORD06668,2025-06-27,C0012,Standing Desk,Furniture,Black River,West,1,15000,0.0,9152.44,15000.0,9152.44,5847.56
ORD06669,2025-07-18,C0340,Wireless Headphones,Accessories,Pamplemousses,North,1,6500,0.1,4743.05,5850.0,4743.05,1106.95
ORD06670,2024-08-01,C0394,Office Lamp,Office,Quatre Bornes,West,1,1800,0.0,1076.58,1800.0,1076.58,723.42
ORD06671,2024-06-28,C0455,Gaming Mouse,Accessories,Curepipe,South,1,2200,0.05,1552.74,2090.0,1552.74,537.26
ORD06672,2024-09-23,C0288,Office Lamp,Office,Black River,West,1,1800,0.05,1046.06,1710.0,1046.06,663.94
ORD06673,2025-02-21,C0166,Smartphone X,Electronics,Flacq,East,1,28000,0.0,16294.1,28000.0,16294.1,11705.9
ORD06674,2025-01-13,C0441,Gaming Mouse,Accessories,Quatre Bornes,West,1,2200,0.0,1659.99,2200.0,1659.99,540.01
ORD06675,2024-10-01,C0027,Printer,Office,Pamplemousses,North,1,9500,0.05,5722.73,9025.0,5722.73,3302.27
ORD06676,2025-03-31,C0479,Office Lamp,Office,Port Louis,North,1,1800,0.0,1202.07,1800.0,1202.07,597.93
ORD06677,2025-06-15,C0300,USB-C Hub,Accessories,Port Louis,North,2,1800,0.15,1316.86,3060.0,2633.72,426.28
ORD06678,2024-02-01,C0444,Gaming Mouse,Accessories,Port Louis,North,1,2200,0.0,1310.96,2200.0,1310.96,889.04
ORD06679,2025-01-14,C0072,USB-C Hub,Accessories,Pamplemousses,North,2,1800,0.0,1149.86,3600.0,2299.72,1300.28
ORD06680,2025-09-26,C0403,Monitor 27,Electronics,Curepipe,South,2,12000,0.1,7182.83,21600.0,14365.66,7234.34
ORD06681,2024-11-15,C0437,Gaming Mouse,Accessories,Mahebourg,South,1,2200,0.0,1549.44,2200.0,1549.44,650.56
ORD06682,2025-11-06,C0471,Office Chair,Furniture,Pamplemousses,North,2,8500,0.0,6258.72,17000.0,12517.44,4482.56
ORD06683,2025-05-24,C0094,Smartphone X,Electronics,Quatre Bornes,West,1,28000,0.0,15624.26,28000.0,15624.26,12375.74
ORD06684,2024-07-31,C0237,Office Chair,Furniture,Port Louis,North,2,8500,0.0,4849.57,17000.0,9699.14,7300.86
ORD06685,2025-12-23,C0238,Printer,Office,Quatre Bornes,West,1,9500,0.0,7033.35,9500.0,7033.35,2466.65
ORD06686,2025-06-21,C0423,Smartphone X,Electronics,Port Louis,North,1,28000,0.05,20324.23,26600.0,20324.23,6275.77
ORD06687,2025-01-24,C0489,Monitor 27,Electronics,Centre de Flacq,East,2,12000,0.1,8349.28,21600.0,16698.56,4901.44
ORD06688,2025-02-14,C0255,Laptop Pro 14,Electronics,Centre de Flacq,East,1,45000,0.0,34302.63,45000.0,34302.63,10697.37
ORD06689,2024-03-10,C0386,Wireless Headphones,Accessories,Curepipe,South,4,6500,0.0,5057.3,26000.0,20229.2,5770.8
ORD06690,2025-04-25,C0134,Gaming Mouse,Accessories,Pamplemousses,North,1,2200,0.0,1593.47,2200.0,1593.47,606.53
ORD06691,2025-05-24,C0291,Office Chair,Furniture,Quatre Bornes,West,1,8500,0.05,6353.53,8075.0,6353.53,1721.47
ORD06692,2024-07-01,C0488,Office Chair,Furniture,Mahebourg,South,1,8500,0.0,6389.39,8500.0,6389.39,2110.61
ORD06693,2025-07-29,C0278,Smartphone X,Electronics,Centre de Flacq,East,1,28000,0.1,19626.42,25200.0,19626.42,5573.58
ORD06694,2024-01-09,C0286,Printer,Office,Curepipe,South,1,9500,0.0,7265.03,9500.0,7265.03,2234.97
ORD06695,2024-06-09,C0045,Smartphone X,Electronics,Pamplemousses,North,4,28000,0.05,18518.17,106400.0,74072.68,32327.32
ORD06696,2024-11-16,C0107,Office Chair,Furniture,Pamplemousses,North,1,8500,0.0,5560.92,8500.0,5560.92,2939.08
ORD06697,2024-03-09,C0386,Smartphone X,Electronics,Flacq,East,2,28000,0.0,18038.58,56000.0,36077.16,19922.84
ORD06698,2025-03-24,C0440,USB-C Hub,Accessories,Port Louis,North,2,1800,0.0,1365.34,3600.0,2730.68,869.32
ORD06699,2025-02-07,C0263,Standing Desk,Furniture,Pamplemousses,North,2,15000,0.05,11304.16,28500.0,22608.32,5891.68
ORD06700,2024-02-08,C0475,Office Chair,Furniture,Pamplemousses,North,1,8500,0.05,6223.79,8075.0,6223.79,1851.21
ORD06701,2025-07-28,C0074,Mechanical Keyboard,Accessories,Curepipe,South,1,4200,0.05,2983.33,3990.0,2983.33,1006.67
ORD06702,2024-11-17,C0108,Mechanical Keyboard,Accessories,Pamplemousses,North,1,4200,0.0,3197.38,4200.0,3197.38,1002.62
ORD06703,2025-05-04,C0488,USB-C Hub,Accessories,Flacq,East,3,1800,0.05,1211.49,5130.0,3634.47,1495.53
ORD06704,2024-08-07,C0086,Smartphone X,Electronics,Pamplemousses,North,1,28000,0.0,20163.92,28000.0,20163.92,7836.08
ORD06705,2025-04-16,C0463,Mechanical Keyboard,Accessories,Quatre Bornes,West,1,4200,0.0,2805.75,4200.0,2805.75,1394.25
ORD06706,2024-08-11,C0472,Printer,Office,Flacq,East,1,9500,0.0,6858.67,9500.0,6858.67,2641.33
ORD06707,2024-01-21,C0046,Office Chair,Furniture,Port Louis,North,2,8500,0.0,4733.0,17000.0,9466.0,7534.0
ORD06708,2024-08-09,C0165,Laptop Pro 14,Electronics,Port Louis,North,1,45000,0.0,32129.18,45000.0,32129.18,12870.82
ORD06709,2024-11-21,C0402,Standing Desk,Furniture,Pamplemousses,North,1,15000,0.0,11429.39,15000.0,11429.39,3570.61
ORD06710,2025-09-03,C0099,USB-C Hub,Accessories,Mahebourg,South,1,1800,0.05,1287.91,1710.0,1287.91,422.09
ORD06711,2024-09-21,C0010,Tablet Air,Electronics,Quatre Bornes,West,1,18000,0.05,11275.73,17100.0,11275.73,5824.27
ORD06712,2025-07-21,C0197,Smartphone X,Electronics,Centre de Flacq,East,1,28000,0.0,21758.19,28000.0,21758.19,6241.81
ORD06713,2025-04-05,C0256,USB-C Hub,Accessories,Black River,West,2,1800,0.0,1055.85,3600.0,2111.7,1488.3
ORD06714,2025-06-30,C0075,Mechanical Keyboard,Accessories,Port Louis,North,1,4200,0.0,2634.04,4200.0,2634.04,1565.96
ORD06715,2024-01-17,C0307,Office Lamp,Office,Quatre Bornes,West,3,1800,0.05,1251.67,5130.0,3755.01,1374.99
ORD06716,2024-06-24,C0140,Printer,Office,Black River,West,1,9500,0.0,5635.56,9500.0,5635.56,3864.44
ORD06717,2024-10-11,C0110,USB-C Hub,Accessories,Black River,West,1,1800,0.1,1396.11,1620.0,1396.11,223.89
ORD06718,2025-05-28,C0094,Office Chair,Furniture,Quatre Bornes,West,3,8500,0.0,6143.05,25500.0,18429.15,7070.85
ORD06719,2024-08-20,C0289,Office Lamp,Office,Flacq,East,1,1800,0.15,1076.89,1530.0,1076.89,453.11
ORD06720,2025-09-07,C0263,Wireless Headphones,Accessories,Centre de Flacq,East,1,6500,0.0,4952.21,6500.0,4952.21,1547.79
ORD06721,2025-09-09,C0248,Laptop Pro 14,Electronics,Quatre Bornes,West,2,45000,0.0,27199.2,90000.0,54398.4,35601.6
ORD06722,2024-05-13,C0240,Laptop Pro 14,Electronics,Flacq,East,1,45000,0.0,25116.63,45000.0,25116.63,19883.37
ORD06723,2024-01-21,C0252,Monitor 27,Electronics,Curepipe,South,2,12000,0.0,7779.03,24000.0,15558.06,8441.94
ORD06724,2024-07-06,C0135,Wireless Headphones,Accessories,Quatre Bornes,West,1,6500,0.05,4688.75,6175.0,4688.75,1486.25
ORD06725,2024-02-07,C0011,Tablet Air,Electronics,Black River,West,1,18000,0.1,10505.91,16200.0,10505.91,5694.09
ORD06726,2025-10-19,C0386,Mechanical Keyboard,Accessories,Centre de Flacq,East,1,4200,0.0,2706.71,4200.0,2706.71,1493.29
ORD06727,2025-11-27,C0455,Smartphone X,Electronics,Pamplemousses,North,1,28000,0.0,21687.24,28000.0,21687.24,6312.76
ORD06728,2025-10-28,C0055,Monitor 27,Electronics,Quatre Bornes,West,2,12000,0.05,8056.95,22800.0,16113.9,6686.1
ORD06729,2024-03-07,C0101,Printer,Office,Curepipe,South,2,9500,0.0,6342.75,19000.0,12685.5,6314.5
ORD06730,2025-05-14,C0014,Mechanical Keyboard,Accessories,Mahebourg,South,3,4200,0.05,3087.83,11970.0,9263.49,2706.51
ORD06731,2025-04-12,C0383,Printer,Office,Pamplemousses,North,1,9500,0.0,6568.85,9500.0,6568.85,2931.15
ORD06732,2024-12-16,C0423,Laptop Pro 14,Electronics,Quatre Bornes,West,2,45000,0.0,28161.15,90000.0,56322.3,33677.7
ORD06733,2025-10-21,C0288,Gaming Mouse,Accessories,Port Louis,North,1,2200,0.0,1460.9,2200.0,1460.9,739.1
ORD06734,2024-11-30,C0150,Office Lamp,Office,Port Louis,North,1,1800,0.0,1382.92,1800.0,1382.92,417.08
ORD06735,2024-06-01,C0225,Office Chair,Furniture,Mahebourg,South,1,8500,0.05,4706.66,8075.0,4706.66,3368.34
ORD06736,2025-10-10,C0480,Smartphone X,Electronics,Curepipe,South,1,28000,0.15,17089.97,23800.0,17089.97,6710.03
ORD06737,2024-08-01,C0074,Printer,Office,Port Louis,North,4,9500,0.1,5965.15,34200.0,23860.6,10339.4
ORD06738,2024-03-14,C0095,Mechanical Keyboard,Accessories,Curepipe,South,1,4200,0.15,3163.38,3570.0,3163.38,406.62
ORD06739,2024-07-26,C0424,Tablet Air,Electronics,Port Louis,North,3,18000,0.0,11005.17,54000.0,33015.51,20984.49
ORD06740,2024-07-19,C0316,Mechanical Keyboard,Accessories,Port Louis,North,1,4200,0.0,2905.97,4200.0,2905.97,1294.03
ORD06741,2024-06-08,C0183,Office Lamp,Office,Pamplemousses,North,2,1800,0.0,1329.71,3600.0,2659.42,940.58
ORD06742,2024-07-26,C0400,Office Chair,Furniture,Quatre Bornes,West,2,8500,0.0,4934.47,17000.0,9868.94,7131.06
ORD06743,2025-04-06,C0493,Monitor 27,Electronics,Black River,West,1,12000,0.0,9135.98,12000.0,9135.98,2864.02
ORD06744,2024-09-01,C0472,Mechanical Keyboard,Accessories,Pamplemousses,North,1,4200,0.1,3266.6,3780.0,3266.6,513.4
ORD06745,2025-03-31,C0280,Tablet Air,Electronics,Flacq,East,3,18000,0.05,11053.83,51300.0,33161.49,18138.51
ORD06746,2025-07-19,C0396,USB-C Hub,Accessories,Pamplemousses,North,2,1800,0.1,1162.54,3240.0,2325.08,914.92
ORD06747,2025-07-23,C0315,Wireless Headphones,Accessories,Curepipe,South,1,6500,0.15,4210.56,5525.0,4210.56,1314.44
ORD06748,2025-04-28,C0459,Smartphone X,Electronics,Pamplemousses,North,1,28000,0.05,19662.04,26600.0,19662.04,6937.96
ORD06749,2025-01-10,C0245,Smartphone X,Electronics,Curepipe,South,2,28000,0.0,16897.52,56000.0,33795.04,22204.96
ORD06750,2025-05-05,C0382,Standing Desk,Furniture,Port Louis,North,1,15000,0.0,9803.4,15000.0,9803.4,5196.6
ORD06751,2025-02-25,C0276,Office Chair,Furniture,Quatre Bornes,West,1,8500,0.1,6496.61,7650.0,6496.61,1153.39
ORD06752,2025-08-07,C0396,Laptop Pro 14,Electronics,Black River,West,2,45000,0.05,28097.49,85500.0,56194.98,29305.02
ORD06753,2025-09-06,C0230,Office Lamp,Office,Pamplemousses,North,2,1800,0.05,1209.74,3420.0,2419.48,1000.52
ORD06754,2024-09-12,C0022,Printer,Office,Curepipe,South,2,9500,0.05,7404.22,18050.0,14808.44,3241.56
ORD06755,2024-12-14,C0222,Office Lamp,Office,Port Louis,North,1,1800,0.0,1311.42,1800.0,1311.42,488.58
ORD06756,2025-04-03,C0063,Monitor 27,Electronics,Black River,West,2,12000,0.0,6858.99,24000.0,13717.98,10282.02
ORD06757,2025-02-03,C0358,Wireless Headphones,Accessories,Quatre Bornes,West,2,6500,0.0,4251.37,13000.0,8502.74,4497.26
ORD06758,2025-10-02,C0286,Gaming Mouse,Accessories,Pamplemousses,North,1,2200,0.1,1645.89,1980.0,1645.89,334.11
ORD06759,2025-03-21,C0321,Mechanical Keyboard,Accessories,Mahebourg,South,4,4200,0.0,2808.05,16800.0,11232.2,5567.8
ORD06760,2024-07-20,C0276,Laptop Pro 14,Electronics,Mahebourg,South,3,45000,0.0,25476.46,135000.0,76429.38,58570.62
ORD06761,2024-05-03,C0055,Office Lamp,Office,Mahebourg,South,1,1800,0.05,1304.08,1710.0,1304.08,405.92
ORD06762,2024-09-26,C0351,Printer,Office,Pamplemousses,North,2,9500,0.1,5558.14,17100.0,11116.28,5983.72
ORD06763,2024-01-28,C0483,Smartphone X,Electronics,Port Louis,North,1,28000,0.0,17121.93,28000.0,17121.93,10878.07
ORD06764,2024-05-07,C0467,Office Chair,Furniture,Curepipe,South,2,8500,0.1,5474.09,15300.0,10948.18,4351.82
ORD06765,2024-11-25,C0441,Laptop Pro 14,Electronics,Port Louis,North,1,45000,0.1,32794.76,40500.0,32794.76,7705.24
ORD06766,2024-05-20,C0177,Tablet Air,Electronics,Port Louis,North,1,18000,0.05,11613.99,17100.0,11613.99,5486.01
ORD06767,2024-12-03,C0110,Smartphone X,Electronics,Pamplemousses,North,1,28000,0.0,17534.78,28000.0,17534.78,10465.22
ORD06768,2025-10-09,C0009,Gaming Mouse,Accessories,Black River,West,1,2200,0.0,1604.38,2200.0,1604.38,595.62
ORD06769,2024-08-03,C0279,Gaming Mouse,Accessories,Quatre Bornes,West,2,2200,0.0,1465.95,4400.0,2931.9,1468.1
ORD06770,2024-04-07,C0290,Office Lamp,Office,Curepipe,South,2,1800,0.1,1225.59,3240.0,2451.18,788.82
ORD06771,2024-03-05,C0380,Laptop Pro 14,Electronics,Quatre Bornes,West,3,45000,0.15,25573.23,114750.0,76719.69,38030.31
ORD06772,2025-07-20,C0412,Wireless Headphones,Accessories,Pamplemousses,North,2,6500,0.0,4668.04,13000.0,9336.08,3663.92
ORD06773,2025-04-20,C0112,Monitor 27,Electronics,Pamplemousses,North,1,12000,0.0,7635.94,12000.0,7635.94,4364.06
ORD06774,2025-10-24,C0213,Standing Desk,Furniture,Pamplemousses,North,1,15000,0.05,11372.11,14250.0,11372.11,2877.89
ORD06775,2025-03-18,C0176,Standing Desk,Furniture,Centre de Flacq,East,1,15000,0.0,10440.87,15000.0,10440.87,4559.13
ORD06776,2025-02-01,C0120,Smartphone X,Electronics,Port Louis,North,1,28000,0.1,21414.6,25200.0,21414.6,3785.4
ORD06777,2025-03-18,C0135,USB-C Hub,Accessories,Pamplemousses,North,3,1800,0.0,1170.23,5400.0,3510.69,1889.31
ORD06778,2024-11-10,C0320,Printer,Office,Curepipe,South,1,9500,0.0,6634.83,9500.0,6634.83,2865.17
ORD06779,2024-07-12,C0061,Monitor 27,Electronics,Centre de Flacq,East,2,12000,0.0,8111.33,24000.0,16222.66,7777.34
ORD06780,2024-12-17,C0446,Tablet Air,Electronics,Centre de Flacq,East,2,18000,0.0,12991.52,36000.0,25983.04,10016.96
ORD06781,2024-10-11,C0471,Smartphone X,Electronics,Pamplemousses,North,1,28000,0.0,18718.99,28000.0,18718.99,9281.01
ORD06782,2024-11-21,C0284,Printer,Office,Port Louis,North,4,9500,0.05,5386.39,36100.0,21545.56,14554.44
ORD06783,2024-11-25,C0036,Gaming Mouse,Accessories,Black River,West,1,2200,0.05,1248.46,2090.0,1248.46,841.54
ORD06784,2025-04-10,C0150,Laptop Pro 14,Electronics,Flacq,East,1,45000,0.05,27526.9,42750.0,27526.9,15223.1
ORD06785,2024-02-12,C0119,USB-C Hub,Accessories,Curepipe,South,1,1800,0.05,1011.29,1710.0,1011.29,698.71
ORD06786,2024-05-21,C0083,Gaming Mouse,Accessories,Port Louis,North,2,2200,0.0,1307.31,4400.0,2614.62,1785.38
ORD06787,2024-05-18,C0431,Smartphone X,Electronics,Port Louis,North,1,28000,0.0,17460.62,28000.0,17460.62,10539.38
ORD06788,2024-05-09,C0153,Mechanical Keyboard,Accessories,Quatre Bornes,West,3,4200,0.0,2652.75,12600.0,7958.25,4641.75
ORD06789,2024-10-08,C0165,Printer,Office,Mahebourg,South,1,9500,0.05,5956.57,9025.0,5956.57,3068.43
ORD06790,2024-09-24,C0332,Printer,Office,Curepipe,South,2,9500,0.0,6203.27,19000.0,12406.54,6593.46
ORD06791,2025-03-20,C0181,Gaming Mouse,Accessories,Mahebourg,South,1,2200,0.0,1510.74,2200.0,1510.74,689.26
ORD06792,2024-01-28,C0398,Smartphone X,Electronics,Quatre Bornes,West,3,28000,0.0,19292.69,84000.0,57878.07,26121.93
ORD06793,2024-11-30,C0083,Smartphone X,Electronics,Quatre Bornes,West,1,28000,0.0,17741.19,28000.0,17741.19,10258.81
ORD06794,2024-04-11,C0416,Tablet Air,Electronics,Port Louis,North,1,18000,0.0,13028.26,18000.0,13028.26,4971.74
ORD06795,2024-10-28,C0041,Office Chair,Furniture,Curepipe,South,1,8500,0.0,5475.87,8500.0,5475.87,3024.13
ORD06796,2025-12-02,C0321,Gaming Mouse,Accessories,Pamplemousses,North,1,2200,0.0,1581.02,2200.0,1581.02,618.98
ORD06797,2024-04-14,C0004,Monitor 27,Electronics,Port Louis,North,1,12000,0.1,7039.58,10800.0,7039.58,3760.42
ORD06798,2024-07-02,C0137,Office Chair,Furniture,Pamplemousses,North,4,8500,0.05,6219.36,32300.0,24877.44,7422.56
ORD06799,2024-09-14,C0353,Gaming Mouse,Accessories,Mahebourg,South,1,2200,0.0,1680.78,2200.0,1680.78,519.22
ORD06800,2024-01-21,C0323,Office Lamp,Office,Curepipe,South,2,1800,0.0,1238.07,3600.0,2476.14,1123.86
ORD06801,2025-05-10,C0348,Office Lamp,Office,Port Louis,North,1,1800,0.0,1157.76,1800.0,1157.76,642.24
ORD06802,2024-03-12,C0381,Office Chair,Furniture,Curepipe,South,1,8500,0.0,5400.66,8500.0,5400.66,3099.34
ORD06803,2024-02-12,C0456,Mechanical Keyboard,Accessories,Black River,West,1,4200,0.0,2958.88,4200.0,2958.88,1241.12
ORD06804,2024-10-20,C0251,Mechanical Keyboard,Accessories,Quatre Bornes,West,1,4200,0.05,2340.31,3990.0,2340.31,1649.69
ORD06805,2024-02-11,C0481,Wireless Headphones,Accessories,Centre de Flacq,East,1,6500,0.05,4024.9,6175.0,4024.9,2150.1
ORD06806,2025-07-01,C0302,Smartphone X,Electronics,Port Louis,North,2,28000,0.0,19874.94,56000.0,39749.88,16250.12
ORD06807,2025-08-01,C0083,Laptop Pro 14,Electronics,Centre de Flacq,East,1,45000,0.0,33302.81,45000.0,33302.81,11697.19
ORD06808,2025-11-12,C0375,Gaming Mouse,Accessories,Black River,West,1,2200,0.0,1462.53,2200.0,1462.53,737.47
ORD06809,2025-07-28,C0154,Printer,Office,Black River,West,1,9500,0.0,6291.27,9500.0,6291.27,3208.73
ORD06810,2025-06-18,C0167,Mechanical Keyboard,Accessories,Black River,West,2,4200,0.0,2713.51,8400.0,5427.02,2972.98
ORD06811,2024-03-03,C0387,USB-C Hub,Accessories,Port Louis,North,1,1800,0.0,1305.37,1800.0,1305.37,494.63
ORD06812,2025-04-02,C0277,Monitor 27,Electronics,Flacq,East,1,12000,0.15,7431.13,10200.0,7431.13,2768.87
ORD06813,2024-08-17,C0376,Office Chair,Furniture,Flacq,East,1,8500,0.0,4825.97,8500.0,4825.97,3674.03
ORD06814,2024-05-05,C0163,Printer,Office,Pamplemousses,North,2,9500,0.0,7118.27,19000.0,14236.54,4763.46
ORD06815,2025-03-11,C0442,Smartphone X,Electronics,Port Louis,North,1,28000,0.0,20514.69,28000.0,20514.69,7485.31
ORD06816,2024-07-11,C0003,Monitor 27,Electronics,Pamplemousses,North,4,12000,0.1,7984.8,43200.0,31939.2,11260.8
ORD06817,2024-08-07,C0497,Mechanical Keyboard,Accessories,Mahebourg,South,1,4200,0.05,3078.53,3990.0,3078.53,911.47
ORD06818,2025-09-21,C0210,Smartphone X,Electronics,Mahebourg,South,1,28000,0.0,15629.65,28000.0,15629.65,12370.35
ORD06819,2024-09-14,C0425,Laptop Pro 14,Electronics,Mahebourg,South,1,45000,0.05,28495.69,42750.0,28495.69,14254.31
ORD06820,2024-10-30,C0214,Smartphone X,Electronics,Flacq,East,2,28000,0.0,16864.75,56000.0,33729.5,22270.5
ORD06821,2024-02-22,C0206,Printer,Office,Port Louis,North,2,9500,0.0,5300.16,19000.0,10600.32,8399.68
ORD06822,2024-03-08,C0247,Monitor 27,Electronics,Pamplemousses,North,1,12000,0.0,8136.07,12000.0,8136.07,3863.93
ORD06823,2024-04-11,C0122,USB-C Hub,Accessories,Pamplemousses,North,1,1800,0.0,1033.97,1800.0,1033.97,766.03
ORD06824,2024-08-31,C0107,Office Chair,Furniture,Mahebourg,South,1,8500,0.05,5159.16,8075.0,5159.16,2915.84
ORD06825,2025-12-07,C0402,Office Lamp,Office,Curepipe,South,1,1800,0.1,1216.43,1620.0,1216.43,403.57
ORD06826,2024-12-09,C0177,Monitor 27,Electronics,Quatre Bornes,West,4,12000,0.0,8231.8,48000.0,32927.2,15072.8
ORD06827,2024-08-09,C0176,Gaming Mouse,Accessories,Flacq,East,2,2200,0.05,1487.0,4180.0,2974.0,1206.0
ORD06828,2024-10-08,C0158,Standing Desk,Furniture,Pamplemousses,North,1,15000,0.0,11067.35,15000.0,11067.35,3932.65
ORD06829,2025-12-07,C0005,Smartphone X,Electronics,Port Louis,North,1,28000,0.15,18465.92,23800.0,18465.92,5334.08
ORD06830,2024-10-26,C0013,Printer,Office,Mahebourg,South,1,9500,0.0,6436.4,9500.0,6436.4,3063.6
ORD06831,2025-07-20,C0247,Tablet Air,Electronics,Black River,West,1,18000,0.05,10410.67,17100.0,10410.67,6689.33
ORD06832,2025-04-20,C0355,Wireless Headphones,Accessories,Mahebourg,South,1,6500,0.0,4274.72,6500.0,4274.72,2225.28
ORD06833,2024-08-14,C0479,Smartphone X,Electronics,Quatre Bornes,West,2,28000,0.0,16888.38,56000.0,33776.76,22223.24
ORD06834,2024-04-05,C0038,Mechanical Keyboard,Accessories,Black River,West,2,4200,0.15,3101.73,7140.0,6203.46,936.54
ORD06835,2025-09-23,C0032,Gaming Mouse,Accessories,Port Louis,North,1,2200,0.15,1667.67,1870.0,1667.67,202.33
ORD06836,2024-08-22,C0117,Wireless Headphones,Accessories,Pamplemousses,North,3,6500,0.0,4431.61,19500.0,13294.83,6205.17
ORD06837,2024-10-14,C0171,Smartphone X,Electronics,Flacq,East,2,28000,0.0,21620.44,56000.0,43240.88,12759.12
ORD06838,2024-01-04,C0130,Smartphone X,Electronics,Mahebourg,South,2,28000,0.05,17092.11,53200.0,34184.22,19015.78
ORD06839,2025-11-02,C0024,Office Chair,Furniture,Pamplemousses,North,1,8500,0.05,6292.04,8075.0,6292.04,1782.96
ORD06840,2025-01-11,C0075,Monitor 27,Electronics,Centre de Flacq,East,1,12000,0.0,9262.12,12000.0,9262.12,2737.88
ORD06841,2024-11-17,C0095,Tablet Air,Electronics,Pamplemousses,North,1,18000,0.05,13215.29,17100.0,13215.29,3884.71
ORD06842,2025-11-06,C0475,Office Lamp,Office,Centre de Flacq,East,1,1800,0.0,1001.29,1800.0,1001.29,798.71
ORD06843,2025-01-26,C0206,Wireless Headphones,Accessories,Curepipe,South,1,6500,0.0,4678.29,6500.0,4678.29,1821.71
ORD06844,2024-11-02,C0246,Monitor 27,Electronics,Port Louis,North,1,12000,0.05,6748.73,11400.0,6748.73,4651.27
ORD06845,2024-12-06,C0100,Smartphone X,Electronics,Pamplemousses,North,1,28000,0.05,18015.16,26600.0,18015.16,8584.84
ORD06846,2025-05-03,C0394,USB-C Hub,Accessories,Pamplemousses,North,1,1800,0.05,1343.35,1710.0,1343.35,366.65
ORD06847,2024-07-06,C0345,Mechanical Keyboard,Accessories,Mahebourg,South,1,4200,0.0,2372.5,4200.0,2372.5,1827.5
ORD06848,2025-06-21,C0440,Office Chair,Furniture,Black River,West,2,8500,0.15,6103.73,14450.0,12207.46,2242.54
ORD06849,2025-06-12,C0451,USB-C Hub,Accessories,Centre de Flacq,East,1,1800,0.15,1291.79,1530.0,1291.79,238.21
ORD06850,2024-12-18,C0101,Standing Desk,Furniture,Centre de Flacq,East,1,15000,0.05,9748.67,14250.0,9748.67,4501.33
ORD06851,2025-12-14,C0126,Mechanical Keyboard,Accessories,Port Louis,North,1,4200,0.0,2715.11,4200.0,2715.11,1484.89
ORD06852,2025-07-15,C0130,Mechanical Keyboard,Accessories,Port Louis,North,1,4200,0.0,2659.52,4200.0,2659.52,1540.48
ORD06853,2024-07-28,C0135,Gaming Mouse,Accessories,Centre de Flacq,East,1,2200,0.1,1514.24,1980.0,1514.24,465.76
ORD06854,2024-09-01,C0190,Mechanical Keyboard,Accessories,Mahebourg,South,1,4200,0.05,3159.68,3990.0,3159.68,830.32
ORD06855,2024-07-10,C0316,Printer,Office,Mahebourg,South,3,9500,0.0,6439.17,28500.0,19317.51,9182.49
ORD06856,2025-03-03,C0133,USB-C Hub,Accessories,Curepipe,South,2,1800,0.15,1017.22,3060.0,2034.44,1025.56
ORD06857,2024-08-14,C0084,Office Lamp,Office,Centre de Flacq,East,1,1800,0.0,990.6,1800.0,990.6,809.4
ORD06858,2024-01-27,C0288,Gaming Mouse,Accessories,Curepipe,South,2,2200,0.0,1389.4,4400.0,2778.8,1621.2
ORD06859,2025-12-12,C0159,Printer,Office,Centre de Flacq,East,1,9500,0.0,6503.67,9500.0,6503.67,2996.33
ORD06860,2024-02-10,C0106,Gaming Mouse,Accessories,Port Louis,North,1,2200,0.0,1221.49,2200.0,1221.49,978.51
ORD06861,2024-12-08,C0362,Office Chair,Furniture,Mahebourg,South,4,8500,0.0,5484.95,34000.0,21939.8,12060.2
ORD06862,2024-03-11,C0134,Tablet Air,Electronics,Port Louis,North,1,18000,0.1,10698.13,16200.0,10698.13,5501.87
ORD06863,2025-01-23,C0203,Mechanical Keyboard,Accessories,Centre de Flacq,East,2,4200,0.1,2590.16,7560.0,5180.32,2379.68
ORD06864,2024-02-01,C0371,Mechanical Keyboard,Accessories,Curepipe,South,1,4200,0.05,2572.66,3990.0,2572.66,1417.34
ORD06865,2025-01-21,C0487,Monitor 27,Electronics,Centre de Flacq,East,1,12000,0.05,9197.31,11400.0,9197.31,2202.69
ORD06866,2025-08-17,C0083,Mechanical Keyboard,Accessories,Port Louis,North,1,4200,0.05,3154.98,3990.0,3154.98,835.02
ORD06867,2024-12-06,C0411,Laptop Pro 14,Electronics,Quatre Bornes,West,3,45000,0.0,35025.15,135000.0,105075.45,29924.55
ORD06868,2024-10-20,C0155,Laptop Pro 14,Electronics,Curepipe,South,4,45000,0.0,34537.39,180000.0,138149.56,41850.44
ORD06869,2025-12-26,C0287,Gaming Mouse,Accessories,Port Louis,North,1,2200,0.0,1708.09,2200.0,1708.09,491.91
ORD06870,2024-08-18,C0390,USB-C Hub,Accessories,Curepipe,South,1,1800,0.05,1375.37,1710.0,1375.37,334.63
ORD06871,2024-12-25,C0301,Office Lamp,Office,Curepipe,South,1,1800,0.1,1058.47,1620.0,1058.47,561.53
ORD06872,2025-12-14,C0089,Mechanical Keyboard,Accessories,Quatre Bornes,West,1,4200,0.1,2415.26,3780.0,2415.26,1364.74
ORD06873,2024-08-14,C0086,Tablet Air,Electronics,Curepipe,South,1,18000,0.0,12553.11,18000.0,12553.11,5446.89
ORD06874,2025-05-17,C0031,Office Chair,Furniture,Mahebourg,South,1,8500,0.05,4790.28,8075.0,4790.28,3284.72
ORD06875,2025-11-06,C0371,Laptop Pro 14,Electronics,Curepipe,South,2,45000,0.0,33710.85,90000.0,67421.7,22578.3
ORD06876,2025-01-13,C0396,Office Lamp,Office,Curepipe,South,2,1800,0.1,1185.65,3240.0,2371.3,868.7
ORD06877,2025-05-13,C0038,Printer,Office,Flacq,East,1,9500,0.1,7396.1,8550.0,7396.1,1153.9
ORD06878,2024-02-08,C0163,Office Lamp,Office,Centre de Flacq,East,4,1800,0.1,1278.45,6480.0,5113.8,1366.2
ORD06879,2024-11-15,C0340,Monitor 27,Electronics,Centre de Flacq,East,1,12000,0.0,7185.71,12000.0,7185.71,4814.29
ORD06880,2025-03-30,C0416,Monitor 27,Electronics,Port Louis,North,1,12000,0.0,6700.08,12000.0,6700.08,5299.92
ORD06881,2025-05-24,C0056,Mechanical Keyboard,Accessories,Centre de Flacq,East,1,4200,0.05,3153.53,3990.0,3153.53,836.47
ORD06882,2025-02-27,C0134,Gaming Mouse,Accessories,Curepipe,South,1,2200,0.0,1612.72,2200.0,1612.72,587.28
ORD06883,2024-08-25,C0163,Laptop Pro 14,Electronics,Curepipe,South,1,45000,0.0,28492.65,45000.0,28492.65,16507.35
ORD06884,2024-01-08,C0472,Printer,Office,Black River,West,1,9500,0.0,6493.18,9500.0,6493.18,3006.82
ORD06885,2025-12-16,C0029,Smartphone X,Electronics,Black River,West,1,28000,0.0,17273.72,28000.0,17273.72,10726.28
ORD06886,2025-06-28,C0476,Laptop Pro 14,Electronics,Pamplemousses,North,1,45000,0.05,28885.88,42750.0,28885.88,13864.12
ORD06887,2024-05-06,C0349,Printer,Office,Quatre Bornes,West,2,9500,0.0,5572.07,19000.0,11144.14,7855.86
ORD06888,2025-09-02,C0310,Tablet Air,Electronics,Curepipe,South,2,18000,0.0,11685.59,36000.0,23371.18,12628.82
ORD06889,2024-12-17,C0373,Mechanical Keyboard,Accessories,Mahebourg,South,1,4200,0.05,2422.97,3990.0,2422.97,1567.03
ORD06890,2025-05-04,C0398,Tablet Air,Electronics,Pamplemousses,North,1,18000,0.0,10911.45,18000.0,10911.45,7088.55
ORD06891,2024-08-09,C0263,Tablet Air,Electronics,Mahebourg,South,1,18000,0.0,11080.07,18000.0,11080.07,6919.93
ORD06892,2024-12-05,C0497,Standing Desk,Furniture,Centre de Flacq,East,1,15000,0.0,10302.04,15000.0,10302.04,4697.96
ORD06893,2025-04-24,C0062,Standing Desk,Furniture,Flacq,East,3,15000,0.0,8723.4,45000.0,26170.2,18829.8
ORD06894,2025-07-21,C0294,Standing Desk,Furniture,Quatre Bornes,West,2,15000,0.0,9624.81,30000.0,19249.62,10750.38
ORD06895,2024-10-04,C0075,Office Lamp,Office,Quatre Bornes,West,3,1800,0.0,993.95,5400.0,2981.85,2418.15
ORD06896,2024-06-05,C0120,Office Lamp,Office,Pamplemousses,North,1,1800,0.0,1267.0,1800.0,1267.0,533.0
ORD06897,2024-03-23,C0073,Tablet Air,Electronics,Black River,West,2,18000,0.0,11031.26,36000.0,22062.52,13937.48
ORD06898,2024-01-19,C0461,Monitor 27,Electronics,Pamplemousses,North,1,12000,0.0,7901.22,12000.0,7901.22,4098.78
ORD06899,2024-02-03,C0322,Mechanical Keyboard,Accessories,Mahebourg,South,3,4200,0.0,2728.65,12600.0,8185.95,4414.05
ORD06900,2025-03-29,C0440,Smartphone X,Electronics,Black River,West,3,28000,0.0,20978.18,84000.0,62934.54,21065.46
ORD06901,2025-06-15,C0448,Wireless Headphones,Accessories,Mahebourg,South,1,6500,0.0,4212.97,6500.0,4212.97,2287.03
ORD06902,2025-07-11,C0051,Mechanical Keyboard,Accessories,Flacq,East,1,4200,0.1,3036.98,3780.0,3036.98,743.02
ORD06903,2024-05-07,C0191,Monitor 27,Electronics,Black River,West,1,12000,0.0,9042.2,12000.0,9042.2,2957.8
ORD06904,2024-10-27,C0445,Printer,Office,Pamplemousses,North,1,9500,0.05,6312.62,9025.0,6312.62,2712.38
ORD06905,2024-11-29,C0064,Laptop Pro 14,Electronics,Port Louis,North,1,45000,0.0,27346.93,45000.0,27346.93,17653.07
ORD06906,2024-09-22,C0069,Monitor 27,Electronics,Quatre Bornes,West,3,12000,0.05,7739.14,34200.0,23217.42,10982.58
ORD06907,2025-12-14,C0387,Smartphone X,Electronics,Quatre Bornes,West,1,28000,0.05,21012.12,26600.0,21012.12,5587.88
ORD06908,2025-02-18,C0213,Wireless Headphones,Accessories,Centre de Flacq,East,1,6500,0.05,4176.54,6175.0,4176.54,1998.46
ORD06909,2025-11-17,C0447,Laptop Pro 14,Electronics,Mahebourg,South,2,45000,0.0,34531.59,90000.0,69063.18,20936.82
ORD06910,2025-08-02,C0421,Monitor 27,Electronics,Curepipe,South,1,12000,0.0,7984.95,12000.0,7984.95,4015.05
ORD06911,2024-05-15,C0068,Mechanical Keyboard,Accessories,Quatre Bornes,West,1,4200,0.0,2523.89,4200.0,2523.89,1676.11
ORD06912,2024-05-29,C0408,Gaming Mouse,Accessories,Port Louis,North,1,2200,0.0,1370.72,2200.0,1370.72,829.28
ORD06913,2025-04-13,C0255,Smartphone X,Electronics,Flacq,East,3,28000,0.05,20062.26,79800.0,60186.78,19613.22
ORD06914,2025-07-31,C0090,Office Lamp,Office,Mahebourg,South,1,1800,0.0,1342.7,1800.0,1342.7,457.3
ORD06915,2024-08-10,C0267,Smartphone X,Electronics,Centre de Flacq,East,2,28000,0.0,16936.97,56000.0,33873.94,22126.06
ORD06916,2024-07-08,C0144,Office Chair,Furniture,Pamplemousses,North,1,8500,0.05,5496.07,8075.0,5496.07,2578.93
ORD06917,2024-01-11,C0444,Gaming Mouse,Accessories,Mahebourg,South,2,2200,0.0,1637.26,4400.0,3274.52,1125.48
ORD06918,2024-04-25,C0327,Monitor 27,Electronics,Black River,West,1,12000,0.0,7363.76,12000.0,7363.76,4636.24
ORD06919,2025-12-29,C0205,Printer,Office,Pamplemousses,North,1,9500,0.1,6982.76,8550.0,6982.76,1567.24
ORD06920,2025-12-25,C0355,Laptop Pro 14,Electronics,Flacq,East,1,45000,0.05,25265.13,42750.0,25265.13,17484.87
ORD06921,2025-02-05,C0415,USB-C Hub,Accessories,Curepipe,South,1,1800,0.0,1280.42,1800.0,1280.42,519.58
ORD06922,2025-12-03,C0454,Mechanical Keyboard,Accessories,Pamplemousses,North,1,4200,0.0,2445.32,4200.0,2445.32,1754.68
ORD06923,2024-01-02,C0406,Laptop Pro 14,Electronics,Black River,West,2,45000,0.0,31436.36,90000.0,62872.72,27127.28
ORD06924,2025-05-14,C0154,Tablet Air,Electronics,Pamplemousses,North,1,18000,0.0,12563.61,18000.0,12563.61,5436.39
ORD06925,2025-05-29,C0047,Wireless Headphones,Accessories,Centre de Flacq,East,1,6500,0.0,5032.16,6500.0,5032.16,1467.84
ORD06926,2025-07-11,C0009,Office Chair,Furniture,Black River,West,1,8500,0.1,4940.13,7650.0,4940.13,2709.87
ORD06927,2024-07-31,C0374,Laptop Pro 14,Electronics,Mahebourg,South,1,45000,0.0,32705.69,45000.0,32705.69,12294.31
ORD06928,2024-09-19,C0495,Monitor 27,Electronics,Quatre Bornes,West,1,12000,0.0,8763.39,12000.0,8763.39,3236.61
ORD06929,2025-12-22,C0251,Wireless Headphones,Accessories,Centre de Flacq,East,1,6500,0.0,4234.43,6500.0,4234.43,2265.57
ORD06930,2025-01-16,C0083,Printer,Office,Mahebourg,South,1,9500,0.0,6184.51,9500.0,6184.51,3315.49
ORD06931,2025-02-18,C0452,Mechanical Keyboard,Accessories,Curepipe,South,1,4200,0.0,2538.91,4200.0,2538.91,1661.09
ORD06932,2024-11-04,C0033,Office Lamp,Office,Pamplemousses,North,1,1800,0.0,1064.14,1800.0,1064.14,735.86
ORD06933,2025-12-08,C0454,Mechanical Keyboard,Accessories,Pamplemousses,North,2,4200,0.05,3005.9,7980.0,6011.8,1968.2
ORD06934,2024-01-06,C0401,USB-C Hub,Accessories,Flacq,East,1,1800,0.0,1011.33,1800.0,1011.33,788.67
ORD06935,2025-12-27,C0329,Office Chair,Furniture,Pamplemousses,North,2,8500,0.0,6151.74,17000.0,12303.48,4696.52
ORD06936,2025-10-16,C0490,Mechanical Keyboard,Accessories,Pamplemousses,North,2,4200,0.1,2522.89,7560.0,5045.78,2514.22
ORD06937,2024-06-15,C0319,Monitor 27,Electronics,Quatre Bornes,West,1,12000,0.1,6791.86,10800.0,6791.86,4008.14
ORD06938,2024-05-09,C0255,Smartphone X,Electronics,Pamplemousses,North,2,28000,0.05,19012.87,53200.0,38025.74,15174.26
ORD06939,2024-11-22,C0004,Monitor 27,Electronics,Quatre Bornes,West,1,12000,0.15,8984.28,10200.0,8984.28,1215.72
ORD06940,2024-05-28,C0485,Office Lamp,Office,Curepipe,South,3,1800,0.1,1118.34,4860.0,3355.02,1504.98
ORD06941,2024-03-22,C0376,Printer,Office,Centre de Flacq,East,3,9500,0.05,5814.36,27075.0,17443.08,9631.92
ORD06942,2024-05-02,C0022,Mechanical Keyboard,Accessories,Mahebourg,South,1,4200,0.0,2692.69,4200.0,2692.69,1507.31
ORD06943,2024-06-23,C0407,Printer,Office,Quatre Bornes,West,1,9500,0.0,6015.9,9500.0,6015.9,3484.1
ORD06944,2025-10-30,C0279,Tablet Air,Electronics,Flacq,East,1,18000,0.05,10642.22,17100.0,10642.22,6457.78
ORD06945,2024-08-21,C0353,Standing Desk,Furniture,Mahebourg,South,2,15000,0.15,8763.68,25500.0,17527.36,7972.64
ORD06946,2024-04-19,C0379,Office Chair,Furniture,Black River,West,1,8500,0.0,5930.18,8500.0,5930.18,2569.82
ORD06947,2025-02-02,C0022,USB-C Hub,Accessories,Flacq,East,2,1800,0.0,1386.41,3600.0,2772.82,827.18
ORD06948,2025-08-23,C0019,Office Lamp,Office,Pamplemousses,North,2,1800,0.05,1033.36,3420.0,2066.72,1353.28
ORD06949,2024-11-03,C0075,Gaming Mouse,Accessories,Flacq,East,4,2200,0.0,1465.22,8800.0,5860.88,2939.12
ORD06950,2025-07-29,C0067,Laptop Pro 14,Electronics,Mahebourg,South,1,45000,0.05,27699.79,42750.0,27699.79,15050.21
ORD06951,2025-05-01,C0009,Standing Desk,Furniture,Curepipe,South,1,15000,0.0,11296.62,15000.0,11296.62,3703.38
ORD06952,2024-07-18,C0360,Mechanical Keyboard,Accessories,Black River,West,1,4200,0.0,3158.21,4200.0,3158.21,1041.79
ORD06953,2025-11-05,C0248,Tablet Air,Electronics,Port Louis,North,1,18000,0.0,11956.29,18000.0,11956.29,6043.71
ORD06954,2025-03-12,C0483,Monitor 27,Electronics,Centre de Flacq,East,1,12000,0.05,8064.43,11400.0,8064.43,3335.57
ORD06955,2025-04-29,C0049,Printer,Office,Quatre Bornes,West,1,9500,0.0,6327.05,9500.0,6327.05,3172.95
ORD06956,2025-12-28,C0251,Smartphone X,Electronics,Pamplemousses,North,4,28000,0.1,19019.95,100800.0,76079.8,24720.2
ORD06957,2024-08-28,C0488,Office Lamp,Office,Port Louis,North,2,1800,0.05,1238.65,3420.0,2477.3,942.7
ORD06958,2025-05-12,C0412,Standing Desk,Furniture,Flacq,East,2,15000,0.0,10725.57,30000.0,21451.14,8548.86
ORD06959,2024-06-03,C0359,USB-C Hub,Accessories,Flacq,East,1,1800,0.0,1340.84,1800.0,1340.84,459.16
ORD06960,2025-02-24,C0166,USB-C Hub,Accessories,Centre de Flacq,East,2,1800,0.0,1281.77,3600.0,2563.54,1036.46
ORD06961,2024-06-05,C0412,Standing Desk,Furniture,Pamplemousses,North,1,15000,0.05,10141.12,14250.0,10141.12,4108.88
ORD06962,2025-03-08,C0194,Standing Desk,Furniture,Mahebourg,South,1,15000,0.0,9147.64,15000.0,9147.64,5852.36
ORD06963,2025-12-07,C0127,Gaming Mouse,Accessories,Centre de Flacq,East,1,2200,0.1,1294.47,1980.0,1294.47,685.53
ORD06964,2024-03-11,C0388,Standing Desk,Furniture,Pamplemousses,North,1,15000,0.05,8522.54,14250.0,8522.54,5727.46
ORD06965,2024-11-17,C0213,Smartphone X,Electronics,Centre de Flacq,East,1,28000,0.05,18478.18,26600.0,18478.18,8121.82
ORD06966,2025-10-11,C0296,Tablet Air,Electronics,Pamplemousses,North,2,18000,0.0,11658.01,36000.0,23316.02,12683.98
ORD06967,2025-07-14,C0360,Wireless Headphones,Accessories,Port Louis,North,3,6500,0.0,4821.21,19500.0,14463.63,5036.37
ORD06968,2024-03-28,C0108,Office Lamp,Office,Port Louis,North,2,1800,0.1,1348.06,3240.0,2696.12,543.88
ORD06969,2024-10-27,C0212,USB-C Hub,Accessories,Black River,West,1,1800,0.0,1213.5,1800.0,1213.5,586.5
ORD06970,2025-06-19,C0462,Wireless Headphones,Accessories,Black River,West,3,6500,0.0,4574.55,19500.0,13723.65,5776.35
ORD06971,2024-01-01,C0191,Office Lamp,Office,Port Louis,North,1,1800,0.15,1252.25,1530.0,1252.25,277.75
ORD06972,2025-02-12,C0091,Standing Desk,Furniture,Flacq,East,2,15000,0.15,9792.3,25500.0,19584.6,5915.4
ORD06973,2025-11-14,C0268,Mechanical Keyboard,Accessories,Centre de Flacq,East,2,4200,0.0,2630.99,8400.0,5261.98,3138.02
ORD06974,2024-05-18,C0040,Wireless Headphones,Accessories,Quatre Bornes,West,2,6500,0.0,4505.61,13000.0,9011.22,3988.78
ORD06975,2024-12-11,C0083,Mechanical Keyboard,Accessories,Curepipe,South,1,4200,0.0,3154.96,4200.0,3154.96,1045.04
ORD06976,2024-12-21,C0072,Laptop Pro 14,Electronics,Curepipe,South,1,45000,0.0,29182.83,45000.0,29182.83,15817.17
ORD06977,2024-02-27,C0399,Office Lamp,Office,Quatre Bornes,West,1,1800,0.05,1145.8,1710.0,1145.8,564.2
ORD06978,2024-05-03,C0226,Mechanical Keyboard,Accessories,Port Louis,North,1,4200,0.1,3156.7,3780.0,3156.7,623.3
ORD06979,2025-10-16,C0016,Gaming Mouse,Accessories,Centre de Flacq,East,2,2200,0.05,1609.4,4180.0,3218.8,961.2
ORD06980,2024-03-23,C0422,Office Lamp,Office,Black River,West,1,1800,0.0,1201.88,1800.0,1201.88,598.12
ORD06981,2024-09-18,C0068,Office Lamp,Office,Black River,West,2,1800,0.05,1124.0,3420.0,2248.0,1172.0
ORD06982,2024-04-16,C0085,Tablet Air,Electronics,Quatre Bornes,West,1,18000,0.0,14031.09,18000.0,14031.09,3968.91
ORD06983,2025-12-13,C0067,Gaming Mouse,Accessories,Mahebourg,South,2,2200,0.1,1488.25,3960.0,2976.5,983.5
ORD06984,2025-12-25,C0324,Laptop Pro 14,Electronics,Black River,West,1,45000,0.15,27781.79,38250.0,27781.79,10468.21
ORD06985,2024-06-30,C0003,Mechanical Keyboard,Accessories,Centre de Flacq,East,1,4200,0.05,3244.5,3990.0,3244.5,745.5
ORD06986,2025-08-15,C0459,Laptop Pro 14,Electronics,Centre de Flacq,East,1,45000,0.0,25519.52,45000.0,25519.52,19480.48
ORD06987,2024-05-05,C0033,Office Lamp,Office,Port Louis,North,2,1800,0.15,1277.98,3060.0,2555.96,504.04
ORD06988,2025-09-20,C0346,Smartphone X,Electronics,Centre de Flacq,East,3,28000,0.05,18739.0,79800.0,56217.0,23583.0
ORD06989,2024-11-30,C0411,Mechanical Keyboard,Accessories,Mahebourg,South,2,4200,0.0,2904.41,8400.0,5808.82,2591.18
ORD06990,2024-11-05,C0191,Standing Desk,Furniture,Black River,West,2,15000,0.05,11505.93,28500.0,23011.86,5488.14
ORD06991,2025-11-10,C0315,Laptop Pro 14,Electronics,Curepipe,South,1,45000,0.0,32228.91,45000.0,32228.91,12771.09
ORD06992,2025-05-01,C0285,Printer,Office,Curepipe,South,4,9500,0.05,7074.26,36100.0,28297.04,7802.96
ORD06993,2025-04-24,C0206,Laptop Pro 14,Electronics,Quatre Bornes,West,2,45000,0.1,35021.14,81000.0,70042.28,10957.72
ORD06994,2024-11-21,C0130,Mechanical Keyboard,Accessories,Mahebourg,South,1,4200,0.0,3002.52,4200.0,3002.52,1197.48
ORD06995,2025-11-07,C0429,Tablet Air,Electronics,Port Louis,North,1,18000,0.05,13486.14,17100.0,13486.14,3613.86
ORD06996,2024-02-25,C0403,Office Lamp,Office,Flacq,East,1,1800,0.1,992.98,1620.0,992.98,627.02
ORD06997,2025-08-11,C0251,Smartphone X,Electronics,Black River,West,1,28000,0.0,15950.33,28000.0,15950.33,12049.67
ORD06998,2025-12-25,C0235,Tablet Air,Electronics,Mahebourg,South,1,18000,0.0,12874.39,18000.0,12874.39,5125.61
ORD06999,2025-02-16,C0149,Laptop Pro 14,Electronics,Port Louis,North,1,45000,0.05,25081.0,42750.0,25081.0,17669.0
ORD07000,2025-09-19,C0431,Office Lamp,Office,Quatre Bornes,West,2,1800,0.0,1342.83,3600.0,2685.66,914.34
ORD07001,2024-12-05,C0103,Office Lamp,Office,Curepipe,South,1,1800,0.0,1121.75,1800.0,1121.75,678.25
ORD07002,2024-10-26,C0068,Mechanical Keyboard,Accessories,Port Louis,North,1,4200,0.05,2744.59,3990.0,2744.59,1245.41
ORD07003,2024-10-08,C0270,Office Lamp,Office,Pamplemousses,North,1,1800,0.1,1034.19,1620.0,1034.19,585.81
ORD07004,2025-11-07,C0350,Smartphone X,Electronics,Centre de Flacq,East,2,28000,0.0,17430.65,56000.0,34861.3,21138.7
ORD07005,2024-01-09,C0299,USB-C Hub,Accessories,Quatre Bornes,West,1,1800,0.0,1275.55,1800.0,1275.55,524.45
ORD07006,2024-08-30,C0269,Gaming Mouse,Accessories,Port Louis,North,2,2200,0.1,1514.97,3960.0,3029.94,930.06
ORD07007,2024-05-03,C0383,Laptop Pro 14,Electronics,Port Louis,North,3,45000,0.05,26320.02,128250.0,78960.06,49289.94
ORD07008,2025-08-11,C0150,Mechanical Keyboard,Accessories,Port Louis,North,1,4200,0.0,3245.62,4200.0,3245.62,954.38
ORD07009,2025-08-07,C0083,Gaming Mouse,Accessories,Black River,West,2,2200,0.1,1498.86,3960.0,2997.72,962.28
ORD07010,2024-03-22,C0348,Wireless Headphones,Accessories,Quatre Bornes,West,2,6500,0.0,4802.19,13000.0,9604.38,3395.62
ORD07011,2024-06-14,C0481,Monitor 27,Electronics,Curepipe,South,1,12000,0.0,7314.18,12000.0,7314.18,4685.82
ORD07012,2024-08-24,C0232,Mechanical Keyboard,Accessories,Curepipe,South,1,4200,0.1,3070.4,3780.0,3070.4,709.6
ORD07013,2025-05-02,C0480,Mechanical Keyboard,Accessories,Pamplemousses,North,1,4200,0.0,2799.18,4200.0,2799.18,1400.82
ORD07014,2025-12-07,C0406,Laptop Pro 14,Electronics,Pamplemousses,North,1,45000,0.05,31671.42,42750.0,31671.42,11078.58
ORD07015,2024-04-23,C0247,Office Lamp,Office,Port Louis,North,2,1800,0.15,1125.15,3060.0,2250.3,809.7
ORD07016,2025-05-14,C0068,USB-C Hub,Accessories,Quatre Bornes,West,1,1800,0.05,1260.15,1710.0,1260.15,449.85
ORD07017,2025-07-04,C0209,Wireless Headphones,Accessories,Pamplemousses,North,1,6500,0.05,4693.4,6175.0,4693.4,1481.6
ORD07018,2025-02-12,C0039,USB-C Hub,Accessories,Flacq,East,2,1800,0.05,1133.66,3420.0,2267.32,1152.68
ORD07019,2024-03-15,C0399,Mechanical Keyboard,Accessories,Quatre Bornes,West,1,4200,0.0,2671.63,4200.0,2671.63,1528.37
ORD07020,2025-06-02,C0187,Mechanical Keyboard,Accessories,Pamplemousses,North,2,4200,0.0,2396.69,8400.0,4793.38,3606.62
ORD07021,2024-05-25,C0186,Standing Desk,Furniture,Curepipe,South,1,15000,0.1,9830.18,13500.0,9830.18,3669.82
ORD07022,2024-04-24,C0351,USB-C Hub,Accessories,Centre de Flacq,East,2,1800,0.1,1173.44,3240.0,2346.88,893.12
ORD07023,2025-02-20,C0472,USB-C Hub,Accessories,Mahebourg,South,4,1800,0.0,1195.71,7200.0,4782.84,2417.16
ORD07024,2024-02-09,C0487,Standing Desk,Furniture,Mahebourg,South,1,15000,0.0,9508.23,15000.0,9508.23,5491.77
ORD07025,2025-02-07,C0255,Office Chair,Furniture,Port Louis,North,1,8500,0.05,5395.66,8075.0,5395.66,2679.34
ORD07026,2025-05-17,C0086,Office Lamp,Office,Port Louis,North,2,1800,0.1,1049.2,3240.0,2098.4,1141.6
ORD07027,2025-01-28,C0491,Office Lamp,Office,Black River,West,1,1800,0.1,1322.41,1620.0,1322.41,297.59
ORD07028,2024-12-07,C0453,Wireless Headphones,Accessories,Black River,West,2,6500,0.1,3982.97,11700.0,7965.94,3734.06
ORD07029,2025-03-10,C0154,Gaming Mouse,Accessories,Port Louis,North,1,2200,0.1,1453.53,1980.0,1453.53,526.47
ORD07030,2025-08-10,C0218,Tablet Air,Electronics,Quatre Bornes,West,1,18000,0.0,12092.46,18000.0,12092.46,5907.54
ORD07031,2024-07-26,C0166,Laptop Pro 14,Electronics,Pamplemousses,North,2,45000,0.05,34628.24,85500.0,69256.48,16243.52
ORD07032,2024-08-19,C0351,Office Lamp,Office,Port Louis,North,3,1800,0.0,1020.25,5400.0,3060.75,2339.25
ORD07033,2025-01-07,C0447,Tablet Air,Electronics,Black River,West,1,18000,0.0,10377.73,18000.0,10377.73,7622.27
ORD07034,2024-03-18,C0500,Gaming Mouse,Accessories,Mahebourg,South,1,2200,0.1,1455.31,1980.0,1455.31,524.69
ORD07035,2025-12-14,C0232,Office Chair,Furniture,Flacq,East,1,8500,0.0,4753.07,8500.0,4753.07,3746.93
ORD07036,2025-10-22,C0258,Printer,Office,Flacq,East,2,9500,0.0,5723.61,19000.0,11447.22,7552.78
ORD07037,2024-03-02,C0104,Mechanical Keyboard,Accessories,Pamplemousses,North,4,4200,0.1,2464.57,15120.0,9858.28,5261.72
ORD07038,2024-02-18,C0317,USB-C Hub,Accessories,Curepipe,South,3,1800,0.0,1366.21,5400.0,4098.63,1301.37
ORD07039,2025-12-27,C0436,Gaming Mouse,Accessories,Black River,West,1,2200,0.0,1670.61,2200.0,1670.61,529.39
ORD07040,2025-11-16,C0404,USB-C Hub,Accessories,Pamplemousses,North,1,1800,0.0,1396.16,1800.0,1396.16,403.84
ORD07041,2024-01-29,C0052,Smartphone X,Electronics,Mahebourg,South,1,28000,0.0,21381.67,28000.0,21381.67,6618.33
ORD07042,2025-10-15,C0148,Wireless Headphones,Accessories,Mahebourg,South,1,6500,0.0,4790.36,6500.0,4790.36,1709.64
ORD07043,2025-03-28,C0221,USB-C Hub,Accessories,Port Louis,North,1,1800,0.0,1317.55,1800.0,1317.55,482.45
ORD07044,2024-06-05,C0077,Office Lamp,Office,Centre de Flacq,East,4,1800,0.1,1383.13,6480.0,5532.52,947.48
ORD07045,2025-03-22,C0162,Wireless Headphones,Accessories,Mahebourg,South,1,6500,0.0,4727.09,6500.0,4727.09,1772.91
ORD07046,2024-11-08,C0211,Monitor 27,Electronics,Flacq,East,1,12000,0.0,8083.83,12000.0,8083.83,3916.17
ORD07047,2024-04-18,C0343,Monitor 27,Electronics,Quatre Bornes,West,2,12000,0.0,8772.69,24000.0,17545.38,6454.62
ORD07048,2025-01-05,C0389,Printer,Office,Centre de Flacq,East,1,9500,0.0,6806.79,9500.0,6806.79,2693.21
ORD07049,2025-03-11,C0124,Gaming Mouse,Accessories,Black River,West,1,2200,0.0,1519.38,2200.0,1519.38,680.62
ORD07050,2025-01-30,C0404,Standing Desk,Furniture,Mahebourg,South,1,15000,0.0,10108.22,15000.0,10108.22,4891.78
ORD07051,2024-11-04,C0292,Laptop Pro 14,Electronics,Port Louis,North,1,45000,0.0,32765.14,45000.0,32765.14,12234.86
ORD07052,2024-01-22,C0221,Printer,Office,Mahebourg,South,2,9500,0.0,5242.82,19000.0,10485.64,8514.36
ORD07053,2025-08-16,C0225,USB-C Hub,Accessories,Centre de Flacq,East,1,1800,0.05,1014.18,1710.0,1014.18,695.82
ORD07054,2025-02-11,C0471,Printer,Office,Black River,West,1,9500,0.0,5646.0,9500.0,5646.0,3854.0
ORD07055,2024-02-18,C0024,Wireless Headphones,Accessories,Quatre Bornes,West,1,6500,0.15,3677.94,5525.0,3677.94,1847.06
ORD07056,2025-06-28,C0355,Laptop Pro 14,Electronics,Curepipe,South,2,45000,0.1,30395.74,81000.0,60791.48,20208.52
ORD07057,2025-11-30,C0113,Monitor 27,Electronics,Centre de Flacq,East,2,12000,0.1,9261.24,21600.0,18522.48,3077.52
ORD07058,2025-09-11,C0300,Laptop Pro 14,Electronics,Curepipe,South,2,45000,0.0,31151.34,90000.0,62302.68,27697.32
ORD07059,2024-01-05,C0358,Tablet Air,Electronics,Flacq,East,2,18000,0.05,13142.89,34200.0,26285.78,7914.22
ORD07060,2024-01-21,C0116,Gaming Mouse,Accessories,Mahebourg,South,1,2200,0.15,1665.97,1870.0,1665.97,204.03
ORD07061,2025-11-22,C0095,Office Lamp,Office,Mahebourg,South,1,1800,0.05,1072.81,1710.0,1072.81,637.19
ORD07062,2025-12-04,C0201,Wireless Headphones,Accessories,Mahebourg,South,1,6500,0.0,4606.0,6500.0,4606.0,1894.0
ORD07063,2025-01-19,C0323,Mechanical Keyboard,Accessories,Centre de Flacq,East,2,4200,0.0,3150.08,8400.0,6300.16,2099.84
ORD07064,2024-12-19,C0011,Tablet Air,Electronics,Pamplemousses,North,1,18000,0.05,11490.72,17100.0,11490.72,5609.28
ORD07065,2024-12-01,C0045,Mechanical Keyboard,Accessories,Mahebourg,South,4,4200,0.0,2938.03,16800.0,11752.12,5047.88
ORD07066,2024-08-04,C0440,Smartphone X,Electronics,Curepipe,South,1,28000,0.0,20618.89,28000.0,20618.89,7381.11
ORD07067,2024-02-06,C0191,Mechanical Keyboard,Accessories,Black River,West,3,4200,0.0,3214.24,12600.0,9642.72,2957.28
ORD07068,2025-05-20,C0238,Laptop Pro 14,Electronics,Mahebourg,South,1,45000,0.0,32838.51,45000.0,32838.51,12161.49
ORD07069,2024-10-18,C0207,Mechanical Keyboard,Accessories,Port Louis,North,1,4200,0.1,2913.92,3780.0,2913.92,866.08
ORD07070,2025-02-03,C0270,Office Lamp,Office,Centre de Flacq,East,1,1800,0.0,1091.91,1800.0,1091.91,708.09
ORD07071,2024-03-23,C0154,Tablet Air,Electronics,Flacq,East,1,18000,0.05,14024.63,17100.0,14024.63,3075.37
ORD07072,2025-07-13,C0415,Mechanical Keyboard,Accessories,Quatre Bornes,West,1,4200,0.15,2400.82,3570.0,2400.82,1169.18
ORD07073,2025-09-23,C0025,Tablet Air,Electronics,Mahebourg,South,1,18000,0.1,11018.05,16200.0,11018.05,5181.95
ORD07074,2025-07-12,C0354,Office Chair,Furniture,Curepipe,South,1,8500,0.15,5772.32,7225.0,5772.32,1452.68
ORD07075,2025-06-25,C0485,Monitor 27,Electronics,Quatre Bornes,West,1,12000,0.0,8989.99,12000.0,8989.99,3010.01
ORD07076,2025-10-25,C0143,Printer,Office,Quatre Bornes,West,2,9500,0.05,6236.1,18050.0,12472.2,5577.8
ORD07077,2024-03-11,C0144,Tablet Air,Electronics,Mahebourg,South,1,18000,0.05,10683.08,17100.0,10683.08,6416.92
ORD07078,2025-11-13,C0082,Monitor 27,Electronics,Curepipe,South,3,12000,0.0,7797.62,36000.0,23392.86,12607.14
ORD07079,2024-05-13,C0270,Mechanical Keyboard,Accessories,Black River,West,2,4200,0.0,3057.16,8400.0,6114.32,2285.68
ORD07080,2025-07-30,C0108,Monitor 27,Electronics,Mahebourg,South,1,12000,0.0,7079.19,12000.0,7079.19,4920.81
ORD07081,2025-05-17,C0450,Standing Desk,Furniture,Mahebourg,South,3,15000,0.15,11351.34,38250.0,34054.02,4195.98
ORD07082,2025-04-02,C0332,Monitor 27,Electronics,Centre de Flacq,East,1,12000,0.0,8045.89,12000.0,8045.89,3954.11
ORD07083,2024-11-24,C0362,Standing Desk,Furniture,Centre de Flacq,East,1,15000,0.0,8431.9,15000.0,8431.9,6568.1
ORD07084,2025-03-15,C0436,Tablet Air,Electronics,Quatre Bornes,West,2,18000,0.15,10425.15,30600.0,20850.3,9749.7
ORD07085,2025-12-14,C0249,Wireless Headphones,Accessories,Mahebourg,South,1,6500,0.0,4377.24,6500.0,4377.24,2122.76
ORD07086,2025-08-29,C0260,Monitor 27,Electronics,Quatre Bornes,West,1,12000,0.0,9145.37,12000.0,9145.37,2854.63
ORD07087,2024-08-27,C0500,Printer,Office,Pamplemousses,North,1,9500,0.0,6990.62,9500.0,6990.62,2509.38
ORD07088,2024-03-16,C0187,Printer,Office,Quatre Bornes,West,1,9500,0.0,5504.0,9500.0,5504.0,3996.0
ORD07089,2024-01-25,C0192,Tablet Air,Electronics,Quatre Bornes,West,2,18000,0.1,13016.74,32400.0,26033.48,6366.52
ORD07090,2024-01-28,C0332,Wireless Headphones,Accessories,Mahebourg,South,1,6500,0.0,4793.2,6500.0,4793.2,1706.8
ORD07091,2024-02-04,C0489,Monitor 27,Electronics,Black River,West,1,12000,0.0,7135.12,12000.0,7135.12,4864.88
ORD07092,2025-02-07,C0057,Tablet Air,Electronics,Port Louis,North,2,18000,0.0,13064.99,36000.0,26129.98,9870.02
ORD07093,2025-01-20,C0232,Office Lamp,Office,Port Louis,North,1,1800,0.0,1027.49,1800.0,1027.49,772.51
ORD07094,2025-10-13,C0171,Wireless Headphones,Accessories,Port Louis,North,1,6500,0.0,4084.99,6500.0,4084.99,2415.01
ORD07095,2025-09-09,C0453,Printer,Office,Black River,West,1,9500,0.0,6514.05,9500.0,6514.05,2985.95
ORD07096,2025-03-16,C0300,Office Lamp,Office,Black River,West,1,1800,0.0,1363.98,1800.0,1363.98,436.02
ORD07097,2025-03-10,C0108,Laptop Pro 14,Electronics,Centre de Flacq,East,1,45000,0.0,24912.24,45000.0,24912.24,20087.76
ORD07098,2024-12-16,C0263,Office Lamp,Office,Quatre Bornes,West,1,1800,0.1,1256.59,1620.0,1256.59,363.41
ORD07099,2024-01-15,C0436,Monitor 27,Electronics,Mahebourg,South,3,12000,0.15,8829.49,30600.0,26488.47,4111.53
ORD07100,2024-10-19,C0350,Smartphone X,Electronics,Port Louis,North,2,28000,0.0,16000.23,56000.0,32000.46,23999.54
ORD07101,2024-03-06,C0129,Monitor 27,Electronics,Mahebourg,South,1,12000,0.0,7193.94,12000.0,7193.94,4806.06
ORD07102,2024-05-12,C0448,Tablet Air,Electronics,Curepipe,South,1,18000,0.0,10382.12,18000.0,10382.12,7617.88
ORD07103,2024-03-12,C0376,USB-C Hub,Accessories,Mahebourg,South,1,1800,0.0,1104.49,1800.0,1104.49,695.51
ORD07104,2024-08-09,C0351,Smartphone X,Electronics,Quatre Bornes,West,3,28000,0.1,20795.96,75600.0,62387.88,13212.12
ORD07105,2024-05-31,C0261,Wireless Headphones,Accessories,Pamplemousses,North,2,6500,0.15,3714.62,11050.0,7429.24,3620.76
ORD07106,2025-11-18,C0336,Printer,Office,Port Louis,North,1,9500,0.0,5560.66,9500.0,5560.66,3939.34
ORD07107,2024-08-07,C0421,Wireless Headphones,Accessories,Curepipe,South,2,6500,0.0,4030.08,13000.0,8060.16,4939.84
ORD07108,2025-04-22,C0325,Standing Desk,Furniture,Centre de Flacq,East,2,15000,0.0,9922.99,30000.0,19845.98,10154.02
ORD07109,2024-09-29,C0081,Mechanical Keyboard,Accessories,Pamplemousses,North,1,4200,0.0,2633.55,4200.0,2633.55,1566.45
ORD07110,2025-04-23,C0148,Tablet Air,Electronics,Mahebourg,South,1,18000,0.0,13746.91,18000.0,13746.91,4253.09
ORD07111,2024-09-20,C0417,Smartphone X,Electronics,Quatre Bornes,West,1,28000,0.0,19638.01,28000.0,19638.01,8361.99
ORD07112,2024-11-12,C0090,Office Chair,Furniture,Pamplemousses,North,1,8500,0.0,6114.81,8500.0,6114.81,2385.19
ORD07113,2025-08-22,C0253,Standing Desk,Furniture,Black River,West,4,15000,0.05,11046.91,57000.0,44187.64,12812.36
ORD07114,2024-05-21,C0440,Mechanical Keyboard,Accessories,Port Louis,North,1,4200,0.1,2497.05,3780.0,2497.05,1282.95
ORD07115,2024-10-30,C0256,Mechanical Keyboard,Accessories,Black River,West,3,4200,0.0,2876.97,12600.0,8630.91,3969.09
ORD07116,2024-06-19,C0367,USB-C Hub,Accessories,Pamplemousses,North,1,1800,0.0,1082.39,1800.0,1082.39,717.61
ORD07117,2024-08-16,C0429,Office Lamp,Office,Curepipe,South,4,1800,0.05,1002.54,6840.0,4010.16,2829.84
ORD07118,2024-03-31,C0124,Mechanical Keyboard,Accessories,Quatre Bornes,West,2,4200,0.05,3102.95,7980.0,6205.9,1774.1
ORD07119,2025-08-04,C0346,Tablet Air,Electronics,Centre de Flacq,East,1,18000,0.05,13166.74,17100.0,13166.74,3933.26
ORD07120,2024-04-10,C0445,Tablet Air,Electronics,Black River,West,1,18000,0.05,13333.58,17100.0,13333.58,3766.42
ORD07121,2024-10-18,C0254,Office Lamp,Office,Port Louis,North,2,1800,0.0,1048.87,3600.0,2097.74,1502.26
ORD07122,2025-02-20,C0096,Office Chair,Furniture,Curepipe,South,1,8500,0.0,4893.39,8500.0,4893.39,3606.61
ORD07123,2024-02-18,C0478,Printer,Office,Quatre Bornes,West,1,9500,0.0,6035.41,9500.0,6035.41,3464.59
ORD07124,2025-03-25,C0049,Office Lamp,Office,Curepipe,South,2,1800,0.0,1246.54,3600.0,2493.08,1106.92
ORD07125,2025-06-12,C0174,Printer,Office,Curepipe,South,2,9500,0.0,6016.75,19000.0,12033.5,6966.5
ORD07126,2025-09-09,C0267,Office Chair,Furniture,Port Louis,North,2,8500,0.0,4840.19,17000.0,9680.38,7319.62
ORD07127,2025-02-25,C0286,Printer,Office,Black River,West,1,9500,0.05,6363.69,9025.0,6363.69,2661.31
ORD07128,2025-11-01,C0043,Wireless Headphones,Accessories,Pamplemousses,North,1,6500,0.0,3667.93,6500.0,3667.93,2832.07
ORD07129,2024-10-20,C0313,Smartphone X,Electronics,Pamplemousses,North,2,28000,0.15,15746.6,47600.0,31493.2,16106.8
ORD07130,2024-07-02,C0442,Smartphone X,Electronics,Black River,West,1,28000,0.0,18206.73,28000.0,18206.73,9793.27
ORD07131,2025-04-21,C0191,Wireless Headphones,Accessories,Curepipe,South,3,6500,0.0,4909.49,19500.0,14728.47,4771.53
ORD07132,2024-04-21,C0227,USB-C Hub,Accessories,Black River,West,2,1800,0.05,1180.66,3420.0,2361.32,1058.68
ORD07133,2025-10-10,C0008,Wireless Headphones,Accessories,Pamplemousses,North,1,6500,0.05,4550.65,6175.0,4550.65,1624.35
ORD07134,2025-08-08,C0240,Standing Desk,Furniture,Flacq,East,1,15000,0.0,10106.92,15000.0,10106.92,4893.08
ORD07135,2024-01-20,C0416,Office Lamp,Office,Port Louis,North,1,1800,0.0,1305.91,1800.0,1305.91,494.09
ORD07136,2024-01-29,C0457,Standing Desk,Furniture,Flacq,East,1,15000,0.05,9316.25,14250.0,9316.25,4933.75
ORD07137,2024-07-18,C0048,Office Chair,Furniture,Pamplemousses,North,1,8500,0.0,6520.31,8500.0,6520.31,1979.69
ORD07138,2024-03-06,C0319,Office Chair,Furniture,Black River,West,1,8500,0.0,5543.77,8500.0,5543.77,2956.23
ORD07139,2024-01-21,C0297,Monitor 27,Electronics,Mahebourg,South,1,12000,0.1,7227.62,10800.0,7227.62,3572.38
ORD07140,2025-06-01,C0093,Gaming Mouse,Accessories,Centre de Flacq,East,1,2200,0.0,1700.61,2200.0,1700.61,499.39
ORD07141,2024-08-01,C0396,Office Lamp,Office,Curepipe,South,1,1800,0.0,1314.08,1800.0,1314.08,485.92
ORD07142,2025-06-30,C0269,Wireless Headphones,Accessories,Quatre Bornes,West,2,6500,0.05,4397.94,12350.0,8795.88,3554.12
ORD07143,2025-06-10,C0198,Laptop Pro 14,Electronics,Pamplemousses,North,1,45000,0.1,29825.7,40500.0,29825.7,10674.3
ORD07144,2024-06-01,C0409,Printer,Office,Pamplemousses,North,1,9500,0.0,7139.54,9500.0,7139.54,2360.46
ORD07145,2024-10-22,C0223,Mechanical Keyboard,Accessories,Curepipe,South,2,4200,0.05,2399.21,7980.0,4798.42,3181.58
ORD07146,2025-01-02,C0265,Smartphone X,Electronics,Mahebourg,South,2,28000,0.0,20103.06,56000.0,40206.12,15793.88
ORD07147,2025-02-17,C0271,Tablet Air,Electronics,Mahebourg,South,1,18000,0.05,10469.55,17100.0,10469.55,6630.45
ORD07148,2025-10-14,C0231,Smartphone X,Electronics,Curepipe,South,2,28000,0.0,16199.91,56000.0,32399.82,23600.18
ORD07149,2024-09-02,C0454,Gaming Mouse,Accessories,Port Louis,North,1,2200,0.0,1523.73,2200.0,1523.73,676.27
ORD07150,2024-05-21,C0002,Monitor 27,Electronics,Flacq,East,3,12000,0.0,8359.68,36000.0,25079.04,10920.96
ORD07151,2024-01-13,C0256,Wireless Headphones,Accessories,Pamplemousses,North,1,6500,0.05,4053.89,6175.0,4053.89,2121.11
ORD07152,2024-10-07,C0456,Laptop Pro 14,Electronics,Centre de Flacq,East,2,45000,0.0,31878.94,90000.0,63757.88,26242.12
ORD07153,2025-07-08,C0251,Monitor 27,Electronics,Flacq,East,1,12000,0.0,6973.27,12000.0,6973.27,5026.73
ORD07154,2025-12-23,C0092,USB-C Hub,Accessories,Quatre Bornes,West,1,1800,0.1,1022.16,1620.0,1022.16,597.84
ORD07155,2025-10-06,C0411,Office Chair,Furniture,Mahebourg,South,1,8500,0.1,6079.03,7650.0,6079.03,1570.97
ORD07156,2025-09-22,C0226,Smartphone X,Electronics,Curepipe,South,2,28000,0.05,16397.89,53200.0,32795.78,20404.22
ORD07157,2025-03-05,C0323,Mechanical Keyboard,Accessories,Curepipe,South,3,4200,0.1,2378.61,11340.0,7135.83,4204.17
ORD07158,2025-06-16,C0382,Office Lamp,Office,Quatre Bornes,West,1,1800,0.05,1376.91,1710.0,1376.91,333.09
ORD07159,2024-10-27,C0107,Smartphone X,Electronics,Curepipe,South,1,28000,0.0,21584.04,28000.0,21584.04,6415.96
ORD07160,2024-03-31,C0166,Office Lamp,Office,Black River,West,1,1800,0.0,1014.37,1800.0,1014.37,785.63
ORD07161,2025-09-19,C0009,Mechanical Keyboard,Accessories,Quatre Bornes,West,2,4200,0.0,2458.55,8400.0,4917.1,3482.9
ORD07162,2024-10-03,C0297,Printer,Office,Quatre Bornes,West,1,9500,0.05,5496.96,9025.0,5496.96,3528.04
ORD07163,2025-12-19,C0320,Monitor 27,Electronics,Pamplemousses,North,1,12000,0.1,7019.61,10800.0,7019.61,3780.39
ORD07164,2025-12-25,C0021,Standing Desk,Furniture,Curepipe,South,1,15000,0.1,10642.49,13500.0,10642.49,2857.51
ORD07165,2025-09-20,C0126,Office Lamp,Office,Black River,West,1,1800,0.05,1314.93,1710.0,1314.93,395.07
ORD07166,2024-04-29,C0212,Smartphone X,Electronics,Quatre Bornes,West,1,28000,0.0,20388.06,28000.0,20388.06,7611.94
ORD07167,2025-12-03,C0140,Gaming Mouse,Accessories,Black River,West,2,2200,0.0,1686.2,4400.0,3372.4,1027.6
ORD07168,2024-10-19,C0046,Smartphone X,Electronics,Quatre Bornes,West,3,28000,0.0,16222.31,84000.0,48666.93,35333.07
ORD07169,2025-05-31,C0219,Printer,Office,Centre de Flacq,East,2,9500,0.0,7372.38,19000.0,14744.76,4255.24
ORD07170,2025-11-15,C0370,Gaming Mouse,Accessories,Curepipe,South,1,2200,0.0,1654.89,2200.0,1654.89,545.11
ORD07171,2024-12-01,C0499,Office Lamp,Office,Flacq,East,1,1800,0.0,1346.14,1800.0,1346.14,453.86
ORD07172,2025-10-10,C0006,Wireless Headphones,Accessories,Port Louis,North,1,6500,0.1,4933.43,5850.0,4933.43,916.57
ORD07173,2025-08-06,C0013,Wireless Headphones,Accessories,Pamplemousses,North,1,6500,0.1,3897.07,5850.0,3897.07,1952.93
ORD07174,2025-12-14,C0155,Printer,Office,Curepipe,South,2,9500,0.0,5989.1,19000.0,11978.2,7021.8
ORD07175,2025-12-18,C0125,Smartphone X,Electronics,Mahebourg,South,2,28000,0.0,15516.48,56000.0,31032.96,24967.04
ORD07176,2025-07-26,C0355,Wireless Headphones,Accessories,Flacq,East,1,6500,0.05,3722.11,6175.0,3722.11,2452.89
ORD07177,2025-02-13,C0200,Office Chair,Furniture,Flacq,East,1,8500,0.0,6067.6,8500.0,6067.6,2432.4
ORD07178,2024-10-04,C0369,Printer,Office,Mahebourg,South,1,9500,0.0,6448.72,9500.0,6448.72,3051.28
ORD07179,2025-11-11,C0073,Office Lamp,Office,Port Louis,North,4,1800,0.1,1115.03,6480.0,4460.12,2019.88
ORD07180,2025-10-06,C0217,Standing Desk,Furniture,Curepipe,South,1,15000,0.05,8950.25,14250.0,8950.25,5299.75
ORD07181,2025-11-28,C0451,Tablet Air,Electronics,Centre de Flacq,East,1,18000,0.05,13314.74,17100.0,13314.74,3785.26
ORD07182,2024-08-21,C0338,Monitor 27,Electronics,Pamplemousses,North,1,12000,0.0,7449.19,12000.0,7449.19,4550.81
ORD07183,2025-02-25,C0278,Printer,Office,Flacq,East,2,9500,0.1,6096.52,17100.0,12193.04,4906.96
ORD07184,2024-01-10,C0311,Office Lamp,Office,Centre de Flacq,East,1,1800,0.05,1157.01,1710.0,1157.01,552.99
ORD07185,2024-09-17,C0153,Smartphone X,Electronics,Flacq,East,1,28000,0.0,16651.56,28000.0,16651.56,11348.44
ORD07186,2024-06-28,C0435,Tablet Air,Electronics,Flacq,East,1,18000,0.0,13265.4,18000.0,13265.4,4734.6
ORD07187,2024-05-22,C0387,Gaming Mouse,Accessories,Port Louis,North,3,2200,0.0,1584.48,6600.0,4753.44,1846.56
ORD07188,2024-05-04,C0064,Laptop Pro 14,Electronics,Black River,West,1,45000,0.1,34179.0,40500.0,34179.0,6321.0
ORD07189,2025-11-20,C0315,Standing Desk,Furniture,Flacq,East,3,15000,0.0,9957.47,45000.0,29872.41,15127.59
ORD07190,2024-06-01,C0023,Standing Desk,Furniture,Flacq,East,1,15000,0.0,8800.45,15000.0,8800.45,6199.55
ORD07191,2024-11-16,C0279,Mechanical Keyboard,Accessories,Quatre Bornes,West,1,4200,0.05,2642.16,3990.0,2642.16,1347.84
ORD07192,2024-07-30,C0244,Printer,Office,Curepipe,South,1,9500,0.15,5942.17,8075.0,5942.17,2132.83
ORD07193,2024-06-17,C0028,Wireless Headphones,Accessories,Curepipe,South,2,6500,0.0,3752.53,13000.0,7505.06,5494.94
ORD07194,2024-10-12,C0070,Gaming Mouse,Accessories,Port Louis,North,2,2200,0.0,1692.11,4400.0,3384.22,1015.78
ORD07195,2024-09-27,C0442,Mechanical Keyboard,Accessories,Pamplemousses,North,1,4200,0.05,2969.25,3990.0,2969.25,1020.75
ORD07196,2025-11-02,C0434,Wireless Headphones,Accessories,Pamplemousses,North,2,6500,0.1,5023.71,11700.0,10047.42,1652.58
ORD07197,2025-02-19,C0132,Laptop Pro 14,Electronics,Curepipe,South,1,45000,0.1,32462.19,40500.0,32462.19,8037.81
ORD07198,2025-11-18,C0076,Gaming Mouse,Accessories,Pamplemousses,North,1,2200,0.05,1414.65,2090.0,1414.65,675.35
ORD07199,2024-07-22,C0406,Wireless Headphones,Accessories,Centre de Flacq,East,1,6500,0.05,3787.1,6175.0,3787.1,2387.9
ORD07200,2025-04-22,C0329,Office Chair,Furniture,Port Louis,North,1,8500,0.0,5975.38,8500.0,5975.38,2524.62
ORD07201,2024-08-20,C0238,Smartphone X,Electronics,Black River,West,3,28000,0.15,18238.81,71400.0,54716.43,16683.57
ORD07202,2024-05-27,C0010,Laptop Pro 14,Electronics,Centre de Flacq,East,1,45000,0.0,26364.82,45000.0,26364.82,18635.18
ORD07203,2024-06-25,C0494,Smartphone X,Electronics,Quatre Bornes,West,2,28000,0.0,19590.5,56000.0,39181.0,16819.0
ORD07204,2024-02-04,C0255,Office Chair,Furniture,Curepipe,South,1,8500,0.0,5827.15,8500.0,5827.15,2672.85
ORD07205,2025-02-10,C0153,Standing Desk,Furniture,Black River,West,1,15000,0.0,10303.14,15000.0,10303.14,4696.86
ORD07206,2024-08-09,C0094,Standing Desk,Furniture,Port Louis,North,2,15000,0.0,10187.71,30000.0,20375.42,9624.58
ORD07207,2024-07-07,C0186,Office Chair,Furniture,Centre de Flacq,East,1,8500,0.0,6188.04,8500.0,6188.04,2311.96
ORD07208,2024-01-30,C0395,Office Chair,Furniture,Pamplemousses,North,2,8500,0.15,4913.13,14450.0,9826.26,4623.74
ORD07209,2025-07-06,C0020,Wireless Headphones,Accessories,Port Louis,North,1,6500,0.1,4550.49,5850.0,4550.49,1299.51
ORD07210,2025-01-03,C0286,Office Lamp,Office,Curepipe,South,1,1800,0.1,1225.1,1620.0,1225.1,394.9
ORD07211,2025-05-31,C0209,Gaming Mouse,Accessories,Curepipe,South,2,2200,0.0,1419.26,4400.0,2838.52,1561.48
ORD07212,2024-06-11,C0076,Office Chair,Furniture,Pamplemousses,North,1,8500,0.05,5760.2,8075.0,5760.2,2314.8
ORD07213,2025-09-21,C0055,Mechanical Keyboard,Accessories,Port Louis,North,1,4200,0.0,2518.03,4200.0,2518.03,1681.97
ORD07214,2025-01-17,C0392,Smartphone X,Electronics,Curepipe,South,2,28000,0.0,17234.93,56000.0,34469.86,21530.14
ORD07215,2025-09-03,C0277,Wireless Headphones,Accessories,Black River,West,1,6500,0.0,3624.1,6500.0,3624.1,2875.9
ORD07216,2024-04-10,C0489,Mechanical Keyboard,Accessories,Quatre Bornes,West,1,4200,0.0,2702.28,4200.0,2702.28,1497.72
ORD07217,2025-11-06,C0098,Laptop Pro 14,Electronics,Centre de Flacq,East,3,45000,0.0,32340.45,135000.0,97021.35,37978.65
ORD07218,2024-10-05,C0430,Monitor 27,Electronics,Flacq,East,1,12000,0.0,8519.59,12000.0,8519.59,3480.41
ORD07219,2024-02-08,C0303,Office Lamp,Office,Port Louis,North,1,1800,0.15,1388.02,1530.0,1388.02,141.98
ORD07220,2024-10-29,C0458,Tablet Air,Electronics,Centre de Flacq,East,1,18000,0.0,13183.09,18000.0,13183.09,4816.91
ORD07221,2024-08-04,C0038,Office Lamp,Office,Quatre Bornes,West,1,1800,0.05,1259.65,1710.0,1259.65,450.35
ORD07222,2025-02-27,C0286,Office Lamp,Office,Port Louis,North,1,1800,0.0,1004.82,1800.0,1004.82,795.18
ORD07223,2024-12-13,C0499,Wireless Headphones,Accessories,Flacq,East,1,6500,0.05,4988.68,6175.0,4988.68,1186.32
ORD07224,2024-03-03,C0363,Printer,Office,Quatre Bornes,West,4,9500,0.05,5933.17,36100.0,23732.68,12367.32
ORD07225,2024-10-02,C0326,Mechanical Keyboard,Accessories,Quatre Bornes,West,3,4200,0.05,2957.88,11970.0,8873.64,3096.36
ORD07226,2024-03-02,C0204,Monitor 27,Electronics,Centre de Flacq,East,2,12000,0.0,6678.54,24000.0,13357.08,10642.92
ORD07227,2025-09-01,C0224,Office Lamp,Office,Curepipe,South,2,1800,0.0,1034.76,3600.0,2069.52,1530.48
ORD07228,2024-09-10,C0423,Standing Desk,Furniture,Black River,West,3,15000,0.1,10793.78,40500.0,32381.34,8118.66
ORD07229,2024-06-18,C0137,Mechanical Keyboard,Accessories,Centre de Flacq,East,1,4200,0.0,2505.87,4200.0,2505.87,1694.13
ORD07230,2025-02-09,C0410,Monitor 27,Electronics,Pamplemousses,North,1,12000,0.05,7138.62,11400.0,7138.62,4261.38
ORD07231,2024-02-23,C0339,Smartphone X,Electronics,Pamplemousses,North,1,28000,0.0,15963.61,28000.0,15963.61,12036.39
ORD07232,2024-01-24,C0259,USB-C Hub,Accessories,Mahebourg,South,1,1800,0.0,1329.97,1800.0,1329.97,470.03
ORD07233,2025-09-19,C0450,USB-C Hub,Accessories,Black River,West,1,1800,0.1,1396.97,1620.0,1396.97,223.03
ORD07234,2024-09-26,C0428,Mechanical Keyboard,Accessories,Pamplemousses,North,1,4200,0.15,2709.85,3570.0,2709.85,860.15
ORD07235,2025-11-08,C0324,Tablet Air,Electronics,Flacq,East,1,18000,0.0,10954.95,18000.0,10954.95,7045.05
ORD07236,2025-06-03,C0163,Mechanical Keyboard,Accessories,Quatre Bornes,West,1,4200,0.0,2518.2,4200.0,2518.2,1681.8
ORD07237,2025-04-10,C0296,Office Lamp,Office,Black River,West,3,1800,0.05,1034.0,5130.0,3102.0,2028.0
ORD07238,2024-11-09,C0466,Office Chair,Furniture,Flacq,East,1,8500,0.0,6496.21,8500.0,6496.21,2003.79
ORD07239,2025-12-16,C0093,Laptop Pro 14,Electronics,Flacq,East,1,45000,0.05,29937.2,42750.0,29937.2,12812.8
ORD07240,2024-05-13,C0244,Wireless Headphones,Accessories,Centre de Flacq,East,1,6500,0.0,4574.8,6500.0,4574.8,1925.2
ORD07241,2025-01-01,C0041,USB-C Hub,Accessories,Curepipe,South,3,1800,0.0,1110.84,5400.0,3332.52,2067.48
ORD07242,2025-02-26,C0360,USB-C Hub,Accessories,Pamplemousses,North,1,1800,0.0,1276.09,1800.0,1276.09,523.91
ORD07243,2024-08-21,C0089,Smartphone X,Electronics,Centre de Flacq,East,1,28000,0.05,16388.39,26600.0,16388.39,10211.61
ORD07244,2024-04-08,C0055,Smartphone X,Electronics,Curepipe,South,1,28000,0.0,20351.12,28000.0,20351.12,7648.88
ORD07245,2025-09-08,C0468,USB-C Hub,Accessories,Mahebourg,South,1,1800,0.05,1068.23,1710.0,1068.23,641.77
ORD07246,2024-12-21,C0329,Printer,Office,Pamplemousses,North,1,9500,0.05,5930.9,9025.0,5930.9,3094.1
ORD07247,2025-06-21,C0407,Mechanical Keyboard,Accessories,Curepipe,South,1,4200,0.0,2919.83,4200.0,2919.83,1280.17
ORD07248,2024-05-09,C0409,Gaming Mouse,Accessories,Quatre Bornes,West,2,2200,0.05,1610.5,4180.0,3221.0,959.0
ORD07249,2025-09-27,C0276,Tablet Air,Electronics,Quatre Bornes,West,1,18000,0.0,12077.05,18000.0,12077.05,5922.95
ORD07250,2025-12-11,C0134,Laptop Pro 14,Electronics,Quatre Bornes,West,1,45000,0.05,25465.33,42750.0,25465.33,17284.67
ORD07251,2024-09-08,C0195,USB-C Hub,Accessories,Quatre Bornes,West,1,1800,0.0,1128.68,1800.0,1128.68,671.32
ORD07252,2025-07-23,C0233,Wireless Headphones,Accessories,Black River,West,3,6500,0.05,4344.13,18525.0,13032.39,5492.61
ORD07253,2025-09-23,C0206,Gaming Mouse,Accessories,Flacq,East,1,2200,0.1,1496.9,1980.0,1496.9,483.1
ORD07254,2025-08-26,C0037,Office Lamp,Office,Mahebourg,South,2,1800,0.0,1219.29,3600.0,2438.58,1161.42
ORD07255,2025-02-24,C0395,Standing Desk,Furniture,Mahebourg,South,1,15000,0.05,8508.94,14250.0,8508.94,5741.06
ORD07256,2025-02-23,C0488,USB-C Hub,Accessories,Black River,West,1,1800,0.0,1176.72,1800.0,1176.72,623.28
ORD07257,2025-01-06,C0147,Office Lamp,Office,Pamplemousses,North,1,1800,0.0,1174.63,1800.0,1174.63,625.37
ORD07258,2025-08-03,C0464,USB-C Hub,Accessories,Flacq,East,3,1800,0.0,1244.37,5400.0,3733.11,1666.89
ORD07259,2024-12-13,C0147,Mechanical Keyboard,Accessories,Curepipe,South,1,4200,0.0,2673.04,4200.0,2673.04,1526.96
ORD07260,2024-08-27,C0325,Laptop Pro 14,Electronics,Port Louis,North,3,45000,0.0,27860.19,135000.0,83580.57,51419.43
ORD07261,2024-10-25,C0019,Wireless Headphones,Accessories,Port Louis,North,2,6500,0.0,3687.72,13000.0,7375.44,5624.56
ORD07262,2025-03-01,C0319,Standing Desk,Furniture,Mahebourg,South,1,15000,0.1,10160.47,13500.0,10160.47,3339.53
ORD07263,2025-07-20,C0300,Gaming Mouse,Accessories,Mahebourg,South,1,2200,0.0,1525.23,2200.0,1525.23,674.77
ORD07264,2024-08-29,C0387,Office Lamp,Office,Quatre Bornes,West,1,1800,0.1,1339.58,1620.0,1339.58,280.42
ORD07265,2024-11-16,C0456,Laptop Pro 14,Electronics,Port Louis,North,1,45000,0.0,32995.0,45000.0,32995.0,12005.0
ORD07266,2024-08-15,C0390,Printer,Office,Flacq,East,1,9500,0.0,6339.43,9500.0,6339.43,3160.57
ORD07267,2024-03-23,C0320,Monitor 27,Electronics,Port Louis,North,1,12000,0.0,9079.93,12000.0,9079.93,2920.07
ORD07268,2025-02-14,C0276,Tablet Air,Electronics,Pamplemousses,North,3,18000,0.0,13845.81,54000.0,41537.43,12462.57
ORD07269,2025-09-24,C0254,Monitor 27,Electronics,Curepipe,South,1,12000,0.1,8254.09,10800.0,8254.09,2545.91
ORD07270,2025-08-01,C0162,Wireless Headphones,Accessories,Black River,West,1,6500,0.1,4998.65,5850.0,4998.65,851.35
ORD07271,2025-06-20,C0456,Tablet Air,Electronics,Black River,West,1,18000,0.0,13705.38,18000.0,13705.38,4294.62
ORD07272,2024-03-15,C0006,Gaming Mouse,Accessories,Centre de Flacq,East,1,2200,0.05,1597.15,2090.0,1597.15,492.85
ORD07273,2025-09-12,C0147,Mechanical Keyboard,Accessories,Pamplemousses,North,2,4200,0.05,2998.46,7980.0,5996.92,1983.08
ORD07274,2025-03-02,C0389,Office Chair,Furniture,Quatre Bornes,West,1,8500,0.0,4912.32,8500.0,4912.32,3587.68
ORD07275,2025-03-04,C0035,Gaming Mouse,Accessories,Curepipe,South,3,2200,0.0,1541.22,6600.0,4623.66,1976.34
ORD07276,2025-08-14,C0406,Wireless Headphones,Accessories,Pamplemousses,North,1,6500,0.05,4801.21,6175.0,4801.21,1373.79
ORD07277,2025-11-29,C0273,Tablet Air,Electronics,Black River,West,2,18000,0.0,11766.35,36000.0,23532.7,12467.3
ORD07278,2024-06-10,C0419,Office Lamp,Office,Port Louis,North,2,1800,0.0,1110.93,3600.0,2221.86,1378.14
ORD07279,2025-11-11,C0363,Mechanical Keyboard,Accessories,Port Louis,North,1,4200,0.0,2683.5,4200.0,2683.5,1516.5
ORD07280,2024-02-05,C0044,Standing Desk,Furniture,Curepipe,South,1,15000,0.0,9167.17,15000.0,9167.17,5832.83
ORD07281,2025-04-26,C0027,Wireless Headphones,Accessories,Black River,West,4,6500,0.0,3895.32,26000.0,15581.28,10418.72
ORD07282,2025-02-23,C0369,Smartphone X,Electronics,Flacq,East,1,28000,0.0,21562.18,28000.0,21562.18,6437.82
ORD07283,2024-11-21,C0222,Office Chair,Furniture,Pamplemousses,North,1,8500,0.0,4859.53,8500.0,4859.53,3640.47
ORD07284,2024-01-13,C0256,Tablet Air,Electronics,Port Louis,North,1,18000,0.05,10842.19,17100.0,10842.19,6257.81
ORD07285,2024-10-02,C0386,Mechanical Keyboard,Accessories,Pamplemousses,North,1,4200,0.0,2674.43,4200.0,2674.43,1525.57
ORD07286,2024-11-05,C0109,USB-C Hub,Accessories,Mahebourg,South,1,1800,0.0,1211.96,1800.0,1211.96,588.04
ORD07287,2025-05-07,C0107,Laptop Pro 14,Electronics,Mahebourg,South,1,45000,0.15,34252.51,38250.0,34252.51,3997.49
ORD07288,2024-09-08,C0418,Standing Desk,Furniture,Port Louis,North,1,15000,0.05,8857.36,14250.0,8857.36,5392.64
ORD07289,2025-04-29,C0293,Tablet Air,Electronics,Centre de Flacq,East,1,18000,0.05,12283.42,17100.0,12283.42,4816.58
ORD07290,2024-03-06,C0331,Laptop Pro 14,Electronics,Centre de Flacq,East,1,45000,0.1,27401.52,40500.0,27401.52,13098.48
ORD07291,2025-01-27,C0039,Mechanical Keyboard,Accessories,Mahebourg,South,1,4200,0.0,2936.5,4200.0,2936.5,1263.5
ORD07292,2024-01-04,C0051,Wireless Headphones,Accessories,Port Louis,North,1,6500,0.0,3828.49,6500.0,3828.49,2671.51
ORD07293,2025-03-08,C0164,Office Lamp,Office,Quatre Bornes,West,1,1800,0.0,1242.43,1800.0,1242.43,557.57
ORD07294,2024-10-03,C0144,Office Lamp,Office,Quatre Bornes,West,1,1800,0.0,1106.19,1800.0,1106.19,693.81
ORD07295,2024-06-14,C0182,Gaming Mouse,Accessories,Quatre Bornes,West,1,2200,0.0,1623.6,2200.0,1623.6,576.4
ORD07296,2024-08-21,C0200,USB-C Hub,Accessories,Flacq,East,1,1800,0.0,1342.84,1800.0,1342.84,457.16
ORD07297,2025-09-04,C0456,Tablet Air,Electronics,Pamplemousses,North,1,18000,0.05,10233.07,17100.0,10233.07,6866.93
ORD07298,2025-04-23,C0204,Gaming Mouse,Accessories,Quatre Bornes,West,2,2200,0.05,1590.01,4180.0,3180.02,999.98
ORD07299,2025-08-14,C0206,Gaming Mouse,Accessories,Flacq,East,1,2200,0.0,1584.69,2200.0,1584.69,615.31
ORD07300,2025-04-12,C0092,Printer,Office,Flacq,East,1,9500,0.0,7284.98,9500.0,7284.98,2215.02
ORD07301,2025-08-16,C0474,Tablet Air,Electronics,Pamplemousses,North,1,18000,0.0,11284.21,18000.0,11284.21,6715.79
ORD07302,2025-05-21,C0431,Tablet Air,Electronics,Centre de Flacq,East,1,18000,0.1,9990.93,16200.0,9990.93,6209.07
ORD07303,2025-03-17,C0223,Standing Desk,Furniture,Pamplemousses,North,1,15000,0.1,10658.64,13500.0,10658.64,2841.36
ORD07304,2024-07-10,C0449,Monitor 27,Electronics,Port Louis,North,2,12000,0.05,8793.23,22800.0,17586.46,5213.54
ORD07305,2024-11-18,C0220,Laptop Pro 14,Electronics,Pamplemousses,North,1,45000,0.0,28305.11,45000.0,28305.11,16694.89
ORD07306,2025-11-10,C0454,Office Chair,Furniture,Mahebourg,South,4,8500,0.1,5141.12,30600.0,20564.48,10035.52
ORD07307,2025-03-26,C0064,Monitor 27,Electronics,Flacq,East,1,12000,0.0,6653.21,12000.0,6653.21,5346.79
ORD07308,2025-01-11,C0253,Printer,Office,Curepipe,South,3,9500,0.0,5915.03,28500.0,17745.09,10754.91
ORD07309,2025-08-15,C0444,Gaming Mouse,Accessories,Pamplemousses,North,2,2200,0.0,1610.61,4400.0,3221.22,1178.78
ORD07310,2025-06-17,C0040,Office Lamp,Office,Quatre Bornes,West,1,1800,0.0,1008.41,1800.0,1008.41,791.59
ORD07311,2024-10-08,C0440,Monitor 27,Electronics,Mahebourg,South,1,12000,0.0,6948.64,12000.0,6948.64,5051.36
ORD07312,2024-05-07,C0252,Office Lamp,Office,Curepipe,South,2,1800,0.0,1399.45,3600.0,2798.9,801.1
ORD07313,2025-03-22,C0206,Tablet Air,Electronics,Pamplemousses,North,2,18000,0.05,11089.1,34200.0,22178.2,12021.8
ORD07314,2025-12-21,C0222,Laptop Pro 14,Electronics,Black River,West,2,45000,0.05,27717.74,85500.0,55435.48,30064.52
ORD07315,2025-11-18,C0425,Printer,Office,Black River,West,1,9500,0.0,5649.45,9500.0,5649.45,3850.55
ORD07316,2025-12-02,C0330,Monitor 27,Electronics,Black River,West,2,12000,0.05,7362.3,22800.0,14724.6,8075.4
ORD07317,2024-09-21,C0089,Office Lamp,Office,Port Louis,North,1,1800,0.05,1050.99,1710.0,1050.99,659.01
ORD07318,2024-01-20,C0391,Monitor 27,Electronics,Port Louis,North,1,12000,0.05,7442.22,11400.0,7442.22,3957.78
ORD07319,2024-02-24,C0375,Smartphone X,Electronics,Black River,West,1,28000,0.0,17702.84,28000.0,17702.84,10297.16
ORD07320,2025-05-19,C0232,USB-C Hub,Accessories,Port Louis,North,2,1800,0.0,1346.95,3600.0,2693.9,906.1
ORD07321,2025-08-07,C0002,Monitor 27,Electronics,Flacq,East,1,12000,0.0,9152.25,12000.0,9152.25,2847.75
ORD07322,2024-07-22,C0061,Office Lamp,Office,Centre de Flacq,East,1,1800,0.0,1211.39,1800.0,1211.39,588.61
ORD07323,2024-12-25,C0241,Monitor 27,Electronics,Centre de Flacq,East,4,12000,0.1,7666.83,43200.0,30667.32,12532.68
ORD07324,2025-01-29,C0106,Laptop Pro 14,Electronics,Mahebourg,South,2,45000,0.05,30359.91,85500.0,60719.82,24780.18
ORD07325,2024-10-06,C0304,Mechanical Keyboard,Accessories,Pamplemousses,North,1,4200,0.1,2535.42,3780.0,2535.42,1244.58
ORD07326,2024-06-30,C0425,Office Lamp,Office,Curepipe,South,2,1800,0.1,1347.81,3240.0,2695.62,544.38
ORD07327,2025-01-03,C0424,USB-C Hub,Accessories,Quatre Bornes,West,2,1800,0.05,1350.95,3420.0,2701.9,718.1
ORD07328,2025-01-25,C0369,Wireless Headphones,Accessories,Black River,West,2,6500,0.05,4957.02,12350.0,9914.04,2435.96
ORD07329,2024-03-09,C0497,Tablet Air,Electronics,Flacq,East,1,18000,0.05,12050.4,17100.0,12050.4,5049.6
ORD07330,2024-09-17,C0427,Monitor 27,Electronics,Port Louis,North,1,12000,0.15,8634.69,10200.0,8634.69,1565.31
ORD07331,2025-05-22,C0010,Laptop Pro 14,Electronics,Mahebourg,South,4,45000,0.0,27888.18,180000.0,111552.72,68447.28
ORD07332,2024-02-08,C0275,Gaming Mouse,Accessories,Mahebourg,South,1,2200,0.15,1554.38,1870.0,1554.38,315.62
ORD07333,2024-08-23,C0330,Printer,Office,Black River,West,1,9500,0.0,7386.19,9500.0,7386.19,2113.81
ORD07334,2025-05-02,C0162,Office Chair,Furniture,Pamplemousses,North,2,8500,0.05,5909.62,16150.0,11819.24,4330.76
ORD07335,2025-03-09,C0204,Office Chair,Furniture,Mahebourg,South,2,8500,0.05,5327.57,16150.0,10655.14,5494.86
ORD07336,2024-09-10,C0310,Tablet Air,Electronics,Curepipe,South,1,18000,0.05,10116.26,17100.0,10116.26,6983.74
ORD07337,2024-06-29,C0013,Monitor 27,Electronics,Port Louis,North,2,12000,0.0,8313.89,24000.0,16627.78,7372.22
ORD07338,2024-11-03,C0238,Tablet Air,Electronics,Mahebourg,South,2,18000,0.0,11208.21,36000.0,22416.42,13583.58
ORD07339,2024-01-27,C0130,Office Chair,Furniture,Mahebourg,South,2,8500,0.0,6211.52,17000.0,12423.04,4576.96
ORD07340,2024-06-22,C0270,Office Chair,Furniture,Pamplemousses,North,4,8500,0.0,6081.83,34000.0,24327.32,9672.68
ORD07341,2025-05-11,C0074,Monitor 27,Electronics,Mahebourg,South,2,12000,0.0,7369.98,24000.0,14739.96,9260.04
ORD07342,2024-07-29,C0441,Tablet Air,Electronics,Curepipe,South,1,18000,0.0,10222.74,18000.0,10222.74,7777.26
ORD07343,2025-11-19,C0330,Mechanical Keyboard,Accessories,Flacq,East,2,4200,0.0,2974.11,8400.0,5948.22,2451.78
ORD07344,2024-11-18,C0467,Tablet Air,Electronics,Port Louis,North,2,18000,0.0,12583.06,36000.0,25166.12,10833.88
ORD07345,2025-11-28,C0131,Office Chair,Furniture,Black River,West,1,8500,0.05,6036.16,8075.0,6036.16,2038.84
ORD07346,2025-10-15,C0078,Laptop Pro 14,Electronics,Port Louis,North,2,45000,0.1,32844.77,81000.0,65689.54,15310.46
ORD07347,2025-04-09,C0462,USB-C Hub,Accessories,Port Louis,North,1,1800,0.05,1341.96,1710.0,1341.96,368.04
ORD07348,2024-08-26,C0163,Smartphone X,Electronics,Mahebourg,South,1,28000,0.0,18813.07,28000.0,18813.07,9186.93
ORD07349,2024-08-28,C0015,Monitor 27,Electronics,Curepipe,South,1,12000,0.0,9172.92,12000.0,9172.92,2827.08
ORD07350,2024-08-16,C0293,Wireless Headphones,Accessories,Black River,West,1,6500,0.05,3590.4,6175.0,3590.4,2584.6
ORD07351,2024-08-27,C0233,Standing Desk,Furniture,Centre de Flacq,East,4,15000,0.05,11508.8,57000.0,46035.2,10964.8
ORD07352,2024-01-08,C0301,Office Lamp,Office,Quatre Bornes,West,1,1800,0.05,1171.65,1710.0,1171.65,538.35
ORD07353,2024-08-24,C0122,USB-C Hub,Accessories,Black River,West,2,1800,0.0,1169.71,3600.0,2339.42,1260.58
ORD07354,2024-07-03,C0208,Smartphone X,Electronics,Port Louis,North,1,28000,0.0,15661.97,28000.0,15661.97,12338.03
ORD07355,2024-05-11,C0282,Smartphone X,Electronics,Pamplemousses,North,1,28000,0.05,16208.25,26600.0,16208.25,10391.75
ORD07356,2025-11-09,C0047,Standing Desk,Furniture,Pamplemousses,North,1,15000,0.0,8805.01,15000.0,8805.01,6194.99
ORD07357,2025-05-04,C0287,Tablet Air,Electronics,Centre de Flacq,East,3,18000,0.0,10461.11,54000.0,31383.33,22616.67
ORD07358,2024-08-15,C0457,Gaming Mouse,Accessories,Curepipe,South,1,2200,0.0,1524.72,2200.0,1524.72,675.28
ORD07359,2025-03-12,C0473,Wireless Headphones,Accessories,Curepipe,South,1,6500,0.05,4708.14,6175.0,4708.14,1466.86
ORD07360,2024-09-25,C0341,Office Lamp,Office,Quatre Bornes,West,1,1800,0.1,1317.12,1620.0,1317.12,302.88
ORD07361,2025-06-22,C0038,Office Lamp,Office,Flacq,East,2,1800,0.0,1134.91,3600.0,2269.82,1330.18
ORD07362,2025-07-24,C0171,Monitor 27,Electronics,Centre de Flacq,East,1,12000,0.05,7746.55,11400.0,7746.55,3653.45
ORD07363,2024-12-12,C0182,Standing Desk,Furniture,Centre de Flacq,East,1,15000,0.05,10097.0,14250.0,10097.0,4153.0
ORD07364,2025-12-31,C0286,Laptop Pro 14,Electronics,Port Louis,North,3,45000,0.1,29827.41,121500.0,89482.23,32017.77
ORD07365,2024-06-05,C0041,Wireless Headphones,Accessories,Curepipe,South,3,6500,0.05,4791.63,18525.0,14374.89,4150.11
ORD07366,2024-03-04,C0236,Office Lamp,Office,Mahebourg,South,1,1800,0.0,1053.22,1800.0,1053.22,746.78
ORD07367,2025-04-15,C0494,Office Chair,Furniture,Black River,West,1,8500,0.05,6284.71,8075.0,6284.71,1790.29
ORD07368,2025-12-23,C0344,Smartphone X,Electronics,Quatre Bornes,West,1,28000,0.1,19790.13,25200.0,19790.13,5409.87
ORD07369,2024-12-23,C0452,Office Lamp,Office,Mahebourg,South,2,1800,0.0,1064.43,3600.0,2128.86,1471.14
ORD07370,2025-08-17,C0450,Monitor 27,Electronics,Port Louis,North,1,12000,0.0,9016.11,12000.0,9016.11,2983.89
ORD07371,2025-04-24,C0282,Wireless Headphones,Accessories,Mahebourg,South,2,6500,0.0,4564.61,13000.0,9129.22,3870.78
ORD07372,2024-09-26,C0158,Tablet Air,Electronics,Mahebourg,South,2,18000,0.0,12486.13,36000.0,24972.26,11027.74
ORD07373,2024-02-11,C0054,Mechanical Keyboard,Accessories,Mahebourg,South,1,4200,0.05,2342.47,3990.0,2342.47,1647.53
ORD07374,2025-01-06,C0323,Gaming Mouse,Accessories,Flacq,East,2,2200,0.1,1652.47,3960.0,3304.94,655.06
ORD07375,2024-10-20,C0267,Smartphone X,Electronics,Pamplemousses,North,1,28000,0.0,19443.35,28000.0,19443.35,8556.65
ORD07376,2024-12-03,C0095,Office Lamp,Office,Port Louis,North,2,1800,0.1,1278.86,3240.0,2557.72,682.28
ORD07377,2025-11-28,C0178,Tablet Air,Electronics,Flacq,East,2,18000,0.0,10385.26,36000.0,20770.52,15229.48
ORD07378,2024-12-09,C0262,Standing Desk,Furniture,Quatre Bornes,West,2,15000,0.0,9660.98,30000.0,19321.96,10678.04
ORD07379,2025-10-25,C0328,USB-C Hub,Accessories,Flacq,East,1,1800,0.0,1072.44,1800.0,1072.44,727.56
ORD07380,2024-07-30,C0290,Standing Desk,Furniture,Black River,West,1,15000,0.0,10432.36,15000.0,10432.36,4567.64
ORD07381,2024-11-25,C0346,Tablet Air,Electronics,Port Louis,North,2,18000,0.0,13035.84,36000.0,26071.68,9928.32
ORD07382,2025-11-27,C0429,Wireless Headphones,Accessories,Quatre Bornes,West,4,6500,0.1,4372.53,23400.0,17490.12,5909.88
ORD07383,2025-02-16,C0442,Office Lamp,Office,Curepipe,South,1,1800,0.15,1399.15,1530.0,1399.15,130.85
ORD07384,2024-08-30,C0463,Standing Desk,Furniture,Centre de Flacq,East,1,15000,0.0,8299.27,15000.0,8299.27,6700.73
ORD07385,2025-04-13,C0123,Mechanical Keyboard,Accessories,Pamplemousses,North,1,4200,0.0,2313.51,4200.0,2313.51,1886.49
ORD07386,2025-06-18,C0468,Monitor 27,Electronics,Quatre Bornes,West,1,12000,0.1,8993.33,10800.0,8993.33,1806.67
ORD07387,2024-07-01,C0227,Laptop Pro 14,Electronics,Quatre Bornes,West,1,45000,0.05,32782.14,42750.0,32782.14,9967.86
ORD07388,2025-01-02,C0263,Monitor 27,Electronics,Quatre Bornes,West,2,12000,0.0,9305.49,24000.0,18610.98,5389.02
ORD07389,2024-02-15,C0159,Gaming Mouse,Accessories,Black River,West,1,2200,0.0,1435.55,2200.0,1435.55,764.45
ORD07390,2024-08-24,C0139,Office Lamp,Office,Curepipe,South,1,1800,0.1,994.86,1620.0,994.86,625.14
ORD07391,2025-08-20,C0394,Monitor 27,Electronics,Pamplemousses,North,1,12000,0.1,9186.5,10800.0,9186.5,1613.5
ORD07392,2025-03-15,C0370,Mechanical Keyboard,Accessories,Mahebourg,South,1,4200,0.0,2881.11,4200.0,2881.11,1318.89
ORD07393,2025-01-12,C0190,Office Chair,Furniture,Port Louis,North,1,8500,0.05,6190.86,8075.0,6190.86,1884.14
ORD07394,2025-07-08,C0359,Office Chair,Furniture,Pamplemousses,North,2,8500,0.0,4838.34,17000.0,9676.68,7323.32
ORD07395,2024-02-11,C0422,Standing Desk,Furniture,Mahebourg,South,1,15000,0.05,10563.47,14250.0,10563.47,3686.53
ORD07396,2025-11-09,C0460,Monitor 27,Electronics,Black River,West,3,12000,0.0,8569.65,36000.0,25708.95,10291.05
ORD07397,2024-05-28,C0001,Gaming Mouse,Accessories,Port Louis,North,3,2200,0.0,1310.81,6600.0,3932.43,2667.57
ORD07398,2024-02-29,C0007,Printer,Office,Port Louis,North,4,9500,0.05,6937.84,36100.0,27751.36,8348.64
ORD07399,2025-01-25,C0374,Office Chair,Furniture,Curepipe,South,2,8500,0.0,6357.24,17000.0,12714.48,4285.52
ORD07400,2024-05-22,C0432,Printer,Office,Quatre Bornes,West,1,9500,0.0,6202.11,9500.0,6202.11,3297.89
ORD07401,2024-01-03,C0272,Printer,Office,Curepipe,South,1,9500,0.0,7111.65,9500.0,7111.65,2388.35
ORD07402,2024-01-17,C0345,Monitor 27,Electronics,Black River,West,1,12000,0.0,6838.04,12000.0,6838.04,5161.96
ORD07403,2025-08-26,C0048,Smartphone X,Electronics,Pamplemousses,North,2,28000,0.15,18647.15,47600.0,37294.3,10305.7
ORD07404,2025-07-30,C0491,Tablet Air,Electronics,Port Louis,North,1,18000,0.0,11012.2,18000.0,11012.2,6987.8
ORD07405,2024-12-18,C0082,Laptop Pro 14,Electronics,Mahebourg,South,1,45000,0.0,27115.02,45000.0,27115.02,17884.98
ORD07406,2025-04-24,C0057,Office Chair,Furniture,Quatre Bornes,West,2,8500,0.0,6180.73,17000.0,12361.46,4638.54
ORD07407,2025-11-11,C0369,Mechanical Keyboard,Accessories,Port Louis,North,1,4200,0.05,2599.23,3990.0,2599.23,1390.77
ORD07408,2024-08-05,C0163,Smartphone X,Electronics,Quatre Bornes,West,1,28000,0.0,19213.26,28000.0,19213.26,8786.74
ORD07409,2024-12-19,C0181,Wireless Headphones,Accessories,Mahebourg,South,3,6500,0.1,4615.09,17550.0,13845.27,3704.73
ORD07410,2024-05-07,C0488,Tablet Air,Electronics,Curepipe,South,1,18000,0.05,10300.94,17100.0,10300.94,6799.06
ORD07411,2025-04-28,C0318,Smartphone X,Electronics,Curepipe,South,1,28000,0.0,16739.27,28000.0,16739.27,11260.73
ORD07412,2024-02-08,C0438,USB-C Hub,Accessories,Pamplemousses,North,1,1800,0.0,1346.69,1800.0,1346.69,453.31
ORD07413,2024-05-02,C0420,Mechanical Keyboard,Accessories,Flacq,East,1,4200,0.1,2449.75,3780.0,2449.75,1330.25
ORD07414,2025-06-20,C0177,Smartphone X,Electronics,Flacq,East,1,28000,0.0,17280.33,28000.0,17280.33,10719.67
ORD07415,2024-10-12,C0370,Printer,Office,Quatre Bornes,West,2,9500,0.0,5728.95,19000.0,11457.9,7542.1
ORD07416,2024-03-17,C0152,Printer,Office,Flacq,East,2,9500,0.05,6213.45,18050.0,12426.9,5623.1
ORD07417,2024-04-04,C0283,Standing Desk,Furniture,Quatre Bornes,West,1,15000,0.0,11089.07,15000.0,11089.07,3910.93
ORD07418,2024-12-10,C0482,Mechanical Keyboard,Accessories,Curepipe,South,2,4200,0.05,2696.5,7980.0,5393.0,2587.0
ORD07419,2025-01-14,C0203,Gaming Mouse,Accessories,Curepipe,South,4,2200,0.0,1710.22,8800.0,6840.88,1959.12
ORD07420,2025-02-16,C0375,Monitor 27,Electronics,Pamplemousses,North,1,12000,0.0,6811.98,12000.0,6811.98,5188.02
ORD07421,2024-04-25,C0121,Gaming Mouse,Accessories,Curepipe,South,1,2200,0.15,1296.92,1870.0,1296.92,573.08
ORD07422,2025-10-01,C0367,Monitor 27,Electronics,Mahebourg,South,4,12000,0.05,6630.91,45600.0,26523.64,19076.36
ORD07423,2024-08-08,C0123,Standing Desk,Furniture,Quatre Bornes,West,1,15000,0.0,10256.1,15000.0,10256.1,4743.9
ORD07424,2024-10-11,C0453,Office Chair,Furniture,Centre de Flacq,East,1,8500,0.1,6453.03,7650.0,6453.03,1196.97
ORD07425,2024-09-17,C0083,Standing Desk,Furniture,Port Louis,North,1,15000,0.0,8334.81,15000.0,8334.81,6665.19
ORD07426,2025-03-15,C0085,Mechanical Keyboard,Accessories,Port Louis,North,2,4200,0.0,2388.47,8400.0,4776.94,3623.06
ORD07427,2024-10-19,C0059,Wireless Headphones,Accessories,Port Louis,North,1,6500,0.0,3735.81,6500.0,3735.81,2764.19
ORD07428,2025-02-15,C0275,Gaming Mouse,Accessories,Port Louis,North,1,2200,0.05,1257.99,2090.0,1257.99,832.01
ORD07429,2024-02-05,C0239,Office Lamp,Office,Flacq,East,1,1800,0.0,1073.79,1800.0,1073.79,726.21
ORD07430,2024-10-24,C0033,Mechanical Keyboard,Accessories,Pamplemousses,North,1,4200,0.0,2581.82,4200.0,2581.82,1618.18
ORD07431,2024-01-28,C0018,Standing Desk,Furniture,Black River,West,2,15000,0.1,8597.63,27000.0,17195.26,9804.74
ORD07432,2024-07-31,C0177,Monitor 27,Electronics,Pamplemousses,North,2,12000,0.05,8094.48,22800.0,16188.96,6611.04
ORD07433,2024-05-10,C0028,Smartphone X,Electronics,Black River,West,2,28000,0.0,19336.35,56000.0,38672.7,17327.3
ORD07434,2025-05-01,C0412,Mechanical Keyboard,Accessories,Quatre Bornes,West,2,4200,0.0,2324.56,8400.0,4649.12,3750.88
ORD07435,2024-11-26,C0305,Laptop Pro 14,Electronics,Centre de Flacq,East,1,45000,0.15,28308.41,38250.0,28308.41,9941.59
ORD07436,2024-05-16,C0101,Laptop Pro 14,Electronics,Port Louis,North,2,45000,0.05,26536.96,85500.0,53073.92,32426.08
ORD07437,2024-09-23,C0289,Gaming Mouse,Accessories,Quatre Bornes,West,1,2200,0.0,1597.26,2200.0,1597.26,602.74
ORD07438,2024-11-20,C0281,Standing Desk,Furniture,Flacq,East,1,15000,0.05,8626.05,14250.0,8626.05,5623.95
ORD07439,2025-09-08,C0457,Office Lamp,Office,Black River,West,4,1800,0.0,1195.29,7200.0,4781.16,2418.84
ORD07440,2025-06-09,C0031,USB-C Hub,Accessories,Black River,West,1,1800,0.0,1300.36,1800.0,1300.36,499.64
ORD07441,2024-10-05,C0008,Tablet Air,Electronics,Flacq,East,1,18000,0.05,12798.71,17100.0,12798.71,4301.29
ORD07442,2025-10-23,C0479,Office Chair,Furniture,Quatre Bornes,West,2,8500,0.0,5308.41,17000.0,10616.82,6383.18
ORD07443,2024-09-17,C0421,Gaming Mouse,Accessories,Pamplemousses,North,1,2200,0.05,1382.76,2090.0,1382.76,707.24
ORD07444,2024-05-28,C0498,Printer,Office,Pamplemousses,North,1,9500,0.05,6923.97,9025.0,6923.97,2101.03
ORD07445,2024-10-18,C0228,USB-C Hub,Accessories,Port Louis,North,2,1800,0.0,1085.08,3600.0,2170.16,1429.84
ORD07446,2025-09-01,C0007,Standing Desk,Furniture,Black River,West,3,15000,0.05,9088.75,42750.0,27266.25,15483.75
ORD07447,2025-07-18,C0360,Gaming Mouse,Accessories,Quatre Bornes,West,2,2200,0.05,1620.54,4180.0,3241.08,938.92
ORD07448,2025-09-18,C0416,Mechanical Keyboard,Accessories,Port Louis,North,1,4200,0.05,2499.68,3990.0,2499.68,1490.32
ORD07449,2024-07-04,C0462,Smartphone X,Electronics,Centre de Flacq,East,1,28000,0.15,21518.78,23800.0,21518.78,2281.22
ORD07450,2024-08-13,C0123,Office Lamp,Office,Black River,West,1,1800,0.0,1221.53,1800.0,1221.53,578.47
ORD07451,2025-09-05,C0288,Laptop Pro 14,Electronics,Mahebourg,South,1,45000,0.05,32014.46,42750.0,32014.46,10735.54
ORD07452,2025-01-01,C0030,Wireless Headphones,Accessories,Flacq,East,2,6500,0.05,4749.36,12350.0,9498.72,2851.28
ORD07453,2024-07-15,C0044,Printer,Office,Port Louis,North,1,9500,0.0,6891.89,9500.0,6891.89,2608.11
ORD07454,2024-03-01,C0311,Monitor 27,Electronics,Port Louis,North,1,12000,0.0,6773.01,12000.0,6773.01,5226.99
ORD07455,2024-11-08,C0174,Monitor 27,Electronics,Centre de Flacq,East,1,12000,0.1,8538.04,10800.0,8538.04,2261.96
ORD07456,2025-09-22,C0234,Tablet Air,Electronics,Port Louis,North,2,18000,0.0,11345.64,36000.0,22691.28,13308.72
ORD07457,2024-12-16,C0089,Wireless Headphones,Accessories,Port Louis,North,4,6500,0.05,4741.18,24700.0,18964.72,5735.28
ORD07458,2025-01-22,C0175,Tablet Air,Electronics,Port Louis,North,1,18000,0.1,10339.45,16200.0,10339.45,5860.55
ORD07459,2024-10-23,C0390,Office Chair,Furniture,Port Louis,North,2,8500,0.05,5845.23,16150.0,11690.46,4459.54
ORD07460,2025-11-05,C0195,Laptop Pro 14,Electronics,Pamplemousses,North,2,45000,0.0,29917.64,90000.0,59835.28,30164.72
ORD07461,2025-04-23,C0272,Laptop Pro 14,Electronics,Centre de Flacq,East,1,45000,0.0,28037.92,45000.0,28037.92,16962.08
ORD07462,2025-06-16,C0417,Monitor 27,Electronics,Quatre Bornes,West,1,12000,0.15,8538.57,10200.0,8538.57,1661.43
ORD07463,2024-12-24,C0315,Mechanical Keyboard,Accessories,Black River,West,1,4200,0.0,2765.02,4200.0,2765.02,1434.98
ORD07464,2024-10-17,C0327,Gaming Mouse,Accessories,Quatre Bornes,West,1,2200,0.1,1448.03,1980.0,1448.03,531.97
ORD07465,2024-04-30,C0335,Laptop Pro 14,Electronics,Centre de Flacq,East,1,45000,0.0,27688.97,45000.0,27688.97,17311.03
ORD07466,2024-02-19,C0337,Laptop Pro 14,Electronics,Centre de Flacq,East,1,45000,0.05,29938.8,42750.0,29938.8,12811.2
ORD07467,2025-08-12,C0232,Office Lamp,Office,Pamplemousses,North,1,1800,0.1,1234.89,1620.0,1234.89,385.11
ORD07468,2025-06-26,C0145,Printer,Office,Mahebourg,South,2,9500,0.1,7328.27,17100.0,14656.54,2443.46
ORD07469,2025-06-12,C0025,Office Chair,Furniture,Curepipe,South,1,8500,0.0,4925.97,8500.0,4925.97,3574.03
ORD07470,2024-03-18,C0464,Office Lamp,Office,Quatre Bornes,West,1,1800,0.0,1227.41,1800.0,1227.41,572.59
ORD07471,2024-10-31,C0167,Printer,Office,Port Louis,North,3,9500,0.0,7164.18,28500.0,21492.54,7007.46
ORD07472,2025-09-13,C0003,Monitor 27,Electronics,Mahebourg,South,1,12000,0.05,8521.54,11400.0,8521.54,2878.46
ORD07473,2025-06-06,C0086,Standing Desk,Furniture,Flacq,East,1,15000,0.0,10292.88,15000.0,10292.88,4707.12
ORD07474,2024-10-24,C0223,Monitor 27,Electronics,Mahebourg,South,2,12000,0.1,7301.72,21600.0,14603.44,6996.56
ORD07475,2024-01-15,C0302,Smartphone X,Electronics,Black River,West,1,28000,0.15,18227.08,23800.0,18227.08,5572.92
ORD07476,2025-01-31,C0223,Laptop Pro 14,Electronics,Quatre Bornes,West,2,45000,0.0,34876.52,90000.0,69753.04,20246.96
ORD07477,2025-01-21,C0227,Gaming Mouse,Accessories,Quatre Bornes,West,1,2200,0.0,1485.09,2200.0,1485.09,714.91
ORD07478,2024-04-13,C0207,Wireless Headphones,Accessories,Black River,West,2,6500,0.0,4098.73,13000.0,8197.46,4802.54
ORD07479,2024-01-10,C0096,Laptop Pro 14,Electronics,Flacq,East,2,45000,0.05,32411.46,85500.0,64822.92,20677.08
ORD07480,2025-03-14,C0415,Office Chair,Furniture,Centre de Flacq,East,2,8500,0.0,5336.95,17000.0,10673.9,6326.1
ORD07481,2024-05-10,C0220,Laptop Pro 14,Electronics,Quatre Bornes,West,1,45000,0.0,27821.89,45000.0,27821.89,17178.11
ORD07482,2024-12-27,C0318,Monitor 27,Electronics,Centre de Flacq,East,2,12000,0.05,8523.63,22800.0,17047.26,5752.74
ORD07483,2025-08-30,C0044,Mechanical Keyboard,Accessories,Centre de Flacq,East,1,4200,0.0,3258.51,4200.0,3258.51,941.49
ORD07484,2024-08-23,C0489,Standing Desk,Furniture,Port Louis,North,3,15000,0.15,10763.32,38250.0,32289.96,5960.04
ORD07485,2024-07-18,C0153,Tablet Air,Electronics,Port Louis,North,4,18000,0.1,13763.07,64800.0,55052.28,9747.72
ORD07486,2024-10-21,C0194,Smartphone X,Electronics,Pamplemousses,North,1,28000,0.0,16469.04,28000.0,16469.04,11530.96
ORD07487,2024-09-06,C0049,Mechanical Keyboard,Accessories,Quatre Bornes,West,1,4200,0.05,2347.91,3990.0,2347.91,1642.09
ORD07488,2025-02-25,C0060,Office Lamp,Office,Flacq,East,1,1800,0.0,1055.77,1800.0,1055.77,744.23
ORD07489,2024-07-17,C0479,Laptop Pro 14,Electronics,Port Louis,North,1,45000,0.05,33558.13,42750.0,33558.13,9191.87
ORD07490,2025-01-28,C0294,Office Chair,Furniture,Curepipe,South,1,8500,0.0,6598.39,8500.0,6598.39,1901.61
ORD07491,2024-08-02,C0266,Standing Desk,Furniture,Mahebourg,South,1,15000,0.0,9031.32,15000.0,9031.32,5968.68
ORD07492,2024-10-11,C0469,Smartphone X,Electronics,Flacq,East,1,28000,0.15,19852.67,23800.0,19852.67,3947.33
ORD07493,2024-12-13,C0304,USB-C Hub,Accessories,Curepipe,South,1,1800,0.15,1038.83,1530.0,1038.83,491.17
ORD07494,2025-11-08,C0481,Mechanical Keyboard,Accessories,Centre de Flacq,East,2,4200,0.0,2575.34,8400.0,5150.68,3249.32
ORD07495,2025-05-05,C0001,USB-C Hub,Accessories,Quatre Bornes,West,1,1800,0.0,1243.49,1800.0,1243.49,556.51
ORD07496,2024-06-07,C0030,Tablet Air,Electronics,Mahebourg,South,2,18000,0.0,10235.12,36000.0,20470.24,15529.76
ORD07497,2024-04-15,C0088,Office Chair,Furniture,Centre de Flacq,East,2,8500,0.0,5030.23,17000.0,10060.46,6939.54
ORD07498,2024-11-05,C0399,Laptop Pro 14,Electronics,Port Louis,North,1,45000,0.1,33911.0,40500.0,33911.0,6589.0
ORD07499,2024-04-16,C0376,Tablet Air,Electronics,Black River,West,1,18000,0.0,11686.29,18000.0,11686.29,6313.71
ORD07500,2025-10-30,C0291,Gaming Mouse,Accessories,Pamplemousses,North,2,2200,0.0,1320.61,4400.0,2641.22,1758.78
ORD07501,2025-07-15,C0211,Office Lamp,Office,Port Louis,North,2,1800,0.05,1105.73,3420.0,2211.46,1208.54
ORD07502,2025-03-04,C0317,Gaming Mouse,Accessories,Black River,West,2,2200,0.15,1679.25,3740.0,3358.5,381.5
ORD07503,2025-09-21,C0474,Printer,Office,Pamplemousses,North,2,9500,0.05,6749.76,18050.0,13499.52,4550.48
ORD07504,2025-06-05,C0207,Office Chair,Furniture,Mahebourg,South,2,8500,0.1,5836.36,15300.0,11672.72,3627.28
ORD07505,2025-02-25,C0350,Mechanical Keyboard,Accessories,Pamplemousses,North,1,4200,0.0,2566.05,4200.0,2566.05,1633.95
ORD07506,2024-03-16,C0189,Office Chair,Furniture,Black River,West,1,8500,0.15,6496.42,7225.0,6496.42,728.58
ORD07507,2025-08-28,C0313,Monitor 27,Electronics,Curepipe,South,1,12000,0.0,7541.49,12000.0,7541.49,4458.51
ORD07508,2024-04-09,C0461,Office Lamp,Office,Black River,West,1,1800,0.05,1000.32,1710.0,1000.32,709.68
ORD07509,2024-01-01,C0125,USB-C Hub,Accessories,Mahebourg,South,1,1800,0.0,997.05,1800.0,997.05,802.95
ORD07510,2025-03-07,C0224,Office Chair,Furniture,Mahebourg,South,1,8500,0.0,6131.91,8500.0,6131.91,2368.09
ORD07511,2025-12-31,C0155,Mechanical Keyboard,Accessories,Curepipe,South,1,4200,0.05,3270.39,3990.0,3270.39,719.61
ORD07512,2025-04-26,C0327,USB-C Hub,Accessories,Port Louis,North,1,1800,0.0,1089.76,1800.0,1089.76,710.24
ORD07513,2024-02-23,C0223,Standing Desk,Furniture,Pamplemousses,North,2,15000,0.15,9577.46,25500.0,19154.92,6345.08
ORD07514,2024-04-17,C0363,Office Lamp,Office,Centre de Flacq,East,2,1800,0.05,1364.85,3420.0,2729.7,690.3
ORD07515,2024-09-24,C0222,Standing Desk,Furniture,Pamplemousses,North,1,15000,0.1,11379.03,13500.0,11379.03,2120.97
ORD07516,2025-04-04,C0311,Office Chair,Furniture,Port Louis,North,1,8500,0.1,5094.42,7650.0,5094.42,2555.58
ORD07517,2025-06-11,C0068,Printer,Office,Pamplemousses,North,1,9500,0.1,6705.6,8550.0,6705.6,1844.4
ORD07518,2025-03-02,C0042,Laptop Pro 14,Electronics,Flacq,East,1,45000,0.0,30331.39,45000.0,30331.39,14668.61
ORD07519,2024-07-22,C0057,Standing Desk,Furniture,Pamplemousses,North,1,15000,0.0,11318.4,15000.0,11318.4,3681.6
ORD07520,2024-12-04,C0391,Standing Desk,Furniture,Mahebourg,South,1,15000,0.0,11398.26,15000.0,11398.26,3601.74
ORD07521,2024-12-07,C0308,Wireless Headphones,Accessories,Curepipe,South,2,6500,0.0,4050.22,13000.0,8100.44,4899.56
ORD07522,2025-10-10,C0114,Gaming Mouse,Accessories,Pamplemousses,North,1,2200,0.0,1617.22,2200.0,1617.22,582.78
ORD07523,2024-10-27,C0030,Office Lamp,Office,Mahebourg,South,2,1800,0.0,1085.6,3600.0,2171.2,1428.8
ORD07524,2024-09-12,C0214,Monitor 27,Electronics,Black River,West,1,12000,0.0,6949.46,12000.0,6949.46,5050.54
ORD07525,2025-10-27,C0309,USB-C Hub,Accessories,Port Louis,North,2,1800,0.1,1344.42,3240.0,2688.84,551.16
ORD07526,2025-04-29,C0449,Monitor 27,Electronics,Flacq,East,2,12000,0.1,8814.14,21600.0,17628.28,3971.72
ORD07527,2025-01-14,C0394,Mechanical Keyboard,Accessories,Black River,West,1,4200,0.1,2336.75,3780.0,2336.75,1443.25
ORD07528,2024-08-08,C0498,Office Lamp,Office,Mahebourg,South,1,1800,0.1,1356.8,1620.0,1356.8,263.2
ORD07529,2025-09-07,C0178,Office Chair,Furniture,Port Louis,North,2,8500,0.1,5904.31,15300.0,11808.62,3491.38
ORD07530,2024-01-27,C0491,Tablet Air,Electronics,Flacq,East,1,18000,0.0,12812.93,18000.0,12812.93,5187.07
ORD07531,2024-06-12,C0227,Laptop Pro 14,Electronics,Pamplemousses,North,1,45000,0.0,25488.13,45000.0,25488.13,19511.87
ORD07532,2024-12-31,C0463,USB-C Hub,Accessories,Curepipe,South,1,1800,0.05,1317.53,1710.0,1317.53,392.47
ORD07533,2024-03-15,C0097,Mechanical Keyboard,Accessories,Quatre Bornes,West,1,4200,0.0,3264.15,4200.0,3264.15,935.85
ORD07534,2024-12-30,C0327,Laptop Pro 14,Electronics,Quatre Bornes,West,2,45000,0.05,31051.68,85500.0,62103.36,23396.64
ORD07535,2025-02-02,C0225,Gaming Mouse,Accessories,Quatre Bornes,West,1,2200,0.1,1565.48,1980.0,1565.48,414.52
ORD07536,2025-09-20,C0345,Monitor 27,Electronics,Mahebourg,South,1,12000,0.0,7810.87,12000.0,7810.87,4189.13
ORD07537,2025-04-04,C0049,Office Lamp,Office,Port Louis,North,1,1800,0.0,1371.51,1800.0,1371.51,428.49
ORD07538,2024-02-29,C0015,Tablet Air,Electronics,Black River,West,1,18000,0.05,13303.46,17100.0,13303.46,3796.54
ORD07539,2025-07-02,C0409,Tablet Air,Electronics,Mahebourg,South,1,18000,0.05,11061.01,17100.0,11061.01,6038.99
ORD07540,2025-12-20,C0245,Laptop Pro 14,Electronics,Quatre Bornes,West,2,45000,0.0,29956.66,90000.0,59913.32,30086.68
ORD07541,2024-04-08,C0083,Gaming Mouse,Accessories,Centre de Flacq,East,1,2200,0.0,1230.47,2200.0,1230.47,969.53
ORD07542,2024-08-29,C0438,USB-C Hub,Accessories,Port Louis,North,1,1800,0.0,1209.28,1800.0,1209.28,590.72
ORD07543,2025-07-23,C0293,Gaming Mouse,Accessories,Curepipe,South,1,2200,0.05,1307.85,2090.0,1307.85,782.15
ORD07544,2025-08-09,C0190,Monitor 27,Electronics,Port Louis,North,2,12000,0.1,8508.27,21600.0,17016.54,4583.46
ORD07545,2024-06-26,C0093,Standing Desk,Furniture,Pamplemousses,North,2,15000,0.05,10279.58,28500.0,20559.16,7940.84
ORD07546,2025-07-11,C0157,Tablet Air,Electronics,Port Louis,North,1,18000,0.0,10139.87,18000.0,10139.87,7860.13
ORD07547,2024-11-03,C0149,Standing Desk,Furniture,Mahebourg,South,1,15000,0.0,8917.33,15000.0,8917.33,6082.67
ORD07548,2024-06-16,C0080,Office Lamp,Office,Quatre Bornes,West,1,1800,0.0,1153.04,1800.0,1153.04,646.96
ORD07549,2024-01-31,C0230,Gaming Mouse,Accessories,Curepipe,South,3,2200,0.0,1548.28,6600.0,4644.84,1955.16
ORD07550,2024-11-09,C0097,Wireless Headphones,Accessories,Pamplemousses,North,1,6500,0.15,4762.02,5525.0,4762.02,762.98
ORD07551,2024-05-24,C0382,Office Lamp,Office,Pamplemousses,North,1,1800,0.05,1067.33,1710.0,1067.33,642.67
ORD07552,2025-03-28,C0234,Monitor 27,Electronics,Flacq,East,2,12000,0.1,8587.46,21600.0,17174.92,4425.08
ORD07553,2025-07-01,C0049,Monitor 27,Electronics,Quatre Bornes,West,4,12000,0.15,6903.28,40800.0,27613.12,13186.88
ORD07554,2025-07-23,C0205,Office Chair,Furniture,Port Louis,North,2,8500,0.1,5945.77,15300.0,11891.54,3408.46
ORD07555,2024-05-26,C0485,Printer,Office,Curepipe,South,1,9500,0.15,6009.9,8075.0,6009.9,2065.1
ORD07556,2025-05-18,C0261,Smartphone X,Electronics,Curepipe,South,1,28000,0.0,16607.33,28000.0,16607.33,11392.67
ORD07557,2025-11-26,C0105,Printer,Office,Port Louis,North,1,9500,0.0,5518.28,9500.0,5518.28,3981.72
ORD07558,2024-12-19,C0219,Standing Desk,Furniture,Centre de Flacq,East,1,15000,0.0,10789.25,15000.0,10789.25,4210.75
ORD07559,2024-01-21,C0442,Office Lamp,Office,Centre de Flacq,East,1,1800,0.0,1099.53,1800.0,1099.53,700.47
ORD07560,2024-11-25,C0492,Office Lamp,Office,Mahebourg,South,1,1800,0.0,1383.38,1800.0,1383.38,416.62
ORD07561,2025-08-17,C0443,Smartphone X,Electronics,Port Louis,North,1,28000,0.05,17414.5,26600.0,17414.5,9185.5
ORD07562,2025-05-27,C0254,Office Chair,Furniture,Quatre Bornes,West,1,8500,0.05,5562.82,8075.0,5562.82,2512.18
ORD07563,2024-05-18,C0341,Office Lamp,Office,Pamplemousses,North,1,1800,0.0,1183.46,1800.0,1183.46,616.54
ORD07564,2025-02-19,C0124,Office Lamp,Office,Black River,West,2,1800,0.05,1396.09,3420.0,2792.18,627.82
ORD07565,2024-08-25,C0075,Mechanical Keyboard,Accessories,Flacq,East,1,4200,0.05,2409.74,3990.0,2409.74,1580.26
ORD07566,2025-12-05,C0044,Monitor 27,Electronics,Curepipe,South,1,12000,0.0,7090.09,12000.0,7090.09,4909.91
ORD07567,2024-10-23,C0046,Mechanical Keyboard,Accessories,Pamplemousses,North,1,4200,0.0,3266.38,4200.0,3266.38,933.62
ORD07568,2025-01-26,C0191,Laptop Pro 14,Electronics,Quatre Bornes,West,1,45000,0.05,24791.69,42750.0,24791.69,17958.31
ORD07569,2024-05-18,C0294,Mechanical Keyboard,Accessories,Pamplemousses,North,2,4200,0.0,2978.62,8400.0,5957.24,2442.76
ORD07570,2024-08-10,C0370,Laptop Pro 14,Electronics,Quatre Bornes,West,1,45000,0.1,32922.28,40500.0,32922.28,7577.72
ORD07571,2025-10-15,C0495,Laptop Pro 14,Electronics,Flacq,East,1,45000,0.0,35026.23,45000.0,35026.23,9973.77
ORD07572,2024-07-24,C0329,USB-C Hub,Accessories,Curepipe,South,1,1800,0.0,1398.86,1800.0,1398.86,401.14
ORD07573,2024-05-30,C0159,USB-C Hub,Accessories,Curepipe,South,1,1800,0.1,1350.3,1620.0,1350.3,269.7
ORD07574,2024-07-02,C0192,Tablet Air,Electronics,Flacq,East,3,18000,0.0,13375.6,54000.0,40126.8,13873.2
ORD07575,2024-07-16,C0004,Wireless Headphones,Accessories,Black River,West,2,6500,0.0,4329.77,13000.0,8659.54,4340.46
ORD07576,2024-08-25,C0495,Mechanical Keyboard,Accessories,Port Louis,North,1,4200,0.0,2584.96,4200.0,2584.96,1615.04
ORD07577,2024-03-01,C0413,Wireless Headphones,Accessories,Port Louis,North,1,6500,0.0,3993.14,6500.0,3993.14,2506.86
ORD07578,2025-03-14,C0197,Monitor 27,Electronics,Curepipe,South,1,12000,0.05,9072.56,11400.0,9072.56,2327.44
ORD07579,2024-10-28,C0068,Standing Desk,Furniture,Black River,West,2,15000,0.0,11608.2,30000.0,23216.4,6783.6
ORD07580,2024-01-28,C0332,Printer,Office,Curepipe,South,2,9500,0.0,7031.03,19000.0,14062.06,4937.94
ORD07581,2025-03-14,C0107,Gaming Mouse,Accessories,Black River,West,1,2200,0.1,1331.17,1980.0,1331.17,648.83
ORD07582,2024-03-06,C0175,Standing Desk,Furniture,Port Louis,North,1,15000,0.05,11510.29,14250.0,11510.29,2739.71
ORD07583,2025-05-07,C0340,USB-C Hub,Accessories,Quatre Bornes,West,1,1800,0.0,1166.83,1800.0,1166.83,633.17
ORD07584,2025-04-30,C0233,Smartphone X,Electronics,Pamplemousses,North,1,28000,0.05,21045.35,26600.0,21045.35,5554.65
ORD07585,2025-01-20,C0353,Standing Desk,Furniture,Pamplemousses,North,1,15000,0.0,8730.39,15000.0,8730.39,6269.61
ORD07586,2025-11-30,C0383,Gaming Mouse,Accessories,Black River,West,1,2200,0.0,1406.52,2200.0,1406.52,793.48
ORD07587,2025-11-20,C0356,Smartphone X,Electronics,Black River,West,1,28000,0.0,16229.27,28000.0,16229.27,11770.73
ORD07588,2024-09-30,C0004,USB-C Hub,Accessories,Quatre Bornes,West,1,1800,0.0,1036.77,1800.0,1036.77,763.23
ORD07589,2025-11-05,C0292,Standing Desk,Furniture,Curepipe,South,1,15000,0.0,10796.03,15000.0,10796.03,4203.97
ORD07590,2025-03-14,C0482,Printer,Office,Curepipe,South,2,9500,0.0,5423.54,19000.0,10847.08,8152.92
ORD07591,2025-02-05,C0052,Smartphone X,Electronics,Curepipe,South,1,28000,0.05,19163.88,26600.0,19163.88,7436.12
ORD07592,2024-10-26,C0412,Office Lamp,Office,Mahebourg,South,1,1800,0.0,1056.64,1800.0,1056.64,743.36
ORD07593,2025-04-19,C0251,Office Chair,Furniture,Quatre Bornes,West,1,8500,0.1,4936.89,7650.0,4936.89,2713.11
ORD07594,2024-11-10,C0324,Monitor 27,Electronics,Curepipe,South,1,12000,0.1,8017.88,10800.0,8017.88,2782.12
ORD07595,2024-07-04,C0003,Laptop Pro 14,Electronics,Pamplemousses,North,1,45000,0.1,33298.99,40500.0,33298.99,7201.01
ORD07596,2024-02-20,C0155,Monitor 27,Electronics,Curepipe,South,1,12000,0.0,6730.71,12000.0,6730.71,5269.29
ORD07597,2025-06-25,C0277,Printer,Office,Pamplemousses,North,1,9500,0.0,5858.53,9500.0,5858.53,3641.47
ORD07598,2025-03-08,C0050,Monitor 27,Electronics,Quatre Bornes,West,1,12000,0.0,8974.57,12000.0,8974.57,3025.43
ORD07599,2024-08-06,C0215,Monitor 27,Electronics,Mahebourg,South,1,12000,0.0,7737.38,12000.0,7737.38,4262.62
ORD07600,2024-07-02,C0373,Gaming Mouse,Accessories,Mahebourg,South,1,2200,0.0,1241.62,2200.0,1241.62,958.38
ORD07601,2025-02-09,C0243,Office Chair,Furniture,Mahebourg,South,3,8500,0.05,6607.03,24225.0,19821.09,4403.91
ORD07602,2025-03-12,C0304,Gaming Mouse,Accessories,Port Louis,North,1,2200,0.1,1437.93,1980.0,1437.93,542.07
ORD07603,2024-06-15,C0233,Standing Desk,Furniture,Pamplemousses,North,1,15000,0.0,10840.89,15000.0,10840.89,4159.11
ORD07604,2024-12-15,C0408,Smartphone X,Electronics,Port Louis,North,1,28000,0.0,21641.84,28000.0,21641.84,6358.16
ORD07605,2025-08-04,C0006,Laptop Pro 14,Electronics,Flacq,East,1,45000,0.1,25274.75,40500.0,25274.75,15225.25
ORD07606,2024-02-03,C0219,Monitor 27,Electronics,Flacq,East,4,12000,0.05,8799.8,45600.0,35199.2,10400.8
ORD07607,2024-12-14,C0399,Printer,Office,Black River,West,3,9500,0.1,5692.56,25650.0,17077.68,8572.32
ORD07608,2025-03-04,C0076,Mechanical Keyboard,Accessories,Black River,West,1,4200,0.0,2649.8,4200.0,2649.8,1550.2
ORD07609,2024-12-08,C0086,Office Chair,Furniture,Black River,West,1,8500,0.05,6476.7,8075.0,6476.7,1598.3
ORD07610,2025-04-20,C0151,Gaming Mouse,Accessories,Quatre Bornes,West,2,2200,0.0,1592.61,4400.0,3185.22,1214.78
ORD07611,2025-01-25,C0104,Office Chair,Furniture,Quatre Bornes,West,2,8500,0.05,6214.7,16150.0,12429.4,3720.6
ORD07612,2025-04-08,C0208,Monitor 27,Electronics,Mahebourg,South,1,12000,0.0,9337.29,12000.0,9337.29,2662.71
ORD07613,2025-09-30,C0365,Standing Desk,Furniture,Curepipe,South,1,15000,0.0,11664.83,15000.0,11664.83,3335.17
ORD07614,2024-06-10,C0116,Wireless Headphones,Accessories,Mahebourg,South,1,6500,0.05,4079.0,6175.0,4079.0,2096.0
ORD07615,2024-02-05,C0313,Wireless Headphones,Accessories,Quatre Bornes,West,2,6500,0.1,4626.21,11700.0,9252.42,2447.58
ORD07616,2024-12-20,C0088,USB-C Hub,Accessories,Black River,West,1,1800,0.05,996.36,1710.0,996.36,713.64
ORD07617,2024-11-15,C0365,Standing Desk,Furniture,Pamplemousses,North,4,15000,0.05,11162.32,57000.0,44649.28,12350.72
ORD07618,2025-06-25,C0323,Wireless Headphones,Accessories,Pamplemousses,North,1,6500,0.0,4903.13,6500.0,4903.13,1596.87
ORD07619,2024-04-11,C0055,Printer,Office,Port Louis,North,1,9500,0.0,5978.49,9500.0,5978.49,3521.51
ORD07620,2024-09-10,C0377,Wireless Headphones,Accessories,Quatre Bornes,West,1,6500,0.0,5030.01,6500.0,5030.01,1469.99
ORD07621,2024-05-24,C0278,Gaming Mouse,Accessories,Pamplemousses,North,3,2200,0.0,1458.66,6600.0,4375.98,2224.02
ORD07622,2024-01-08,C0253,Office Lamp,Office,Flacq,East,3,1800,0.1,1033.62,4860.0,3100.86,1759.14
ORD07623,2024-01-04,C0085,Tablet Air,Electronics,Port Louis,North,3,18000,0.05,11243.6,51300.0,33730.8,17569.2
ORD07624,2024-10-21,C0101,Smartphone X,Electronics,Black River,West,2,28000,0.1,19235.47,50400.0,38470.94,11929.06
ORD07625,2025-12-31,C0426,USB-C Hub,Accessories,Pamplemousses,North,1,1800,0.1,1322.5,1620.0,1322.5,297.5
ORD07626,2025-04-03,C0099,Gaming Mouse,Accessories,Black River,West,1,2200,0.0,1386.09,2200.0,1386.09,813.91
ORD07627,2024-12-05,C0387,Office Lamp,Office,Pamplemousses,North,2,1800,0.0,1155.54,3600.0,2311.08,1288.92
ORD07628,2024-12-31,C0162,Wireless Headphones,Accessories,Black River,West,1,6500,0.05,4320.57,6175.0,4320.57,1854.43
ORD07629,2024-11-11,C0266,Printer,Office,Curepipe,South,3,9500,0.0,6265.86,28500.0,18797.58,9702.42
ORD07630,2025-09-07,C0301,Mechanical Keyboard,Accessories,Flacq,East,1,4200,0.0,2946.44,4200.0,2946.44,1253.56
ORD07631,2024-03-17,C0395,Gaming Mouse,Accessories,Black River,West,1,2200,0.0,1655.71,2200.0,1655.71,544.29
ORD07632,2025-08-17,C0433,Laptop Pro 14,Electronics,Black River,West,1,45000,0.0,28489.12,45000.0,28489.12,16510.88
ORD07633,2024-12-05,C0335,Laptop Pro 14,Electronics,Black River,West,1,45000,0.0,24828.22,45000.0,24828.22,20171.78
ORD07634,2024-11-03,C0492,Standing Desk,Furniture,Flacq,East,1,15000,0.05,11595.46,14250.0,11595.46,2654.54
ORD07635,2025-12-07,C0113,Standing Desk,Furniture,Centre de Flacq,East,1,15000,0.05,9641.57,14250.0,9641.57,4608.43
ORD07636,2024-07-14,C0466,Office Chair,Furniture,Flacq,East,1,8500,0.0,5535.88,8500.0,5535.88,2964.12
ORD07637,2025-05-12,C0383,Office Lamp,Office,Pamplemousses,North,2,1800,0.0,1260.35,3600.0,2520.7,1079.3
ORD07638,2025-11-26,C0475,Smartphone X,Electronics,Flacq,East,2,28000,0.0,17056.83,56000.0,34113.66,21886.34
ORD07639,2024-07-01,C0369,Mechanical Keyboard,Accessories,Port Louis,North,1,4200,0.05,2534.45,3990.0,2534.45,1455.55
ORD07640,2024-04-09,C0127,Standing Desk,Furniture,Mahebourg,South,1,15000,0.0,11546.05,15000.0,11546.05,3453.95
ORD07641,2024-11-16,C0419,Monitor 27,Electronics,Black River,West,1,12000,0.05,8519.91,11400.0,8519.91,2880.09
ORD07642,2025-05-29,C0295,Monitor 27,Electronics,Port Louis,North,4,12000,0.05,7542.24,45600.0,30168.96,15431.04
ORD07643,2025-01-14,C0486,Printer,Office,Flacq,East,1,9500,0.05,7314.47,9025.0,7314.47,1710.53
ORD07644,2024-04-20,C0232,Smartphone X,Electronics,Mahebourg,South,2,28000,0.0,18593.61,56000.0,37187.22,18812.78
ORD07645,2024-05-04,C0266,Wireless Headphones,Accessories,Curepipe,South,1,6500,0.0,4957.33,6500.0,4957.33,1542.67
ORD07646,2025-02-21,C0468,Wireless Headphones,Accessories,Pamplemousses,North,1,6500,0.05,4152.8,6175.0,4152.8,2022.2
ORD07647,2024-01-23,C0423,Mechanical Keyboard,Accessories,Centre de Flacq,East,3,4200,0.0,2375.72,12600.0,7127.16,5472.84
ORD07648,2024-12-25,C0065,Office Lamp,Office,Curepipe,South,1,1800,0.0,1233.52,1800.0,1233.52,566.48
ORD07649,2025-06-13,C0028,Smartphone X,Electronics,Curepipe,South,1,28000,0.0,17556.75,28000.0,17556.75,10443.25
ORD07650,2025-05-04,C0078,Gaming Mouse,Accessories,Mahebourg,South,1,2200,0.1,1482.79,1980.0,1482.79,497.21
ORD07651,2025-02-14,C0435,Mechanical Keyboard,Accessories,Black River,West,2,4200,0.0,2684.57,8400.0,5369.14,3030.86
ORD07652,2025-04-17,C0172,USB-C Hub,Accessories,Quatre Bornes,West,1,1800,0.05,1351.81,1710.0,1351.81,358.19
ORD07653,2025-08-15,C0426,Wireless Headphones,Accessories,Flacq,East,2,6500,0.0,4935.0,13000.0,9870.0,3130.0
ORD07654,2024-07-05,C0340,USB-C Hub,Accessories,Port Louis,North,4,1800,0.05,1000.95,6840.0,4003.8,2836.2
ORD07655,2025-02-11,C0357,Office Lamp,Office,Port Louis,North,1,1800,0.0,1243.9,1800.0,1243.9,556.1
ORD07656,2024-10-31,C0128,Wireless Headphones,Accessories,Port Louis,North,1,6500,0.0,3965.6,6500.0,3965.6,2534.4
ORD07657,2024-05-22,C0344,Standing Desk,Furniture,Mahebourg,South,1,15000,0.0,11649.84,15000.0,11649.84,3350.16
ORD07658,2024-09-09,C0380,USB-C Hub,Accessories,Flacq,East,1,1800,0.0,1264.55,1800.0,1264.55,535.45
ORD07659,2025-05-19,C0077,Smartphone X,Electronics,Mahebourg,South,1,28000,0.1,16760.85,25200.0,16760.85,8439.15
ORD07660,2024-05-19,C0004,Smartphone X,Electronics,Port Louis,North,1,28000,0.1,17823.14,25200.0,17823.14,7376.86
ORD07661,2024-01-18,C0453,Tablet Air,Electronics,Curepipe,South,1,18000,0.0,12523.38,18000.0,12523.38,5476.62
ORD07662,2024-12-24,C0337,Tablet Air,Electronics,Port Louis,North,1,18000,0.0,10840.2,18000.0,10840.2,7159.8
ORD07663,2024-03-17,C0212,Mechanical Keyboard,Accessories,Pamplemousses,North,1,4200,0.0,3117.33,4200.0,3117.33,1082.67
ORD07664,2024-09-28,C0160,Laptop Pro 14,Electronics,Black River,West,1,45000,0.0,26059.14,45000.0,26059.14,18940.86
ORD07665,2024-11-18,C0371,USB-C Hub,Accessories,Mahebourg,South,1,1800,0.0,1220.13,1800.0,1220.13,579.87
ORD07666,2025-04-03,C0054,Monitor 27,Electronics,Quatre Bornes,West,1,12000,0.05,9098.19,11400.0,9098.19,2301.81
ORD07667,2025-01-22,C0256,Office Chair,Furniture,Pamplemousses,North,1,8500,0.0,6244.98,8500.0,6244.98,2255.02
ORD07668,2024-07-17,C0152,Printer,Office,Black River,West,2,9500,0.05,5664.94,18050.0,11329.88,6720.12
ORD07669,2024-03-20,C0359,Gaming Mouse,Accessories,Pamplemousses,North,1,2200,0.05,1605.67,2090.0,1605.67,484.33
ORD07670,2024-07-02,C0071,Wireless Headphones,Accessories,Flacq,East,3,6500,0.0,4305.11,19500.0,12915.33,6584.67
ORD07671,2025-05-18,C0407,Office Lamp,Office,Black River,West,1,1800,0.05,1180.55,1710.0,1180.55,529.45
ORD07672,2025-07-29,C0093,Printer,Office,Black River,West,1,9500,0.05,5291.34,9025.0,5291.34,3733.66
ORD07673,2024-10-10,C0317,Printer,Office,Port Louis,North,1,9500,0.0,6835.23,9500.0,6835.23,2664.77
ORD07674,2025-08-31,C0396,Laptop Pro 14,Electronics,Curepipe,South,4,45000,0.0,30515.53,180000.0,122062.12,57937.88
ORD07675,2025-05-20,C0265,Wireless Headphones,Accessories,Curepipe,South,1,6500,0.05,4400.14,6175.0,4400.14,1774.86
ORD07676,2024-10-15,C0205,Standing Desk,Furniture,Port Louis,North,2,15000,0.05,11086.75,28500.0,22173.5,6326.5
ORD07677,2025-11-23,C0407,Standing Desk,Furniture,Mahebourg,South,2,15000,0.0,11398.79,30000.0,22797.58,7202.42
ORD07678,2025-08-25,C0052,Tablet Air,Electronics,Mahebourg,South,1,18000,0.05,10626.59,17100.0,10626.59,6473.41
ORD07679,2024-01-17,C0081,Tablet Air,Electronics,Mahebourg,South,1,18000,0.0,12916.24,18000.0,12916.24,5083.76
ORD07680,2024-01-27,C0184,Tablet Air,Electronics,Pamplemousses,North,1,18000,0.0,11049.42,18000.0,11049.42,6950.58
ORD07681,2024-02-17,C0373,Laptop Pro 14,Electronics,Quatre Bornes,West,1,45000,0.05,29907.74,42750.0,29907.74,12842.26
ORD07682,2025-06-24,C0150,Gaming Mouse,Accessories,Curepipe,South,1,2200,0.1,1496.36,1980.0,1496.36,483.64
ORD07683,2025-10-17,C0172,Gaming Mouse,Accessories,Pamplemousses,North,2,2200,0.1,1441.03,3960.0,2882.06,1077.94
ORD07684,2024-05-03,C0142,Printer,Office,Mahebourg,South,2,9500,0.1,7207.28,17100.0,14414.56,2685.44
ORD07685,2025-11-07,C0024,Smartphone X,Electronics,Mahebourg,South,2,28000,0.1,19622.91,50400.0,39245.82,11154.18
ORD07686,2025-06-13,C0133,Mechanical Keyboard,Accessories,Port Louis,North,1,4200,0.0,2720.33,4200.0,2720.33,1479.67
ORD07687,2024-06-27,C0438,Laptop Pro 14,Electronics,Port Louis,North,1,45000,0.0,25945.63,45000.0,25945.63,19054.37
ORD07688,2024-08-26,C0364,Office Lamp,Office,Pamplemousses,North,1,1800,0.05,1239.05,1710.0,1239.05,470.95
ORD07689,2024-10-02,C0448,Gaming Mouse,Accessories,Pamplemousses,North,1,2200,0.0,1386.5,2200.0,1386.5,813.5
ORD07690,2025-06-29,C0047,Tablet Air,Electronics,Mahebourg,South,2,18000,0.15,13151.11,30600.0,26302.22,4297.78
ORD07691,2024-01-30,C0446,Office Chair,Furniture,Mahebourg,South,2,8500,0.0,6009.39,17000.0,12018.78,4981.22
ORD07692,2024-11-25,C0172,Wireless Headphones,Accessories,Quatre Bornes,West,3,6500,0.1,3767.71,17550.0,11303.13,6246.87
ORD07693,2024-10-31,C0431,Standing Desk,Furniture,Curepipe,South,1,15000,0.05,9892.18,14250.0,9892.18,4357.82
ORD07694,2024-07-07,C0171,Standing Desk,Furniture,Quatre Bornes,West,1,15000,0.0,10664.39,15000.0,10664.39,4335.61
ORD07695,2025-01-30,C0198,Office Lamp,Office,Port Louis,North,1,1800,0.0,1229.6,1800.0,1229.6,570.4
ORD07696,2024-05-26,C0082,Monitor 27,Electronics,Flacq,East,4,12000,0.0,6742.08,48000.0,26968.32,21031.68
ORD07697,2024-06-30,C0034,Printer,Office,Black River,West,1,9500,0.0,5992.53,9500.0,5992.53,3507.47
ORD07698,2024-02-12,C0159,Laptop Pro 14,Electronics,Flacq,East,3,45000,0.0,32120.57,135000.0,96361.71,38638.29
ORD07699,2024-05-17,C0398,Printer,Office,Mahebourg,South,1,9500,0.1,7243.53,8550.0,7243.53,1306.47
ORD07700,2024-02-26,C0208,Standing Desk,Furniture,Mahebourg,South,1,15000,0.0,9263.1,15000.0,9263.1,5736.9
ORD07701,2024-08-30,C0379,Standing Desk,Furniture,Curepipe,South,3,15000,0.0,10051.45,45000.0,30154.35,14845.65
ORD07702,2025-01-15,C0304,Office Lamp,Office,Quatre Bornes,West,1,1800,0.15,1037.15,1530.0,1037.15,492.85
ORD07703,2024-06-04,C0279,Printer,Office,Pamplemousses,North,3,9500,0.0,6027.34,28500.0,18082.02,10417.98
ORD07704,2025-12-20,C0091,Monitor 27,Electronics,Quatre Bornes,West,1,12000,0.0,8658.52,12000.0,8658.52,3341.48
ORD07705,2025-08-15,C0250,USB-C Hub,Accessories,Quatre Bornes,West,1,1800,0.0,1193.5,1800.0,1193.5,606.5
ORD07706,2024-09-23,C0347,Laptop Pro 14,Electronics,Black River,West,2,45000,0.05,26950.44,85500.0,53900.88,31599.12
ORD07707,2024-09-23,C0359,USB-C Hub,Accessories,Pamplemousses,North,1,1800,0.0,1289.25,1800.0,1289.25,510.75
ORD07708,2024-09-12,C0214,Laptop Pro 14,Electronics,Centre de Flacq,East,1,45000,0.1,27544.79,40500.0,27544.79,12955.21
ORD07709,2025-11-20,C0285,Mechanical Keyboard,Accessories,Flacq,East,1,4200,0.05,2922.41,3990.0,2922.41,1067.59
ORD07710,2024-06-04,C0439,Wireless Headphones,Accessories,Pamplemousses,North,1,6500,0.0,3644.27,6500.0,3644.27,2855.73
ORD07711,2025-02-19,C0034,Monitor 27,Electronics,Black River,West,1,12000,0.1,7995.79,10800.0,7995.79,2804.21
ORD07712,2024-04-23,C0018,Printer,Office,Quatre Bornes,West,1,9500,0.0,6087.57,9500.0,6087.57,3412.43
ORD07713,2025-07-29,C0321,Smartphone X,Electronics,Mahebourg,South,2,28000,0.0,16262.34,56000.0,32524.68,23475.32
ORD07714,2025-10-06,C0273,Standing Desk,Furniture,Pamplemousses,North,1,15000,0.0,9540.86,15000.0,9540.86,5459.14
ORD07715,2025-10-19,C0459,Office Lamp,Office,Pamplemousses,North,2,1800,0.0,1207.93,3600.0,2415.86,1184.14
ORD07716,2025-10-09,C0389,Tablet Air,Electronics,Pamplemousses,North,1,18000,0.05,11825.38,17100.0,11825.38,5274.62
ORD07717,2024-09-29,C0468,Laptop Pro 14,Electronics,Black River,West,1,45000,0.05,28875.57,42750.0,28875.57,13874.43
ORD07718,2024-12-30,C0238,Monitor 27,Electronics,Port Louis,North,1,12000,0.1,8579.64,10800.0,8579.64,2220.36
ORD07719,2024-06-18,C0317,Wireless Headphones,Accessories,Port Louis,North,1,6500,0.0,4543.84,6500.0,4543.84,1956.16
ORD07720,2025-10-06,C0043,Gaming Mouse,Accessories,Pamplemousses,North,1,2200,0.05,1404.65,2090.0,1404.65,685.35
ORD07721,2024-04-05,C0283,Office Chair,Furniture,Quatre Bornes,West,1,8500,0.05,5311.83,8075.0,5311.83,2763.17
ORD07722,2025-06-16,C0198,USB-C Hub,Accessories,Curepipe,South,3,1800,0.0,1399.6,5400.0,4198.8,1201.2
ORD07723,2024-12-20,C0492,Wireless Headphones,Accessories,Centre de Flacq,East,1,6500,0.05,3644.06,6175.0,3644.06,2530.94
ORD07724,2025-10-18,C0453,Wireless Headphones,Accessories,Pamplemousses,North,1,6500,0.0,4510.49,6500.0,4510.49,1989.51
ORD07725,2025-06-05,C0342,Printer,Office,Port Louis,North,1,9500,0.0,7208.79,9500.0,7208.79,2291.21
ORD07726,2024-05-19,C0427,Laptop Pro 14,Electronics,Quatre Bornes,West,3,45000,0.05,29454.15,128250.0,88362.45,39887.55
ORD07727,2025-07-06,C0101,Printer,Office,Centre de Flacq,East,4,9500,0.0,5785.61,38000.0,23142.44,14857.56
ORD07728,2024-08-02,C0370,Standing Desk,Furniture,Centre de Flacq,East,1,15000,0.0,9331.56,15000.0,9331.56,5668.44
ORD07729,2025-06-01,C0112,Monitor 27,Electronics,Port Louis,North,1,12000,0.0,7717.8,12000.0,7717.8,4282.2
ORD07730,2024-10-17,C0271,Tablet Air,Electronics,Flacq,East,1,18000,0.05,9913.32,17100.0,9913.32,7186.68
ORD07731,2025-12-26,C0496,Wireless Headphones,Accessories,Flacq,East,2,6500,0.0,4301.24,13000.0,8602.48,4397.52
ORD07732,2024-02-09,C0123,Gaming Mouse,Accessories,Mahebourg,South,1,2200,0.0,1233.29,2200.0,1233.29,966.71
ORD07733,2025-04-03,C0433,Wireless Headphones,Accessories,Mahebourg,South,1,6500,0.0,4741.25,6500.0,4741.25,1758.75
ORD07734,2025-08-01,C0273,Office Lamp,Office,Pamplemousses,North,1,1800,0.0,1094.54,1800.0,1094.54,705.46
ORD07735,2024-06-22,C0357,Wireless Headphones,Accessories,Centre de Flacq,East,1,6500,0.1,4877.5,5850.0,4877.5,972.5
ORD07736,2025-02-26,C0278,Monitor 27,Electronics,Mahebourg,South,1,12000,0.0,7457.46,12000.0,7457.46,4542.54
ORD07737,2025-05-08,C0445,Standing Desk,Furniture,Quatre Bornes,West,1,15000,0.0,10490.8,15000.0,10490.8,4509.2
ORD07738,2024-04-30,C0312,Monitor 27,Electronics,Flacq,East,1,12000,0.05,8157.19,11400.0,8157.19,3242.81
ORD07739,2024-11-02,C0173,Standing Desk,Furniture,Flacq,East,2,15000,0.1,8726.95,27000.0,17453.9,9546.1
ORD07740,2025-03-07,C0328,Office Lamp,Office,Curepipe,South,2,1800,0.0,1318.28,3600.0,2636.56,963.44
ORD07741,2024-02-17,C0265,Smartphone X,Electronics,Centre de Flacq,East,1,28000,0.0,21542.17,28000.0,21542.17,6457.83
ORD07742,2025-10-24,C0210,Office Lamp,Office,Port Louis,North,1,1800,0.05,1170.52,1710.0,1170.52,539.48
ORD07743,2024-12-28,C0124,Office Lamp,Office,Port Louis,North,1,1800,0.1,1054.54,1620.0,1054.54,565.46
ORD07744,2025-08-29,C0270,Laptop Pro 14,Electronics,Centre de Flacq,East,1,45000,0.1,32058.25,40500.0,32058.25,8441.75
ORD07745,2024-09-30,C0251,Monitor 27,Electronics,Flacq,East,2,12000,0.1,8564.34,21600.0,17128.68,4471.32
ORD07746,2025-03-16,C0281,Gaming Mouse,Accessories,Quatre Bornes,West,1,2200,0.0,1676.05,2200.0,1676.05,523.95
ORD07747,2025-10-31,C0187,Gaming Mouse,Accessories,Centre de Flacq,East,2,2200,0.0,1620.18,4400.0,3240.36,1159.64
ORD07748,2024-09-16,C0035,Printer,Office,Flacq,East,1,9500,0.0,6267.23,9500.0,6267.23,3232.77
ORD07749,2024-04-28,C0216,Office Chair,Furniture,Quatre Bornes,West,3,8500,0.05,5387.49,24225.0,16162.47,8062.53
ORD07750,2024-05-19,C0405,Tablet Air,Electronics,Mahebourg,South,2,18000,0.0,10694.28,36000.0,21388.56,14611.44
ORD07751,2024-10-27,C0409,Office Lamp,Office,Curepipe,South,1,1800,0.0,1031.64,1800.0,1031.64,768.36
ORD07752,2025-04-08,C0108,Tablet Air,Electronics,Quatre Bornes,West,1,18000,0.1,10542.21,16200.0,10542.21,5657.79
ORD07753,2025-09-22,C0044,USB-C Hub,Accessories,Quatre Bornes,West,2,1800,0.0,1017.96,3600.0,2035.92,1564.08
ORD07754,2025-12-24,C0278,Smartphone X,Electronics,Pamplemousses,North,2,28000,0.1,21275.67,50400.0,42551.34,7848.66
ORD07755,2025-04-04,C0209,USB-C Hub,Accessories,Flacq,East,1,1800,0.0,1101.79,1800.0,1101.79,698.21
ORD07756,2025-02-10,C0402,Printer,Office,Mahebourg,South,1,9500,0.0,5256.76,9500.0,5256.76,4243.24
ORD07757,2025-05-24,C0030,Wireless Headphones,Accessories,Pamplemousses,North,3,6500,0.1,3594.99,17550.0,10784.97,6765.03
ORD07758,2025-04-03,C0015,Mechanical Keyboard,Accessories,Quatre Bornes,West,1,4200,0.0,2953.97,4200.0,2953.97,1246.03
ORD07759,2024-10-26,C0454,Smartphone X,Electronics,Port Louis,North,1,28000,0.1,20369.02,25200.0,20369.02,4830.98
ORD07760,2024-06-19,C0085,Smartphone X,Electronics,Mahebourg,South,2,28000,0.0,19341.73,56000.0,38683.46,17316.54
ORD07761,2025-12-13,C0335,Gaming Mouse,Accessories,Pamplemousses,North,1,2200,0.15,1362.05,1870.0,1362.05,507.95
ORD07762,2024-08-18,C0098,Gaming Mouse,Accessories,Quatre Bornes,West,1,2200,0.0,1447.01,2200.0,1447.01,752.99
ORD07763,2024-11-17,C0303,Standing Desk,Furniture,Centre de Flacq,East,2,15000,0.0,8876.74,30000.0,17753.48,12246.52
ORD07764,2024-06-14,C0199,Tablet Air,Electronics,Black River,West,2,18000,0.1,12526.31,32400.0,25052.62,7347.38
ORD07765,2025-09-18,C0470,Mechanical Keyboard,Accessories,Port Louis,North,1,4200,0.1,2975.23,3780.0,2975.23,804.77
ORD07766,2025-07-23,C0400,Mechanical Keyboard,Accessories,Pamplemousses,North,1,4200,0.0,2903.17,4200.0,2903.17,1296.83
ORD07767,2024-03-30,C0487,Mechanical Keyboard,Accessories,Port Louis,North,1,4200,0.1,2703.18,3780.0,2703.18,1076.82
ORD07768,2024-08-06,C0225,Smartphone X,Electronics,Flacq,East,1,28000,0.05,19697.24,26600.0,19697.24,6902.76
ORD07769,2024-05-05,C0356,USB-C Hub,Accessories,Pamplemousses,North,2,1800,0.0,1276.98,3600.0,2553.96,1046.04
ORD07770,2025-10-02,C0288,USB-C Hub,Accessories,Pamplemousses,North,2,1800,0.0,1301.14,3600.0,2602.28,997.72
ORD07771,2024-01-16,C0393,Standing Desk,Furniture,Black River,West,2,15000,0.0,9169.3,30000.0,18338.6,11661.4
ORD07772,2025-05-31,C0425,Printer,Office,Quatre Bornes,West,2,9500,0.0,6900.88,19000.0,13801.76,5198.24
ORD07773,2024-01-10,C0437,Tablet Air,Electronics,Port Louis,North,1,18000,0.0,13536.52,18000.0,13536.52,4463.48
ORD07774,2025-06-30,C0076,Laptop Pro 14,Electronics,Mahebourg,South,4,45000,0.05,27235.71,171000.0,108942.84,62057.16
ORD07775,2025-03-07,C0065,Monitor 27,Electronics,Pamplemousses,North,1,12000,0.0,7395.26,12000.0,7395.26,4604.74
ORD07776,2024-09-11,C0253,Wireless Headphones,Accessories,Mahebourg,South,2,6500,0.0,3623.38,13000.0,7246.76,5753.24
ORD07777,2024-06-04,C0035,Smartphone X,Electronics,Centre de Flacq,East,2,28000,0.1,19849.77,50400.0,39699.54,10700.46
ORD07778,2024-11-15,C0443,Gaming Mouse,Accessories,Centre de Flacq,East,1,2200,0.0,1547.9,2200.0,1547.9,652.1
ORD07779,2024-04-08,C0358,Smartphone X,Electronics,Pamplemousses,North,1,28000,0.0,18007.04,28000.0,18007.04,9992.96
ORD07780,2025-06-27,C0215,USB-C Hub,Accessories,Centre de Flacq,East,1,1800,0.05,1031.78,1710.0,1031.78,678.22
ORD07781,2024-11-04,C0454,Wireless Headphones,Accessories,Mahebourg,South,1,6500,0.05,4129.33,6175.0,4129.33,2045.67
ORD07782,2024-07-26,C0326,Printer,Office,Quatre Bornes,West,1,9500,0.0,5878.72,9500.0,5878.72,3621.28
ORD07783,2025-10-02,C0004,Office Lamp,Office,Curepipe,South,1,1800,0.0,1095.36,1800.0,1095.36,704.64
ORD07784,2024-07-16,C0067,Office Chair,Furniture,Black River,West,1,8500,0.1,6406.81,7650.0,6406.81,1243.19
ORD07785,2025-03-11,C0495,Office Chair,Furniture,Port Louis,North,2,8500,0.0,5612.61,17000.0,11225.22,5774.78
ORD07786,2024-02-05,C0416,Gaming Mouse,Accessories,Mahebourg,South,1,2200,0.0,1479.01,2200.0,1479.01,720.99
ORD07787,2025-02-11,C0466,Wireless Headphones,Accessories,Flacq,East,2,6500,0.05,3743.59,12350.0,7487.18,4862.82
ORD07788,2025-05-25,C0398,Smartphone X,Electronics,Flacq,East,2,28000,0.0,15628.21,56000.0,31256.42,24743.58
ORD07789,2025-08-12,C0475,USB-C Hub,Accessories,Centre de Flacq,East,1,1800,0.05,1197.0,1710.0,1197.0,513.0
ORD07790,2024-03-15,C0434,Monitor 27,Electronics,Curepipe,South,2,12000,0.0,8500.45,24000.0,17000.9,6999.1
ORD07791,2024-09-15,C0095,Mechanical Keyboard,Accessories,Mahebourg,South,2,4200,0.0,2955.99,8400.0,5911.98,2488.02
ORD07792,2024-11-10,C0352,Standing Desk,Furniture,Black River,West,1,15000,0.0,9656.74,15000.0,9656.74,5343.26
ORD07793,2024-12-18,C0118,Printer,Office,Flacq,East,1,9500,0.0,5236.72,9500.0,5236.72,4263.28
ORD07794,2024-10-16,C0118,Office Lamp,Office,Quatre Bornes,West,1,1800,0.0,1057.89,1800.0,1057.89,742.11
ORD07795,2024-04-02,C0345,Wireless Headphones,Accessories,Pamplemousses,North,1,6500,0.0,4687.09,6500.0,4687.09,1812.91
ORD07796,2024-06-03,C0173,Monitor 27,Electronics,Pamplemousses,North,1,12000,0.0,8576.48,12000.0,8576.48,3423.52
ORD07797,2025-09-21,C0299,Tablet Air,Electronics,Centre de Flacq,East,1,18000,0.0,12246.8,18000.0,12246.8,5753.2
ORD07798,2024-12-17,C0149,Smartphone X,Electronics,Curepipe,South,2,28000,0.1,21346.31,50400.0,42692.62,7707.38
ORD07799,2025-08-09,C0167,Office Chair,Furniture,Pamplemousses,North,1,8500,0.0,5903.16,8500.0,5903.16,2596.84
ORD07800,2025-01-10,C0273,Laptop Pro 14,Electronics,Flacq,East,4,45000,0.0,25744.36,180000.0,102977.44,77022.56
ORD07801,2024-07-09,C0367,Monitor 27,Electronics,Black River,West,1,12000,0.0,6717.99,12000.0,6717.99,5282.01
ORD07802,2024-05-14,C0170,Tablet Air,Electronics,Mahebourg,South,1,18000,0.0,11990.1,18000.0,11990.1,6009.9
ORD07803,2025-08-05,C0147,Smartphone X,Electronics,Curepipe,South,1,28000,0.1,18290.08,25200.0,18290.08,6909.92
ORD07804,2024-10-24,C0382,Monitor 27,Electronics,Flacq,East,1,12000,0.0,7271.08,12000.0,7271.08,4728.92
ORD07805,2024-04-07,C0469,Mechanical Keyboard,Accessories,Black River,West,1,4200,0.0,2837.98,4200.0,2837.98,1362.02
ORD07806,2024-12-31,C0068,Tablet Air,Electronics,Mahebourg,South,1,18000,0.0,13904.97,18000.0,13904.97,4095.03
ORD07807,2024-05-28,C0212,USB-C Hub,Accessories,Black River,West,2,1800,0.0,1076.69,3600.0,2153.38,1446.62
ORD07808,2025-06-20,C0162,Monitor 27,Electronics,Pamplemousses,North,1,12000,0.0,6682.51,12000.0,6682.51,5317.49
ORD07809,2024-06-20,C0411,Tablet Air,Electronics,Port Louis,North,1,18000,0.05,12992.07,17100.0,12992.07,4107.93
ORD07810,2025-02-24,C0072,Wireless Headphones,Accessories,Mahebourg,South,4,6500,0.05,4633.4,24700.0,18533.6,6166.4
ORD07811,2024-03-17,C0497,Tablet Air,Electronics,Quatre Bornes,West,1,18000,0.05,12004.73,17100.0,12004.73,5095.27
ORD07812,2025-05-03,C0292,Printer,Office,Curepipe,South,1,9500,0.0,6248.26,9500.0,6248.26,3251.74
ORD07813,2024-12-07,C0160,Gaming Mouse,Accessories,Centre de Flacq,East,1,2200,0.0,1385.43,2200.0,1385.43,814.57
ORD07814,2025-04-26,C0339,Gaming Mouse,Accessories,Black River,West,1,2200,0.0,1506.95,2200.0,1506.95,693.05
ORD07815,2025-05-28,C0315,Office Chair,Furniture,Port Louis,North,2,8500,0.0,5656.15,17000.0,11312.3,5687.7
ORD07816,2025-08-15,C0434,Standing Desk,Furniture,Black River,West,1,15000,0.1,8747.49,13500.0,8747.49,4752.51
ORD07817,2024-07-07,C0231,Tablet Air,Electronics,Centre de Flacq,East,2,18000,0.1,10460.42,32400.0,20920.84,11479.16
ORD07818,2025-10-29,C0498,Tablet Air,Electronics,Port Louis,North,1,18000,0.05,12602.19,17100.0,12602.19,4497.81
ORD07819,2025-05-02,C0327,Monitor 27,Electronics,Black River,West,1,12000,0.1,7143.71,10800.0,7143.71,3656.29
ORD07820,2025-12-26,C0021,Laptop Pro 14,Electronics,Pamplemousses,North,2,45000,0.0,28925.42,90000.0,57850.84,32149.16
ORD07821,2025-11-05,C0481,Office Chair,Furniture,Black River,West,2,8500,0.0,4883.92,17000.0,9767.84,7232.16
ORD07822,2025-12-01,C0462,Smartphone X,Electronics,Quatre Bornes,West,1,28000,0.05,18418.89,26600.0,18418.89,8181.11
ORD07823,2024-05-21,C0270,Printer,Office,Centre de Flacq,East,1,9500,0.05,5752.08,9025.0,5752.08,3272.92
ORD07824,2025-02-15,C0024,Standing Desk,Furniture,Flacq,East,2,15000,0.1,10102.34,27000.0,20204.68,6795.32
ORD07825,2024-08-05,C0315,Laptop Pro 14,Electronics,Port Louis,North,1,45000,0.1,30343.21,40500.0,30343.21,10156.79
ORD07826,2024-11-10,C0379,Wireless Headphones,Accessories,Quatre Bornes,West,1,6500,0.0,4483.21,6500.0,4483.21,2016.79
ORD07827,2025-04-05,C0294,Wireless Headphones,Accessories,Flacq,East,1,6500,0.0,4107.66,6500.0,4107.66,2392.34
ORD07828,2024-09-02,C0089,USB-C Hub,Accessories,Flacq,East,1,1800,0.05,1122.64,1710.0,1122.64,587.36
ORD07829,2025-10-27,C0205,Smartphone X,Electronics,Pamplemousses,North,2,28000,0.0,21701.21,56000.0,43402.42,12597.58
ORD07830,2024-06-05,C0296,Tablet Air,Electronics,Flacq,East,1,18000,0.1,11092.99,16200.0,11092.99,5107.01
ORD07831,2024-10-16,C0452,Printer,Office,Curepipe,South,1,9500,0.1,6296.59,8550.0,6296.59,2253.41
ORD07832,2024-08-03,C0386,Office Lamp,Office,Curepipe,South,1,1800,0.1,1044.28,1620.0,1044.28,575.72
ORD07833,2025-04-25,C0199,Office Chair,Furniture,Black River,West,1,8500,0.0,5514.15,8500.0,5514.15,2985.85
ORD07834,2025-05-27,C0400,Mechanical Keyboard,Accessories,Mahebourg,South,2,4200,0.0,3167.38,8400.0,6334.76,2065.24
ORD07835,2025-01-27,C0313,Smartphone X,Electronics,Quatre Bornes,West,1,28000,0.0,20975.42,28000.0,20975.42,7024.58
ORD07836,2024-03-04,C0366,Smartphone X,Electronics,Pamplemousses,North,1,28000,0.05,16028.86,26600.0,16028.86,10571.14
ORD07837,2024-12-20,C0360,Mechanical Keyboard,Accessories,Quatre Bornes,West,3,4200,0.0,3220.83,12600.0,9662.49,2937.51
ORD07838,2025-03-30,C0135,Mechanical Keyboard,Accessories,Quatre Bornes,West,1,4200,0.05,2533.12,3990.0,2533.12,1456.88
ORD07839,2024-06-27,C0148,Office Chair,Furniture,Port Louis,North,1,8500,0.0,5064.23,8500.0,5064.23,3435.77
ORD07840,2025-06-17,C0097,Tablet Air,Electronics,Pamplemousses,North,3,18000,0.0,11777.27,54000.0,35331.81,18668.19
ORD07841,2025-09-12,C0132,Office Chair,Furniture,Quatre Bornes,West,2,8500,0.05,5332.6,16150.0,10665.2,5484.8
ORD07842,2025-08-27,C0068,Tablet Air,Electronics,Quatre Bornes,West,1,18000,0.0,10842.08,18000.0,10842.08,7157.92
ORD07843,2024-07-08,C0211,Tablet Air,Electronics,Port Louis,North,2,18000,0.0,12689.38,36000.0,25378.76,10621.24
ORD07844,2024-06-23,C0313,Office Chair,Furniture,Flacq,East,1,8500,0.0,6404.66,8500.0,6404.66,2095.34
ORD07845,2024-12-15,C0141,Printer,Office,Pamplemousses,North,1,9500,0.05,6293.68,9025.0,6293.68,2731.32
ORD07846,2024-04-06,C0355,Smartphone X,Electronics,Pamplemousses,North,1,28000,0.05,19841.41,26600.0,19841.41,6758.59
ORD07847,2025-01-02,C0350,Tablet Air,Electronics,Centre de Flacq,East,1,18000,0.05,11517.52,17100.0,11517.52,5582.48
ORD07848,2024-10-19,C0338,Standing Desk,Furniture,Port Louis,North,1,15000,0.0,8332.99,15000.0,8332.99,6667.01
ORD07849,2024-12-24,C0348,Wireless Headphones,Accessories,Pamplemousses,North,1,6500,0.0,4562.54,6500.0,4562.54,1937.46
ORD07850,2025-08-21,C0329,Wireless Headphones,Accessories,Centre de Flacq,East,2,6500,0.05,3679.2,12350.0,7358.4,4991.6
ORD07851,2025-07-25,C0479,Monitor 27,Electronics,Pamplemousses,North,1,12000,0.0,8920.7,12000.0,8920.7,3079.3
ORD07852,2025-01-28,C0156,Tablet Air,Electronics,Mahebourg,South,2,18000,0.1,11514.03,32400.0,23028.06,9371.94
ORD07853,2025-11-23,C0199,Wireless Headphones,Accessories,Mahebourg,South,2,6500,0.0,4246.94,13000.0,8493.88,4506.12
ORD07854,2024-03-23,C0197,Laptop Pro 14,Electronics,Pamplemousses,North,1,45000,0.0,34445.33,45000.0,34445.33,10554.67
ORD07855,2025-04-29,C0033,Smartphone X,Electronics,Curepipe,South,1,28000,0.0,19020.85,28000.0,19020.85,8979.15
ORD07856,2025-06-06,C0495,Wireless Headphones,Accessories,Pamplemousses,North,1,6500,0.0,4073.12,6500.0,4073.12,2426.88
ORD07857,2024-10-06,C0480,USB-C Hub,Accessories,Flacq,East,2,1800,0.05,1361.79,3420.0,2723.58,696.42
ORD07858,2025-11-20,C0087,Monitor 27,Electronics,Pamplemousses,North,1,12000,0.0,8662.24,12000.0,8662.24,3337.76
ORD07859,2024-07-05,C0019,Office Lamp,Office,Pamplemousses,North,1,1800,0.1,1165.47,1620.0,1165.47,454.53
ORD07860,2025-01-02,C0403,Laptop Pro 14,Electronics,Curepipe,South,2,45000,0.0,34344.71,90000.0,68689.42,21310.58
ORD07861,2024-02-12,C0473,Tablet Air,Electronics,Pamplemousses,North,2,18000,0.0,13445.2,36000.0,26890.4,9109.6
ORD07862,2024-01-30,C0270,Office Lamp,Office,Mahebourg,South,1,1800,0.0,1366.68,1800.0,1366.68,433.32
ORD07863,2024-08-01,C0448,Mechanical Keyboard,Accessories,Centre de Flacq,East,1,4200,0.1,2927.05,3780.0,2927.05,852.95
ORD07864,2024-06-29,C0477,Smartphone X,Electronics,Pamplemousses,North,2,28000,0.0,19135.17,56000.0,38270.34,17729.66
ORD07865,2025-12-24,C0454,Office Chair,Furniture,Flacq,East,1,8500,0.15,4816.53,7225.0,4816.53,2408.47
ORD07866,2025-06-30,C0294,Standing Desk,Furniture,Flacq,East,1,15000,0.15,8526.35,12750.0,8526.35,4223.65
ORD07867,2024-02-28,C0361,Laptop Pro 14,Electronics,Quatre Bornes,West,2,45000,0.05,27841.61,85500.0,55683.22,29816.78
ORD07868,2024-10-18,C0373,Gaming Mouse,Accessories,Pamplemousses,North,1,2200,0.0,1318.12,2200.0,1318.12,881.88
ORD07869,2024-10-16,C0467,Mechanical Keyboard,Accessories,Curepipe,South,1,4200,0.0,2960.98,4200.0,2960.98,1239.02
ORD07870,2024-05-05,C0335,Office Lamp,Office,Quatre Bornes,West,1,1800,0.0,1132.82,1800.0,1132.82,667.18
ORD07871,2025-09-04,C0126,Standing Desk,Furniture,Mahebourg,South,1,15000,0.1,9012.63,13500.0,9012.63,4487.37
ORD07872,2024-09-24,C0087,Monitor 27,Electronics,Pamplemousses,North,1,12000,0.05,7448.76,11400.0,7448.76,3951.24
ORD07873,2024-12-21,C0481,Office Chair,Furniture,Mahebourg,South,1,8500,0.0,4782.9,8500.0,4782.9,3717.1
ORD07874,2025-11-01,C0013,Smartphone X,Electronics,Pamplemousses,North,1,28000,0.0,18103.25,28000.0,18103.25,9896.75
ORD07875,2025-10-20,C0112,Gaming Mouse,Accessories,Port Louis,North,1,2200,0.0,1504.25,2200.0,1504.25,695.75
ORD07876,2025-01-16,C0324,Monitor 27,Electronics,Mahebourg,South,2,12000,0.1,9307.64,21600.0,18615.28,2984.72
ORD07877,2024-06-16,C0060,Office Lamp,Office,Black River,West,1,1800,0.15,1369.84,1530.0,1369.84,160.16
ORD07878,2025-11-30,C0282,Office Lamp,Office,Mahebourg,South,1,1800,0.0,1007.66,1800.0,1007.66,792.34
ORD07879,2024-04-18,C0162,Wireless Headphones,Accessories,Pamplemousses,North,1,6500,0.0,5028.22,6500.0,5028.22,1471.78
ORD07880,2025-11-01,C0434,Monitor 27,Electronics,Black River,West,1,12000,0.05,7683.88,11400.0,7683.88,3716.12
ORD07881,2025-09-26,C0336,USB-C Hub,Accessories,Mahebourg,South,1,1800,0.0,1163.02,1800.0,1163.02,636.98
ORD07882,2024-10-31,C0206,Gaming Mouse,Accessories,Flacq,East,1,2200,0.0,1589.79,2200.0,1589.79,610.21
ORD07883,2025-12-04,C0427,Standing Desk,Furniture,Curepipe,South,1,15000,0.15,10509.54,12750.0,10509.54,2240.46
ORD07884,2025-07-10,C0148,Office Lamp,Office,Quatre Bornes,West,2,1800,0.0,1212.22,3600.0,2424.44,1175.56
ORD07885,2025-12-02,C0150,Gaming Mouse,Accessories,Black River,West,1,2200,0.1,1527.68,1980.0,1527.68,452.32
ORD07886,2024-10-11,C0184,Printer,Office,Flacq,East,1,9500,0.0,5768.77,9500.0,5768.77,3731.23
ORD07887,2025-10-08,C0087,Mechanical Keyboard,Accessories,Pamplemousses,North,1,4200,0.0,2514.85,4200.0,2514.85,1685.15
ORD07888,2024-07-27,C0041,Gaming Mouse,Accessories,Centre de Flacq,East,1,2200,0.05,1460.03,2090.0,1460.03,629.97
ORD07889,2025-11-21,C0420,Laptop Pro 14,Electronics,Mahebourg,South,1,45000,0.0,29126.04,45000.0,29126.04,15873.96
ORD07890,2025-06-05,C0457,Gaming Mouse,Accessories,Port Louis,North,1,2200,0.05,1497.07,2090.0,1497.07,592.93
ORD07891,2025-06-25,C0138,Standing Desk,Furniture,Black River,West,1,15000,0.0,9495.63,15000.0,9495.63,5504.37
ORD07892,2024-05-24,C0093,Laptop Pro 14,Electronics,Mahebourg,South,3,45000,0.0,25315.28,135000.0,75945.84,59054.16
ORD07893,2024-09-23,C0104,USB-C Hub,Accessories,Quatre Bornes,West,1,1800,0.0,1114.38,1800.0,1114.38,685.62
ORD07894,2025-10-17,C0453,Smartphone X,Electronics,Pamplemousses,North,2,28000,0.0,21821.92,56000.0,43643.84,12356.16
ORD07895,2024-05-28,C0458,Office Chair,Furniture,Flacq,East,1,8500,0.0,5353.38,8500.0,5353.38,3146.62
ORD07896,2024-04-22,C0415,Standing Desk,Furniture,Quatre Bornes,West,3,15000,0.0,8406.46,45000.0,25219.38,19780.62
ORD07897,2025-11-28,C0355,Printer,Office,Quatre Bornes,West,2,9500,0.0,7408.69,19000.0,14817.38,4182.62
ORD07898,2024-01-31,C0334,Wireless Headphones,Accessories,Flacq,East,1,6500,0.05,4768.92,6175.0,4768.92,1406.08
ORD07899,2024-12-06,C0010,Smartphone X,Electronics,Mahebourg,South,1,28000,0.0,16207.75,28000.0,16207.75,11792.25
ORD07900,2025-02-19,C0300,Laptop Pro 14,Electronics,Pamplemousses,North,1,45000,0.0,26415.37,45000.0,26415.37,18584.63
ORD07901,2024-08-09,C0465,Smartphone X,Electronics,Curepipe,South,2,28000,0.0,15462.1,56000.0,30924.2,25075.8
ORD07902,2024-04-27,C0039,Office Lamp,Office,Quatre Bornes,West,1,1800,0.0,998.42,1800.0,998.42,801.58
ORD07903,2024-11-12,C0384,Wireless Headphones,Accessories,Centre de Flacq,East,1,6500,0.05,3657.44,6175.0,3657.44,2517.56
ORD07904,2025-09-14,C0338,Tablet Air,Electronics,Centre de Flacq,East,1,18000,0.05,12793.76,17100.0,12793.76,4306.24
ORD07905,2025-01-22,C0057,Tablet Air,Electronics,Pamplemousses,North,1,18000,0.0,13420.9,18000.0,13420.9,4579.1
ORD07906,2025-01-11,C0102,Office Lamp,Office,Mahebourg,South,2,1800,0.05,1180.53,3420.0,2361.06,1058.94
ORD07907,2025-01-17,C0002,Laptop Pro 14,Electronics,Quatre Bornes,West,2,45000,0.0,30589.27,90000.0,61178.54,28821.46
ORD07908,2024-12-04,C0267,Standing Desk,Furniture,Port Louis,North,4,15000,0.0,10899.2,60000.0,43596.8,16403.2
ORD07909,2025-09-09,C0158,Smartphone X,Electronics,Curepipe,South,3,28000,0.05,21706.54,79800.0,65119.62,14680.38
ORD07910,2024-06-22,C0406,Wireless Headphones,Accessories,Centre de Flacq,East,1,6500,0.1,4534.59,5850.0,4534.59,1315.41
ORD07911,2025-01-04,C0148,Laptop Pro 14,Electronics,Port Louis,North,2,45000,0.1,32364.14,81000.0,64728.28,16271.72
ORD07912,2024-08-15,C0461,Tablet Air,Electronics,Quatre Bornes,West,1,18000,0.0,12633.34,18000.0,12633.34,5366.66
ORD07913,2024-05-30,C0427,Laptop Pro 14,Electronics,Black River,West,2,45000,0.05,24774.67,85500.0,49549.34,35950.66
ORD07914,2025-03-27,C0236,Office Lamp,Office,Quatre Bornes,West,1,1800,0.0,1091.98,1800.0,1091.98,708.02
ORD07915,2025-11-29,C0332,Wireless Headphones,Accessories,Quatre Bornes,West,1,6500,0.0,4551.75,6500.0,4551.75,1948.25
ORD07916,2025-11-14,C0324,Printer,Office,Black River,West,3,9500,0.0,6735.43,28500.0,20206.29,8293.71
ORD07917,2025-06-21,C0126,Standing Desk,Furniture,Flacq,East,1,15000,0.0,10593.63,15000.0,10593.63,4406.37
ORD07918,2025-06-20,C0265,Mechanical Keyboard,Accessories,Port Louis,North,1,4200,0.0,3059.24,4200.0,3059.24,1140.76
ORD07919,2024-02-23,C0411,Tablet Air,Electronics,Mahebourg,South,2,18000,0.0,12586.28,36000.0,25172.56,10827.44
ORD07920,2025-03-28,C0011,Laptop Pro 14,Electronics,Flacq,East,2,45000,0.1,32713.81,81000.0,65427.62,15572.38
ORD07921,2025-06-14,C0086,USB-C Hub,Accessories,Port Louis,North,1,1800,0.05,1272.54,1710.0,1272.54,437.46
ORD07922,2024-11-28,C0019,Office Chair,Furniture,Curepipe,South,1,8500,0.05,4963.82,8075.0,4963.82,3111.18
ORD07923,2025-08-06,C0113,Laptop Pro 14,Electronics,Pamplemousses,North,2,45000,0.0,25420.6,90000.0,50841.2,39158.8
ORD07924,2024-10-09,C0334,Monitor 27,Electronics,Black River,West,1,12000,0.0,8390.27,12000.0,8390.27,3609.73
ORD07925,2025-04-28,C0225,Standing Desk,Furniture,Quatre Bornes,West,1,15000,0.05,8293.33,14250.0,8293.33,5956.67
ORD07926,2024-06-30,C0138,Monitor 27,Electronics,Port Louis,North,4,12000,0.05,6805.96,45600.0,27223.84,18376.16
ORD07927,2025-04-13,C0248,Wireless Headphones,Accessories,Curepipe,South,2,6500,0.0,4730.77,13000.0,9461.54,3538.46
ORD07928,2024-04-14,C0007,Gaming Mouse,Accessories,Mahebourg,South,1,2200,0.0,1704.94,2200.0,1704.94,495.06
ORD07929,2024-01-01,C0387,Smartphone X,Electronics,Black River,West,1,28000,0.05,16511.88,26600.0,16511.88,10088.12
ORD07930,2024-09-28,C0275,Monitor 27,Electronics,Flacq,East,1,12000,0.1,7634.52,10800.0,7634.52,3165.48
ORD07931,2025-10-21,C0171,Printer,Office,Centre de Flacq,East,1,9500,0.0,7055.69,9500.0,7055.69,2444.31
ORD07932,2025-03-16,C0148,USB-C Hub,Accessories,Quatre Bornes,West,1,1800,0.0,1356.13,1800.0,1356.13,443.87
ORD07933,2025-04-15,C0245,Monitor 27,Electronics,Centre de Flacq,East,1,12000,0.05,8595.55,11400.0,8595.55,2804.45
ORD07934,2025-08-23,C0034,Laptop Pro 14,Electronics,Flacq,East,3,45000,0.05,25661.09,128250.0,76983.27,51266.73
ORD07935,2025-09-24,C0026,Office Chair,Furniture,Flacq,East,1,8500,0.0,5789.83,8500.0,5789.83,2710.17
ORD07936,2025-01-02,C0434,Standing Desk,Furniture,Flacq,East,1,15000,0.0,9067.97,15000.0,9067.97,5932.03
ORD07937,2024-07-18,C0164,Tablet Air,Electronics,Curepipe,South,2,18000,0.0,10164.26,36000.0,20328.52,15671.48
ORD07938,2025-10-16,C0117,Mechanical Keyboard,Accessories,Pamplemousses,North,2,4200,0.0,3093.33,8400.0,6186.66,2213.34
ORD07939,2024-08-27,C0499,Gaming Mouse,Accessories,Quatre Bornes,West,2,2200,0.0,1512.58,4400.0,3025.16,1374.84
ORD07940,2025-04-10,C0396,Wireless Headphones,Accessories,Mahebourg,South,4,6500,0.05,4698.57,24700.0,18794.28,5905.72
ORD07941,2024-03-19,C0086,Printer,Office,Flacq,East,1,9500,0.1,5468.53,8550.0,5468.53,3081.47
ORD07942,2024-06-14,C0095,Gaming Mouse,Accessories,Curepipe,South,2,2200,0.1,1498.24,3960.0,2996.48,963.52
ORD07943,2025-05-03,C0243,Laptop Pro 14,Electronics,Quatre Bornes,West,2,45000,0.15,30315.55,76500.0,60631.1,15868.9
ORD07944,2025-10-15,C0473,Wireless Headphones,Accessories,Quatre Bornes,West,1,6500,0.0,5058.09,6500.0,5058.09,1441.91
ORD07945,2025-04-11,C0148,Tablet Air,Electronics,Quatre Bornes,West,1,18000,0.0,13989.33,18000.0,13989.33,4010.67
ORD07946,2024-07-04,C0092,Printer,Office,Port Louis,North,2,9500,0.0,6065.72,19000.0,12131.44,6868.56
ORD07947,2024-06-20,C0386,Mechanical Keyboard,Accessories,Flacq,East,1,4200,0.05,2428.17,3990.0,2428.17,1561.83
ORD07948,2024-10-10,C0439,Laptop Pro 14,Electronics,Pamplemousses,North,1,45000,0.0,26468.94,45000.0,26468.94,18531.06
ORD07949,2024-11-03,C0276,Mechanical Keyboard,Accessories,Black River,West,2,4200,0.0,3098.44,8400.0,6196.88,2203.12
ORD07950,2024-02-03,C0380,Gaming Mouse,Accessories,Flacq,East,1,2200,0.0,1257.19,2200.0,1257.19,942.81
ORD07951,2024-02-19,C0242,Smartphone X,Electronics,Curepipe,South,1,28000,0.0,18287.42,28000.0,18287.42,9712.58
ORD07952,2025-08-31,C0155,Wireless Headphones,Accessories,Black River,West,1,6500,0.1,4428.89,5850.0,4428.89,1421.11
ORD07953,2025-06-25,C0230,Gaming Mouse,Accessories,Mahebourg,South,2,2200,0.0,1326.83,4400.0,2653.66,1746.34
ORD07954,2024-06-07,C0285,Printer,Office,Mahebourg,South,1,9500,0.1,5773.48,8550.0,5773.48,2776.52
ORD07955,2024-05-03,C0318,Office Lamp,Office,Black River,West,1,1800,0.0,1166.22,1800.0,1166.22,633.78
ORD07956,2025-12-25,C0434,Laptop Pro 14,Electronics,Mahebourg,South,2,45000,0.0,31503.76,90000.0,63007.52,26992.48
ORD07957,2024-10-08,C0402,Tablet Air,Electronics,Curepipe,South,1,18000,0.05,13304.27,17100.0,13304.27,3795.73
ORD07958,2024-12-03,C0104,Wireless Headphones,Accessories,Centre de Flacq,East,1,6500,0.05,4466.74,6175.0,4466.74,1708.26
ORD07959,2024-06-28,C0324,Standing Desk,Furniture,Port Louis,North,1,15000,0.1,8761.96,13500.0,8761.96,4738.04
ORD07960,2024-09-20,C0112,Gaming Mouse,Accessories,Curepipe,South,1,2200,0.1,1492.11,1980.0,1492.11,487.89
ORD07961,2024-12-18,C0241,Monitor 27,Electronics,Black River,West,1,12000,0.05,8661.16,11400.0,8661.16,2738.84
ORD07962,2024-11-05,C0159,Monitor 27,Electronics,Pamplemousses,North,2,12000,0.0,7486.15,24000.0,14972.3,9027.7
ORD07963,2024-08-24,C0122,Smartphone X,Electronics,Flacq,East,1,28000,0.05,17401.06,26600.0,17401.06,9198.94
ORD07964,2024-12-12,C0188,Gaming Mouse,Accessories,Port Louis,North,2,2200,0.05,1653.27,4180.0,3306.54,873.46
ORD07965,2024-01-03,C0166,Gaming Mouse,Accessories,Centre de Flacq,East,2,2200,0.05,1364.07,4180.0,2728.14,1451.86
ORD07966,2025-11-06,C0275,Smartphone X,Electronics,Quatre Bornes,West,1,28000,0.05,19403.03,26600.0,19403.03,7196.97
ORD07967,2025-08-30,C0030,Office Chair,Furniture,Curepipe,South,3,8500,0.05,4990.69,24225.0,14972.07,9252.93
ORD07968,2025-04-25,C0261,Tablet Air,Electronics,Pamplemousses,North,1,18000,0.1,10949.65,16200.0,10949.65,5250.35
ORD07969,2025-05-28,C0134,Office Lamp,Office,Flacq,East,1,1800,0.0,1356.72,1800.0,1356.72,443.28
ORD07970,2024-08-10,C0276,Monitor 27,Electronics,Pamplemousses,North,1,12000,0.05,8702.91,11400.0,8702.91,2697.09
ORD07971,2024-10-15,C0161,Office Chair,Furniture,Pamplemousses,North,1,8500,0.0,5222.21,8500.0,5222.21,3277.79
ORD07972,2024-11-01,C0450,Wireless Headphones,Accessories,Pamplemousses,North,1,6500,0.0,4866.89,6500.0,4866.89,1633.11
ORD07973,2025-12-01,C0025,Office Lamp,Office,Centre de Flacq,East,1,1800,0.1,1254.92,1620.0,1254.92,365.08
ORD07974,2025-04-20,C0369,Smartphone X,Electronics,Port Louis,North,3,28000,0.05,19852.56,79800.0,59557.68,20242.32
ORD07975,2025-01-13,C0448,Office Chair,Furniture,Black River,West,1,8500,0.0,6558.78,8500.0,6558.78,1941.22
ORD07976,2025-08-23,C0386,Wireless Headphones,Accessories,Centre de Flacq,East,1,6500,0.0,4759.14,6500.0,4759.14,1740.86
ORD07977,2025-02-08,C0309,Printer,Office,Curepipe,South,2,9500,0.0,6550.55,19000.0,13101.1,5898.9
ORD07978,2024-09-10,C0202,Office Lamp,Office,Quatre Bornes,West,1,1800,0.0,1299.57,1800.0,1299.57,500.43
ORD07979,2025-11-27,C0379,Printer,Office,Black River,West,1,9500,0.0,7069.71,9500.0,7069.71,2430.29
ORD07980,2025-10-23,C0437,Office Lamp,Office,Quatre Bornes,West,1,1800,0.0,994.58,1800.0,994.58,805.42
ORD07981,2025-06-26,C0344,Printer,Office,Flacq,East,1,9500,0.1,5917.36,8550.0,5917.36,2632.64
ORD07982,2024-02-07,C0193,Wireless Headphones,Accessories,Mahebourg,South,2,6500,0.0,4355.09,13000.0,8710.18,4289.82
ORD07983,2024-03-21,C0339,Laptop Pro 14,Electronics,Pamplemousses,North,4,45000,0.0,30303.87,180000.0,121215.48,58784.52
ORD07984,2024-01-28,C0082,Office Lamp,Office,Mahebourg,South,1,1800,0.0,1077.74,1800.0,1077.74,722.26
ORD07985,2024-11-13,C0339,Tablet Air,Electronics,Mahebourg,South,1,18000,0.0,13769.48,18000.0,13769.48,4230.52
ORD07986,2025-03-29,C0293,Gaming Mouse,Accessories,Port Louis,North,1,2200,0.1,1229.6,1980.0,1229.6,750.4
ORD07987,2024-07-25,C0057,Tablet Air,Electronics,Pamplemousses,North,1,18000,0.0,11365.81,18000.0,11365.81,6634.19
ORD07988,2024-06-04,C0249,Office Lamp,Office,Flacq,East,2,1800,0.05,1047.62,3420.0,2095.24,1324.76
ORD07989,2024-02-06,C0021,Smartphone X,Electronics,Flacq,East,1,28000,0.15,15583.97,23800.0,15583.97,8216.03
ORD07990,2024-02-21,C0138,Office Chair,Furniture,Pamplemousses,North,2,8500,0.0,5114.45,17000.0,10228.9,6771.1
ORD07991,2025-12-02,C0178,Office Lamp,Office,Flacq,East,1,1800,0.0,1102.54,1800.0,1102.54,697.46
ORD07992,2025-05-01,C0015,USB-C Hub,Accessories,Port Louis,North,2,1800,0.05,1020.99,3420.0,2041.98,1378.02
ORD07993,2024-05-28,C0416,Mechanical Keyboard,Accessories,Quatre Bornes,West,1,4200,0.0,2673.08,4200.0,2673.08,1526.92
ORD07994,2024-08-07,C0279,Monitor 27,Electronics,Black River,West,1,12000,0.0,9041.62,12000.0,9041.62,2958.38
ORD07995,2024-11-27,C0296,Office Chair,Furniture,Port Louis,North,2,8500,0.0,5656.91,17000.0,11313.82,5686.18
ORD07996,2025-09-02,C0497,Gaming Mouse,Accessories,Pamplemousses,North,1,2200,0.0,1359.63,2200.0,1359.63,840.37
ORD07997,2024-12-29,C0351,Mechanical Keyboard,Accessories,Port Louis,North,1,4200,0.0,2843.15,4200.0,2843.15,1356.85
ORD07998,2025-07-26,C0113,Laptop Pro 14,Electronics,Pamplemousses,North,1,45000,0.0,33505.54,45000.0,33505.54,11494.46
ORD07999,2024-09-05,C0430,Wireless Headphones,Accessories,Centre de Flacq,East,1,6500,0.0,3946.49,6500.0,3946.49,2553.51
ORD08000,2024-05-24,C0129,Laptop Pro 14,Electronics,Curepipe,South,1,45000,0.05,30398.55,42750.0,30398.55,12351.45
